$MeshFormat
2.2 0 8
$EndMeshFormat
$PhysicalNames
1
3 1 "domain"
$EndPhysicalNames
$Nodes
4913
1 0 0 0.5
2 0 0 0
3 0 0.5 0.5
4 0 0.5 0
5 0.5 0 0.5
6 0.5 0 0
7 0.5 0.5 0.5
8 0.5 0.5 0
9 0 0 0.03125
10 0 0 0.0625
11 0 0 0.09375
12 0 0 0.125
13 0 0 0.15625
14 0 0 0.1875
15 0 0 0.21875
16 0 0 0.25
17 0 0 0.28125
18 0 0 0.3125
19 0 0 0.34375
20 0 0 0.375
21 0 0 0.40625
22 0 0 0.4375
23 0 0 0.46875
24 0 0.03125 0.5
25 0 0.0625 0.5
26 0 0.09375 0.5
27 0 0.125 0.5
28 0 0.15625 0.5
29 0 0.1875 0.5
30 0 0.21875 0.5
31 0 0.25 0.5
32 0 0.28125 0.5
33 0 0.3125 0.5
34 0 0.34375 0.5
35 0 0.375 0.5
36 0 0.40625 0.5
37 0 0.4375 0.5
38 0 0.46875 0.5
39 0 0.5 0.03125
40 0 0.5 0.0625
41 0 0.5 0.09375
42 0 0.5 0.125
43 0 0.5 0.15625
44 0 0.5 0.1875
45 0 0.5 0.21875
46 0 0.5 0.25
47 0 0.5 0.28125
48 0 0.5 0.3125
49 0 0.5 0.34375
50 0 0.5 0.375
51 0 0.5 0.40625
52 0 0.5 0.4375
53 0 0.5 0.46875
54 0 0.03125 0
55 0 0.0625 0
56 0 0.09375 0
57 0 0.125 0
58 0 0.15625 0
59 0 0.1875 0
60 0 0.21875 0
61 0 0.25 0
62 0 0.28125 0
63 0 0.3125 0
64 0 0.34375 0
65 0 0.375 0
66 0 0.40625 0
67 0 0.4375 0
68 0 0.46875 0
69 0.5 0 0.03125
70 0.5 0 0.0625
71 0.5 0 0.09375
72 0.5 0 0.125
73 0.5 0 0.15625
74 0.5 0 0.1875
75 0.5 0 0.21875
76 0.5 0 0.25
77 0.5 0 0.28125
78 0.5 0 0.3125
79 0.5 0 0.34375
80 0.5 0 0.375
81 0.5 0 0.40625
82 0.5 0 0.4375
83 0.5 0 0.46875
84 0.5 0.03125 0.5
85 0.5 0.0625 0.5
86 0.5 0.09375 0.5
87 0.5 0.125 0.5
88 0.5 0.15625 0.5
89 0.5 0.1875 0.5
90 0.5 0.21875 0.5
91 0.5 0.25 0.5
92 0.5 0.28125 0.5
93 0.5 0.3125 0.5
94 0.5 0.34375 0.5
95 0.5 0.375 0.5
96 0.5 0.40625 0.5
97 0.5 0.4375 0.5
98 0.5 0.46875 0.5
99 0.5 0.5 0.03125
100 0.5 0.5 0.0625
101 0.5 0.5 0.09375
102 0.5 0.5 0.125
103 0.5 0.5 0.15625
104 0.5 0.5 0.1875
105 0.5 0.5 0.21875
106 0.5 0.5 0.25
107 0.5 0.5 0.28125
108 0.5 0.5 0.3125
109 0.5 0.5 0.34375
110 0.5 0.5 0.375
111 0.5 0.5 0.40625
112 0.5 0.5 0.4375
113 0.5 0.5 0.46875
114 0.5 0.03125 0
115 0.5 0.0625 0
116 0.5 0.09375 0
117 0.5 0.125 0
118 0.5 0.15625 0
119 0.5 0.1875 0
120 0.5 0.21875 0
121 0.5 0.25 0
122 0.5 0.28125 0
123 0.5 0.3125 0
124 0.5 0.34375 0
125 0.5 0.375 0
126 0.5 0.40625 0
127 0.5 0.4375 0
128 0.5 0.46875 0
129 0.03125 0 0
130 0.0625 0 0
131 0.09375 0 0
132 0.125 0 0
133 0.15625 0 0
134 0.1875 0 0
135 0.21875 0 0
136 0.25 0 0
137 0.28125 0 0
138 0.3125 0 0
139 0.34375 0 0
140 0.375 0 0
141 0.40625 0 0
142 0.4375 0 0
143 0.46875 0 0
144 0.03125 0 0.5
145 0.0625 0 0.5
146 0.09375 0 0.5
147 0.125 0 0.5
148 0.15625 0 0.5
149 0.1875 0 0.5
150 0.21875 0 0.5
151 0.25 0 0.5
152 0.28125 0 0.5
153 0.3125 0 0.5
154 0.34375 0 0.5
155 0.375 0 0.5
156 0.40625 0 0.5
157 0.4375 0 0.5
158 0.46875 0 0.5
159 0.03125 0.5 0
160 0.0625 0.5 0
161 0.09375 0.5 0
162 0.125 0.5 0
163 0.15625 0.5 0
164 0.1875 0.5 0
165 0.21875 0.5 0
166 0.25 0.5 0
167 0.28125 0.5 0
168 0.3125 0.5 0
169 0.34375 0.5 0
170 0.375 0.5 0
171 0.40625 0.5 0
172 0.4375 0.5 0
173 0.46875 0.5 0
174 0.03125 0.5 0.5
175 0.0625 0.5 0.5
176 0.09375 0.5 0.5
177 0.125 0.5 0.5
178 0.15625 0.5 0.5
179 0.1875 0.5 0.5
180 0.21875 0.5 0.5
181 0.25 0.5 0.5
182 0.28125 0.5 0.5
183 0.3125 0.5 0.5
184 0.34375 0.5 0.5
185 0.375 0.5 0.5
186 0.40625 0.5 0.5
187 0.4375 0.5 0.5
188 0.46875 0.5 0.5
189 0 0.03125 0.03125
190 0 0.0625 0.03125
191 0 0.09375 0.03125
192 0 0.125 0.03125
193 0 0.15625 0.03125
194 0 0.1875 0.03125
195 0 0.21875 0.03125
196 0 0.25 0.03125
197 0 0.28125 0.03125
198 0 0.3125 0.03125
199 0 0.34375 0.03125
200 0 0.375 0.03125
201 0 0.40625 0.03125
202 0 0.4375 0.03125
203 0 0.46875 0.03125
204 0 0.03125 0.0625
205 0 0.0625 0.0625
206 0 0.09375 0.0625
207 0 0.125 0.0625
208 0 0.15625 0.0625
209 0 0.1875 0.0625
210 0 0.21875 0.0625
211 0 0.25 0.0625
212 0 0.28125 0.0625
213 0 0.3125 0.0625
214 0 0.34375 0.0625
215 0 0.375 0.0625
216 0 0.40625 0.0625
217 0 0.4375 0.0625
218 0 0.46875 0.0625
219 0 0.03125 0.09375
220 0 0.0625 0.09375
221 0 0.09375 0.09375
222 0 0.125 0.09375
223 0 0.15625 0.09375
224 0 0.1875 0.09375
225 0 0.21875 0.09375
226 0 0.25 0.09375
227 0 0.28125 0.09375
228 0 0.3125 0.09375
229 0 0.34375 0.09375
230 0 0.375 0.09375
231 0 0.40625 0.09375
232 0 0.4375 0.09375
233 0 0.46875 0.09375
234 0 0.03125 0.125
235 0 0.0625 0.125
236 0 0.09375 0.125
237 0 0.125 0.125
238 0 0.15625 0.125
239 0 0.1875 0.125
240 0 0.21875 0.125
241 0 0.25 0.125
242 0 0.28125 0.125
243 0 0.3125 0.125
244 0 0.34375 0.125
245 0 0.375 0.125
246 0 0.40625 0.125
247 0 0.4375 0.125
248 0 0.46875 0.125
249 0 0.03125 0.15625
250 0 0.0625 0.15625
251 0 0.09375 0.15625
252 0 0.125 0.15625
253 0 0.15625 0.15625
254 0 0.1875 0.15625
255 0 0.21875 0.15625
256 0 0.25 0.15625
257 0 0.28125 0.15625
258 0 0.3125 0.15625
259 0 0.34375 0.15625
260 0 0.375 0.15625
261 0 0.40625 0.15625
262 0 0.4375 0.15625
263 0 0.46875 0.15625
264 0 0.03125 0.1875
265 0 0.0625 0.1875
266 0 0.09375 0.1875
267 0 0.125 0.1875
268 0 0.15625 0.1875
269 0 0.1875 0.1875
270 0 0.21875 0.1875
271 0 0.25 0.1875
272 0 0.28125 0.1875
273 0 0.3125 0.1875
274 0 0.34375 0.1875
275 0 0.375 0.1875
276 0 0.40625 0.1875
277 0 0.4375 0.1875
278 0 0.46875 0.1875
279 0 0.03125 0.21875
280 0 0.0625 0.21875
281 0 0.09375 0.21875
282 0 0.125 0.21875
283 0 0.15625 0.21875
284 0 0.1875 0.21875
285 0 0.21875 0.21875
286 0 0.25 0.21875
287 0 0.28125 0.21875
288 0 0.3125 0.21875
289 0 0.34375 0.21875
290 0 0.375 0.21875
291 0 0.40625 0.21875
292 0 0.4375 0.21875
293 0 0.46875 0.21875
294 0 0.03125 0.25
295 0 0.0625 0.25
296 0 0.09375 0.25
297 0 0.125 0.25
298 0 0.15625 0.25
299 0 0.1875 0.25
300 0 0.21875 0.25
301 0 0.25 0.25
302 0 0.28125 0.25
303 0 0.3125 0.25
304 0 0.34375 0.25
305 0 0.375 0.25
306 0 0.40625 0.25
307 0 0.4375 0.25
308 0 0.46875 0.25
309 0 0.03125 0.28125
310 0 0.0625 0.28125
311 0 0.09375 0.28125
312 0 0.125 0.28125
313 0 0.15625 0.28125
314 0 0.1875 0.28125
315 0 0.21875 0.28125
316 0 0.25 0.28125
317 0 0.28125 0.28125
318 0 0.3125 0.28125
319 0 0.34375 0.28125
320 0 0.375 0.28125
321 0 0.40625 0.28125
322 0 0.4375 0.28125
323 0 0.46875 0.28125
324 0 0.03125 0.3125
325 0 0.0625 0.3125
326 0 0.09375 0.3125
327 0 0.125 0.3125
328 0 0.15625 0.3125
329 0 0.1875 0.3125
330 0 0.21875 0.3125
331 0 0.25 0.3125
332 0 0.28125 0.3125
333 0 0.3125 0.3125
334 0 0.34375 0.3125
335 0 0.375 0.3125
336 0 0.40625 0.3125
337 0 0.4375 0.3125
338 0 0.46875 0.3125
339 0 0.03125 0.34375
340 0 0.0625 0.34375
341 0 0.09375 0.34375
342 0 0.125 0.34375
343 0 0.15625 0.34375
344 0 0.1875 0.34375
345 0 0.21875 0.34375
346 0 0.25 0.34375
347 0 0.28125 0.34375
348 0 0.3125 0.34375
349 0 0.34375 0.34375
350 0 0.375 0.34375
351 0 0.40625 0.34375
352 0 0.4375 0.34375
353 0 0.46875 0.34375
354 0 0.03125 0.375
355 0 0.0625 0.375
356 0 0.09375 0.375
357 0 0.125 0.375
358 0 0.15625 0.375
359 0 0.1875 0.375
360 0 0.21875 0.375
361 0 0.25 0.375
362 0 0.28125 0.375
363 0 0.3125 0.375
364 0 0.34375 0.375
365 0 0.375 0.375
366 0 0.40625 0.375
367 0 0.4375 0.375
368 0 0.46875 0.375
369 0 0.03125 0.40625
370 0 0.0625 0.40625
371 0 0.09375 0.40625
372 0 0.125 0.40625
373 0 0.15625 0.40625
374 0 0.1875 0.40625
375 0 0.21875 0.40625
376 0 0.25 0.40625
377 0 0.28125 0.40625
378 0 0.3125 0.40625
379 0 0.34375 0.40625
380 0 0.375 0.40625
381 0 0.40625 0.40625
382 0 0.4375 0.40625
383 0 0.46875 0.40625
384 0 0.03125 0.4375
385 0 0.0625 0.4375
386 0 0.09375 0.4375
387 0 0.125 0.4375
388 0 0.15625 0.4375
389 0 0.1875 0.4375
390 0 0.21875 0.4375
391 0 0.25 0.4375
392 0 0.28125 0.4375
393 0 0.3125 0.4375
394 0 0.34375 0.4375
395 0 0.375 0.4375
396 0 0.40625 0.4375
397 0 0.4375 0.4375
398 0 0.46875 0.4375
399 0 0.03125 0.46875
400 0 0.0625 0.46875
401 0 0.09375 0.46875
402 0 0.125 0.46875
403 0 0.15625 0.46875
404 0 0.1875 0.46875
405 0 0.21875 0.46875
406 0 0.25 0.46875
407 0 0.28125 0.46875
408 0 0.3125 0.46875
409 0 0.34375 0.46875
410 0 0.375 0.46875
411 0 0.40625 0.46875
412 0 0.4375 0.46875
413 0 0.46875 0.46875
414 0.5 0.03125 0.03125
415 0.5 0.0625 0.03125
416 0.5 0.09375 0.03125
417 0.5 0.125 0.03125
418 0.5 0.15625 0.03125
419 0.5 0.1875 0.03125
420 0.5 0.21875 0.03125
421 0.5 0.25 0.03125
422 0.5 0.28125 0.03125
423 0.5 0.3125 0.03125
424 0.5 0.34375 0.03125
425 0.5 0.375 0.03125
426 0.5 0.40625 0.03125
427 0.5 0.4375 0.03125
428 0.5 0.46875 0.03125
429 0.5 0.03125 0.0625
430 0.5 0.0625 0.0625
431 0.5 0.09375 0.0625
432 0.5 0.125 0.0625
433 0.5 0.15625 0.0625
434 0.5 0.1875 0.0625
435 0.5 0.21875 0.0625
436 0.5 0.25 0.0625
437 0.5 0.28125 0.0625
438 0.5 0.3125 0.0625
439 0.5 0.34375 0.0625
440 0.5 0.375 0.0625
441 0.5 0.40625 0.0625
442 0.5 0.4375 0.0625
443 0.5 0.46875 0.0625
444 0.5 0.03125 0.09375
445 0.5 0.0625 0.09375
446 0.5 0.09375 0.09375
447 0.5 0.125 0.09375
448 0.5 0.15625 0.09375
449 0.5 0.1875 0.09375
450 0.5 0.21875 0.09375
451 0.5 0.25 0.09375
452 0.5 0.28125 0.09375
453 0.5 0.3125 0.09375
454 0.5 0.34375 0.09375
455 0.5 0.375 0.09375
456 0.5 0.40625 0.09375
457 0.5 0.4375 0.09375
458 0.5 0.46875 0.09375
459 0.5 0.03125 0.125
460 0.5 0.0625 0.125
461 0.5 0.09375 0.125
462 0.5 0.125 0.125
463 0.5 0.15625 0.125
464 0.5 0.1875 0.125
465 0.5 0.21875 0.125
466 0.5 0.25 0.125
467 0.5 0.28125 0.125
468 0.5 0.3125 0.125
469 0.5 0.34375 0.125
470 0.5 0.375 0.125
471 0.5 0.40625 0.125
472 0.5 0.4375 0.125
473 0.5 0.46875 0.125
474 0.5 0.03125 0.15625
475 0.5 0.0625 0.15625
476 0.5 0.09375 0.15625
477 0.5 0.125 0.15625
478 0.5 0.15625 0.15625
479 0.5 0.1875 0.15625
480 0.5 0.21875 0.15625
481 0.5 0.25 0.15625
482 0.5 0.28125 0.15625
483 0.5 0.3125 0.15625
484 0.5 0.34375 0.15625
485 0.5 0.375 0.15625
486 0.5 0.40625 0.15625
487 0.5 0.4375 0.15625
488 0.5 0.46875 0.15625
489 0.5 0.03125 0.1875
490 0.5 0.0625 0.1875
491 0.5 0.09375 0.1875
492 0.5 0.125 0.1875
493 0.5 0.15625 0.1875
494 0.5 0.1875 0.1875
495 0.5 0.21875 0.1875
496 0.5 0.25 0.1875
497 0.5 0.28125 0.1875
498 0.5 0.3125 0.1875
499 0.5 0.34375 0.1875
500 0.5 0.375 0.1875
501 0.5 0.40625 0.1875
502 0.5 0.4375 0.1875
503 0.5 0.46875 0.1875
504 0.5 0.03125 0.21875
505 0.5 0.0625 0.21875
506 0.5 0.09375 0.21875
507 0.5 0.125 0.21875
508 0.5 0.15625 0.21875
509 0.5 0.1875 0.21875
510 0.5 0.21875 0.21875
511 0.5 0.25 0.21875
512 0.5 0.28125 0.21875
513 0.5 0.3125 0.21875
514 0.5 0.34375 0.21875
515 0.5 0.375 0.21875
516 0.5 0.40625 0.21875
517 0.5 0.4375 0.21875
518 0.5 0.46875 0.21875
519 0.5 0.03125 0.25
520 0.5 0.0625 0.25
521 0.5 0.09375 0.25
522 0.5 0.125 0.25
523 0.5 0.15625 0.25
524 0.5 0.1875 0.25
525 0.5 0.21875 0.25
526 0.5 0.25 0.25
527 0.5 0.28125 0.25
528 0.5 0.3125 0.25
529 0.5 0.34375 0.25
530 0.5 0.375 0.25
531 0.5 0.40625 0.25
532 0.5 0.4375 0.25
533 0.5 0.46875 0.25
534 0.5 0.03125 0.28125
535 0.5 0.0625 0.28125
536 0.5 0.09375 0.28125
537 0.5 0.125 0.28125
538 0.5 0.15625 0.28125
539 0.5 0.1875 0.28125
540 0.5 0.21875 0.28125
541 0.5 0.25 0.28125
542 0.5 0.28125 0.28125
543 0.5 0.3125 0.28125
544 0.5 0.34375 0.28125
545 0.5 0.375 0.28125
546 0.5 0.40625 0.28125
547 0.5 0.4375 0.28125
548 0.5 0.46875 0.28125
549 0.5 0.03125 0.3125
550 0.5 0.0625 0.3125
551 0.5 0.09375 0.3125
552 0.5 0.125 0.3125
553 0.5 0.15625 0.3125
554 0.5 0.1875 0.3125
555 0.5 0.21875 0.3125
556 0.5 0.25 0.3125
557 0.5 0.28125 0.3125
558 0.5 0.3125 0.3125
559 0.5 0.34375 0.3125
560 0.5 0.375 0.3125
561 0.5 0.40625 0.3125
562 0.5 0.4375 0.3125
563 0.5 0.46875 0.3125
564 0.5 0.03125 0.34375
565 0.5 0.0625 0.34375
566 0.5 0.09375 0.34375
567 0.5 0.125 0.34375
568 0.5 0.15625 0.34375
569 0.5 0.1875 0.34375
570 0.5 0.21875 0.34375
571 0.5 0.25 0.34375
572 0.5 0.28125 0.34375
573 0.5 0.3125 0.34375
574 0.5 0.34375 0.34375
575 0.5 0.375 0.34375
576 0.5 0.40625 0.34375
577 0.5 0.4375 0.34375
578 0.5 0.46875 0.34375
579 0.5 0.03125 0.375
580 0.5 0.0625 0.375
581 0.5 0.09375 0.375
582 0.5 0.125 0.375
583 0.5 0.15625 0.375
584 0.5 0.1875 0.375
585 0.5 0.21875 0.375
586 0.5 0.25 0.375
587 0.5 0.28125 0.375
588 0.5 0.3125 0.375
589 0.5 0.34375 0.375
590 0.5 0.375 0.375
591 0.5 0.40625 0.375
592 0.5 0.4375 0.375
593 0.5 0.46875 0.375
594 0.5 0.03125 0.40625
595 0.5 0.0625 0.40625
596 0.5 0.09375 0.40625
597 0.5 0.125 0.40625
598 0.5 0.15625 0.40625
599 0.5 0.1875 0.40625
600 0.5 0.21875 0.40625
601 0.5 0.25 0.40625
602 0.5 0.28125 0.40625
603 0.5 0.3125 0.40625
604 0.5 0.34375 0.40625
605 0.5 0.375 0.40625
606 0.5 0.40625 0.40625
607 0.5 0.4375 0.40625
608 0.5 0.46875 0.40625
609 0.5 0.03125 0.4375
610 0.5 0.0625 0.4375
611 0.5 0.09375 0.4375
612 0.5 0.125 0.4375
613 0.5 0.15625 0.4375
614 0.5 0.1875 0.4375
615 0.5 0.21875 0.4375
616 0.5 0.25 0.4375
617 0.5 0.28125 0.4375
618 0.5 0.3125 0.4375
619 0.5 0.34375 0.4375
620 0.5 0.375 0.4375
621 0.5 0.40625 0.4375
622 0.5 0.4375 0.4375
623 0.5 0.46875 0.4375
624 0.5 0.03125 0.46875
625 0.5 0.0625 0.46875
626 0.5 0.09375 0.46875
627 0.5 0.125 0.46875
628 0.5 0.15625 0.46875
629 0.5 0.1875 0.46875
630 0.5 0.21875 0.46875
631 0.5 0.25 0.46875
632 0.5 0.28125 0.46875
633 0.5 0.3125 0.46875
634 0.5 0.34375 0.46875
635 0.5 0.375 0.46875
636 0.5 0.40625 0.46875
637 0.5 0.4375 0.46875
638 0.5 0.46875 0.46875
639 0.03125 0 0.03125
640 0.03125 0 0.0625
641 0.03125 0 0.09375
642 0.03125 0 0.125
643 0.03125 0 0.15625
644 0.03125 0 0.1875
645 0.03125 0 0.21875
646 0.03125 0 0.25
647 0.03125 0 0.28125
648 0.03125 0 0.3125
649 0.03125 0 0.34375
650 0.03125 0 0.375
651 0.03125 0 0.40625
652 0.03125 0 0.4375
653 0.03125 0 0.46875
654 0.0625 0 0.03125
655 0.0625 0 0.0625
656 0.0625 0 0.09375
657 0.0625 0 0.125
658 0.0625 0 0.15625
659 0.0625 0 0.1875
660 0.0625 0 0.21875
661 0.0625 0 0.25
662 0.0625 0 0.28125
663 0.0625 0 0.3125
664 0.0625 0 0.34375
665 0.0625 0 0.375
666 0.0625 0 0.40625
667 0.0625 0 0.4375
668 0.0625 0 0.46875
669 0.09375 0 0.03125
670 0.09375 0 0.0625
671 0.09375 0 0.09375
672 0.09375 0 0.125
673 0.09375 0 0.15625
674 0.09375 0 0.1875
675 0.09375 0 0.21875
676 0.09375 0 0.25
677 0.09375 0 0.28125
678 0.09375 0 0.3125
679 0.09375 0 0.34375
680 0.09375 0 0.375
681 0.09375 0 0.40625
682 0.09375 0 0.4375
683 0.09375 0 0.46875
684 0.125 0 0.03125
685 0.125 0 0.0625
686 0.125 0 0.09375
687 0.125 0 0.125
688 0.125 0 0.15625
689 0.125 0 0.1875
690 0.125 0 0.21875
691 0.125 0 0.25
692 0.125 0 0.28125
693 0.125 0 0.3125
694 0.125 0 0.34375
695 0.125 0 0.375
696 0.125 0 0.40625
697 0.125 0 0.4375
698 0.125 0 0.46875
699 0.15625 0 0.03125
700 0.15625 0 0.0625
701 0.15625 0 0.09375
702 0.15625 0 0.125
703 0.15625 0 0.15625
704 0.15625 0 0.1875
705 0.15625 0 0.21875
706 0.15625 0 0.25
707 0.15625 0 0.28125
708 0.15625 0 0.3125
709 0.15625 0 0.34375
710 0.15625 0 0.375
711 0.15625 0 0.40625
712 0.15625 0 0.4375
713 0.15625 0 0.46875
714 0.1875 0 0.03125
715 0.1875 0 0.0625
716 0.1875 0 0.09375
717 0.1875 0 0.125
718 0.1875 0 0.15625
719 0.1875 0 0.1875
720 0.1875 0 0.21875
721 0.1875 0 0.25
722 0.1875 0 0.28125
723 0.1875 0 0.3125
724 0.1875 0 0.34375
725 0.1875 0 0.375
726 0.1875 0 0.40625
727 0.1875 0 0.4375
728 0.1875 0 0.46875
729 0.21875 0 0.03125
730 0.21875 0 0.0625
731 0.21875 0 0.09375
732 0.21875 0 0.125
733 0.21875 0 0.15625
734 0.21875 0 0.1875
735 0.21875 0 0.21875
736 0.21875 0 0.25
737 0.21875 0 0.28125
738 0.21875 0 0.3125
739 0.21875 0 0.34375
740 0.21875 0 0.375
741 0.21875 0 0.40625
742 0.21875 0 0.4375
743 0.21875 0 0.46875
744 0.25 0 0.03125
745 0.25 0 0.0625
746 0.25 0 0.09375
747 0.25 0 0.125
748 0.25 0 0.15625
749 0.25 0 0.1875
750 0.25 0 0.21875
751 0.25 0 0.25
752 0.25 0 0.28125
753 0.25 0 0.3125
754 0.25 0 0.34375
755 0.25 0 0.375
756 0.25 0 0.40625
757 0.25 0 0.4375
758 0.25 0 0.46875
759 0.28125 0 0.03125
760 0.28125 0 0.0625
761 0.28125 0 0.09375
762 0.28125 0 0.125
763 0.28125 0 0.15625
764 0.28125 0 0.1875
765 0.28125 0 0.21875
766 0.28125 0 0.25
767 0.28125 0 0.28125
768 0.28125 0 0.3125
769 0.28125 0 0.34375
770 0.28125 0 0.375
771 0.28125 0 0.40625
772 0.28125 0 0.4375
773 0.28125 0 0.46875
774 0.3125 0 0.03125
775 0.3125 0 0.0625
776 0.3125 0 0.09375
777 0.3125 0 0.125
778 0.3125 0 0.15625
779 0.3125 0 0.1875
780 0.3125 0 0.21875
781 0.3125 0 0.25
782 0.3125 0 0.28125
783 0.3125 0 0.3125
784 0.3125 0 0.34375
785 0.3125 0 0.375
786 0.3125 0 0.40625
787 0.3125 0 0.4375
788 0.3125 0 0.46875
789 0.34375 0 0.03125
790 0.34375 0 0.0625
791 0.34375 0 0.09375
792 0.34375 0 0.125
793 0.34375 0 0.15625
794 0.34375 0 0.1875
795 0.34375 0 0.21875
796 0.34375 0 0.25
797 0.34375 0 0.28125
798 0.34375 0 0.3125
799 0.34375 0 0.34375
800 0.34375 0 0.375
801 0.34375 0 0.40625
802 0.34375 0 0.4375
803 0.34375 0 0.46875
804 0.375 0 0.03125
805 0.375 0 0.0625
806 0.375 0 0.09375
807 0.375 0 0.125
808 0.375 0 0.15625
809 0.375 0 0.1875
810 0.375 0 0.21875
811 0.375 0 0.25
812 0.375 0 0.28125
813 0.375 0 0.3125
814 0.375 0 0.34375
815 0.375 0 0.375
816 0.375 0 0.40625
817 0.375 0 0.4375
818 0.375 0 0.46875
819 0.40625 0 0.03125
820 0.40625 0 0.0625
821 0.40625 0 0.09375
822 0.40625 0 0.125
823 0.40625 0 0.15625
824 0.40625 0 0.1875
825 0.40625 0 0.21875
826 0.40625 0 0.25
827 0.40625 0 0.28125
828 0.40625 0 0.3125
829 0.40625 0 0.34375
830 0.40625 0 0.375
831 0.40625 0 0.40625
832 0.40625 0 0.4375
833 0.40625 0 0.46875
834 0.4375 0 0.03125
835 0.4375 0 0.0625
836 0.4375 0 0.09375
837 0.4375 0 0.125
838 0.4375 0 0.15625
839 0.4375 0 0.1875
840 0.4375 0 0.21875
841 0.4375 0 0.25
842 0.4375 0 0.28125
843 0.4375 0 0.3125
844 0.4375 0 0.34375
845 0.4375 0 0.375
846 0.4375 0 0.40625
847 0.4375 0 0.4375
848 0.4375 0 0.46875
849 0.46875 0 0.03125
850 0.46875 0 0.0625
851 0.46875 0 0.09375
852 0.46875 0 0.125
853 0.46875 0 0.15625
854 0.46875 0 0.1875
855 0.46875 0 0.21875
856 0.46875 0 0.25
857 0.46875 0 0.28125
858 0.46875 0 0.3125
859 0.46875 0 0.34375
860 0.46875 0 0.375
861 0.46875 0 0.40625
862 0.46875 0 0.4375
863 0.46875 0 0.46875
864 0.03125 0.5 0.03125
865 0.03125 0.5 0.0625
866 0.03125 0.5 0.09375
867 0.03125 0.5 0.125
868 0.03125 0.5 0.15625
869 0.03125 0.5 0.1875
870 0.03125 0.5 0.21875
871 0.03125 0.5 0.25
872 0.03125 0.5 0.28125
873 0.03125 0.5 0.3125
874 0.03125 0.5 0.34375
875 0.03125 0.5 0.375
876 0.03125 0.5 0.40625
877 0.03125 0.5 0.4375
878 0.03125 0.5 0.46875
879 0.0625 0.5 0.03125
880 0.0625 0.5 0.0625
881 0.0625 0.5 0.09375
882 0.0625 0.5 0.125
883 0.0625 0.5 0.15625
884 0.0625 0.5 0.1875
885 0.0625 0.5 0.21875
886 0.0625 0.5 0.25
887 0.0625 0.5 0.28125
888 0.0625 0.5 0.3125
889 0.0625 0.5 0.34375
890 0.0625 0.5 0.375
891 0.0625 0.5 0.40625
892 0.0625 0.5 0.4375
893 0.0625 0.5 0.46875
894 0.09375 0.5 0.03125
895 0.09375 0.5 0.0625
896 0.09375 0.5 0.09375
897 0.09375 0.5 0.125
898 0.09375 0.5 0.15625
899 0.09375 0.5 0.1875
900 0.09375 0.5 0.21875
901 0.09375 0.5 0.25
902 0.09375 0.5 0.28125
903 0.09375 0.5 0.3125
904 0.09375 0.5 0.34375
905 0.09375 0.5 0.375
906 0.09375 0.5 0.40625
907 0.09375 0.5 0.4375
908 0.09375 0.5 0.46875
909 0.125 0.5 0.03125
910 0.125 0.5 0.0625
911 0.125 0.5 0.09375
912 0.125 0.5 0.125
913 0.125 0.5 0.15625
914 0.125 0.5 0.1875
915 0.125 0.5 0.21875
916 0.125 0.5 0.25
917 0.125 0.5 0.28125
918 0.125 0.5 0.3125
919 0.125 0.5 0.34375
920 0.125 0.5 0.375
921 0.125 0.5 0.40625
922 0.125 0.5 0.4375
923 0.125 0.5 0.46875
924 0.15625 0.5 0.03125
925 0.15625 0.5 0.0625
926 0.15625 0.5 0.09375
927 0.15625 0.5 0.125
928 0.15625 0.5 0.15625
929 0.15625 0.5 0.1875
930 0.15625 0.5 0.21875
931 0.15625 0.5 0.25
932 0.15625 0.5 0.28125
933 0.15625 0.5 0.3125
934 0.15625 0.5 0.34375
935 0.15625 0.5 0.375
936 0.15625 0.5 0.40625
937 0.15625 0.5 0.4375
938 0.15625 0.5 0.46875
939 0.1875 0.5 0.03125
940 0.1875 0.5 0.0625
941 0.1875 0.5 0.09375
942 0.1875 0.5 0.125
943 0.1875 0.5 0.15625
944 0.1875 0.5 0.1875
945 0.1875 0.5 0.21875
946 0.1875 0.5 0.25
947 0.1875 0.5 0.28125
948 0.1875 0.5 0.3125
949 0.1875 0.5 0.34375
950 0.1875 0.5 0.375
951 0.1875 0.5 0.40625
952 0.1875 0.5 0.4375
953 0.1875 0.5 0.46875
954 0.21875 0.5 0.03125
955 0.21875 0.5 0.0625
956 0.21875 0.5 0.09375
957 0.21875 0.5 0.125
958 0.21875 0.5 0.15625
959 0.21875 0.5 0.1875
960 0.21875 0.5 0.21875
961 0.21875 0.5 0.25
962 0.21875 0.5 0.28125
963 0.21875 0.5 0.3125
964 0.21875 0.5 0.34375
965 0.21875 0.5 0.375
966 0.21875 0.5 0.40625
967 0.21875 0.5 0.4375
968 0.21875 0.5 0.46875
969 0.25 0.5 0.03125
970 0.25 0.5 0.0625
971 0.25 0.5 0.09375
972 0.25 0.5 0.125
973 0.25 0.5 0.15625
974 0.25 0.5 0.1875
975 0.25 0.5 0.21875
976 0.25 0.5 0.25
977 0.25 0.5 0.28125
978 0.25 0.5 0.3125
979 0.25 0.5 0.34375
980 0.25 0.5 0.375
981 0.25 0.5 0.40625
982 0.25 0.5 0.4375
983 0.25 0.5 0.46875
984 0.28125 0.5 0.03125
985 0.28125 0.5 0.0625
986 0.28125 0.5 0.09375
987 0.28125 0.5 0.125
988 0.28125 0.5 0.15625
989 0.28125 0.5 0.1875
990 0.28125 0.5 0.21875
991 0.28125 0.5 0.25
992 0.28125 0.5 0.28125
993 0.28125 0.5 0.3125
994 0.28125 0.5 0.34375
995 0.28125 0.5 0.375
996 0.28125 0.5 0.40625
997 0.28125 0.5 0.4375
998 0.28125 0.5 0.46875
999 0.3125 0.5 0.03125
1000 0.3125 0.5 0.0625
1001 0.3125 0.5 0.09375
1002 0.3125 0.5 0.125
1003 0.3125 0.5 0.15625
1004 0.3125 0.5 0.1875
1005 0.3125 0.5 0.21875
1006 0.3125 0.5 0.25
1007 0.3125 0.5 0.28125
1008 0.3125 0.5 0.3125
1009 0.3125 0.5 0.34375
1010 0.3125 0.5 0.375
1011 0.3125 0.5 0.40625
1012 0.3125 0.5 0.4375
1013 0.3125 0.5 0.46875
1014 0.34375 0.5 0.03125
1015 0.34375 0.5 0.0625
1016 0.34375 0.5 0.09375
1017 0.34375 0.5 0.125
1018 0.34375 0.5 0.15625
1019 0.34375 0.5 0.1875
1020 0.34375 0.5 0.21875
1021 0.34375 0.5 0.25
1022 0.34375 0.5 0.28125
1023 0.34375 0.5 0.3125
1024 0.34375 0.5 0.34375
1025 0.34375 0.5 0.375
1026 0.34375 0.5 0.40625
1027 0.34375 0.5 0.4375
1028 0.34375 0.5 0.46875
1029 0.375 0.5 0.03125
1030 0.375 0.5 0.0625
1031 0.375 0.5 0.09375
1032 0.375 0.5 0.125
1033 0.375 0.5 0.15625
1034 0.375 0.5 0.1875
1035 0.375 0.5 0.21875
1036 0.375 0.5 0.25
1037 0.375 0.5 0.28125
1038 0.375 0.5 0.3125
1039 0.375 0.5 0.34375
1040 0.375 0.5 0.375
1041 0.375 0.5 0.40625
1042 0.375 0.5 0.4375
1043 0.375 0.5 0.46875
1044 0.40625 0.5 0.03125
1045 0.40625 0.5 0.0625
1046 0.40625 0.5 0.09375
1047 0.40625 0.5 0.125
1048 0.40625 0.5 0.15625
1049 0.40625 0.5 0.1875
1050 0.40625 0.5 0.21875
1051 0.40625 0.5 0.25
1052 0.40625 0.5 0.28125
1053 0.40625 0.5 0.3125
1054 0.40625 0.5 0.34375
1055 0.40625 0.5 0.375
1056 0.40625 0.5 0.40625
1057 0.40625 0.5 0.4375
1058 0.40625 0.5 0.46875
1059 0.4375 0.5 0.03125
1060 0.4375 0.5 0.0625
1061 0.4375 0.5 0.09375
1062 0.4375 0.5 0.125
1063 0.4375 0.5 0.15625
1064 0.4375 0.5 0.1875
1065 0.4375 0.5 0.21875
1066 0.4375 0.5 0.25
1067 0.4375 0.5 0.28125
1068 0.4375 0.5 0.3125
1069 0.4375 0.5 0.34375
1070 0.4375 0.5 0.375
1071 0.4375 0.5 0.40625
1072 0.4375 0.5 0.4375
1073 0.4375 0.5 0.46875
1074 0.46875 0.5 0.03125
1075 0.46875 0.5 0.0625
1076 0.46875 0.5 0.09375
1077 0.46875 0.5 0.125
1078 0.46875 0.5 0.15625
1079 0.46875 0.5 0.1875
1080 0.46875 0.5 0.21875
1081 0.46875 0.5 0.25
1082 0.46875 0.5 0.28125
1083 0.46875 0.5 0.3125
1084 0.46875 0.5 0.34375
1085 0.46875 0.5 0.375
1086 0.46875 0.5 0.40625
1087 0.46875 0.5 0.4375
1088 0.46875 0.5 0.46875
1089 0.03125 0.03125 0
1090 0.0625 0.03125 0
1091 0.09375 0.03125 0
1092 0.125 0.03125 0
1093 0.15625 0.03125 0
1094 0.1875 0.03125 0
1095 0.21875 0.03125 0
1096 0.25 0.03125 0
1097 0.28125 0.03125 0
1098 0.3125 0.03125 0
1099 0.34375 0.03125 0
1100 0.375 0.03125 0
1101 0.40625 0.03125 0
1102 0.4375 0.03125 0
1103 0.46875 0.03125 0
1104 0.03125 0.0625 0
1105 0.0625 0.0625 0
1106 0.09375 0.0625 0
1107 0.125 0.0625 0
1108 0.15625 0.0625 0
1109 0.1875 0.0625 0
1110 0.21875 0.0625 0
1111 0.25 0.0625 0
1112 0.28125 0.0625 0
1113 0.3125 0.0625 0
1114 0.34375 0.0625 0
1115 0.375 0.0625 0
1116 0.40625 0.0625 0
1117 0.4375 0.0625 0
1118 0.46875 0.0625 0
1119 0.03125 0.09375 0
1120 0.0625 0.09375 0
1121 0.09375 0.09375 0
1122 0.125 0.09375 0
1123 0.15625 0.09375 0
1124 0.1875 0.09375 0
1125 0.21875 0.09375 0
1126 0.25 0.09375 0
1127 0.28125 0.09375 0
1128 0.3125 0.09375 0
1129 0.34375 0.09375 0
1130 0.375 0.09375 0
1131 0.40625 0.09375 0
1132 0.4375 0.09375 0
1133 0.46875 0.09375 0
1134 0.03125 0.125 0
1135 0.0625 0.125 0
1136 0.09375 0.125 0
1137 0.125 0.125 0
1138 0.15625 0.125 0
1139 0.1875 0.125 0
1140 0.21875 0.125 0
1141 0.25 0.125 0
1142 0.28125 0.125 0
1143 0.3125 0.125 0
1144 0.34375 0.125 0
1145 0.375 0.125 0
1146 0.40625 0.125 0
1147 0.4375 0.125 0
1148 0.46875 0.125 0
1149 0.03125 0.15625 0
1150 0.0625 0.15625 0
1151 0.09375 0.15625 0
1152 0.125 0.15625 0
1153 0.15625 0.15625 0
1154 0.1875 0.15625 0
1155 0.21875 0.15625 0
1156 0.25 0.15625 0
1157 0.28125 0.15625 0
1158 0.3125 0.15625 0
1159 0.34375 0.15625 0
1160 0.375 0.15625 0
1161 0.40625 0.15625 0
1162 0.4375 0.15625 0
1163 0.46875 0.15625 0
1164 0.03125 0.1875 0
1165 0.0625 0.1875 0
1166 0.09375 0.1875 0
1167 0.125 0.1875 0
1168 0.15625 0.1875 0
1169 0.1875 0.1875 0
1170 0.21875 0.1875 0
1171 0.25 0.1875 0
1172 0.28125 0.1875 0
1173 0.3125 0.1875 0
1174 0.34375 0.1875 0
1175 0.375 0.1875 0
1176 0.40625 0.1875 0
1177 0.4375 0.1875 0
1178 0.46875 0.1875 0
1179 0.03125 0.21875 0
1180 0.0625 0.21875 0
1181 0.09375 0.21875 0
1182 0.125 0.21875 0
1183 0.15625 0.21875 0
1184 0.1875 0.21875 0
1185 0.21875 0.21875 0
1186 0.25 0.21875 0
1187 0.28125 0.21875 0
1188 0.3125 0.21875 0
1189 0.34375 0.21875 0
1190 0.375 0.21875 0
1191 0.40625 0.21875 0
1192 0.4375 0.21875 0
1193 0.46875 0.21875 0
1194 0.03125 0.25 0
1195 0.0625 0.25 0
1196 0.09375 0.25 0
1197 0.125 0.25 0
1198 0.15625 0.25 0
1199 0.1875 0.25 0
1200 0.21875 0.25 0
1201 0.25 0.25 0
1202 0.28125 0.25 0
1203 0.3125 0.25 0
1204 0.34375 0.25 0
1205 0.375 0.25 0
1206 0.40625 0.25 0
1207 0.4375 0.25 0
1208 0.46875 0.25 0
1209 0.03125 0.28125 0
1210 0.0625 0.28125 0
1211 0.09375 0.28125 0
1212 0.125 0.28125 0
1213 0.15625 0.28125 0
1214 0.1875 0.28125 0
1215 0.21875 0.28125 0
1216 0.25 0.28125 0
1217 0.28125 0.28125 0
1218 0.3125 0.28125 0
1219 0.34375 0.28125 0
1220 0.375 0.28125 0
1221 0.40625 0.28125 0
1222 0.4375 0.28125 0
1223 0.46875 0.28125 0
1224 0.03125 0.3125 0
1225 0.0625 0.3125 0
1226 0.09375 0.3125 0
1227 0.125 0.3125 0
1228 0.15625 0.3125 0
1229 0.1875 0.3125 0
1230 0.21875 0.3125 0
1231 0.25 0.3125 0
1232 0.28125 0.3125 0
1233 0.3125 0.3125 0
1234 0.34375 0.3125 0
1235 0.375 0.3125 0
1236 0.40625 0.3125 0
1237 0.4375 0.3125 0
1238 0.46875 0.3125 0
1239 0.03125 0.34375 0
1240 0.0625 0.34375 0
1241 0.09375 0.34375 0
1242 0.125 0.34375 0
1243 0.15625 0.34375 0
1244 0.1875 0.34375 0
1245 0.21875 0.34375 0
1246 0.25 0.34375 0
1247 0.28125 0.34375 0
1248 0.3125 0.34375 0
1249 0.34375 0.34375 0
1250 0.375 0.34375 0
1251 0.40625 0.34375 0
1252 0.4375 0.34375 0
1253 0.46875 0.34375 0
1254 0.03125 0.375 0
1255 0.0625 0.375 0
1256 0.09375 0.375 0
1257 0.125 0.375 0
1258 0.15625 0.375 0
1259 0.1875 0.375 0
1260 0.21875 0.375 0
1261 0.25 0.375 0
1262 0.28125 0.375 0
1263 0.3125 0.375 0
1264 0.34375 0.375 0
1265 0.375 0.375 0
1266 0.40625 0.375 0
1267 0.4375 0.375 0
1268 0.46875 0.375 0
1269 0.03125 0.40625 0
1270 0.0625 0.40625 0
1271 0.09375 0.40625 0
1272 0.125 0.40625 0
1273 0.15625 0.40625 0
1274 0.1875 0.40625 0
1275 0.21875 0.40625 0
1276 0.25 0.40625 0
1277 0.28125 0.40625 0
1278 0.3125 0.40625 0
1279 0.34375 0.40625 0
1280 0.375 0.40625 0
1281 0.40625 0.40625 0
1282 0.4375 0.40625 0
1283 0.46875 0.40625 0
1284 0.03125 0.4375 0
1285 0.0625 0.4375 0
1286 0.09375 0.4375 0
1287 0.125 0.4375 0
1288 0.15625 0.4375 0
1289 0.1875 0.4375 0
1290 0.21875 0.4375 0
1291 0.25 0.4375 0
1292 0.28125 0.4375 0
1293 0.3125 0.4375 0
1294 0.34375 0.4375 0
1295 0.375 0.4375 0
1296 0.40625 0.4375 0
1297 0.4375 0.4375 0
1298 0.46875 0.4375 0
1299 0.03125 0.46875 0
1300 0.0625 0.46875 0
1301 0.09375 0.46875 0
1302 0.125 0.46875 0
1303 0.15625 0.46875 0
1304 0.1875 0.46875 0
1305 0.21875 0.46875 0
1306 0.25 0.46875 0
1307 0.28125 0.46875 0
1308 0.3125 0.46875 0
1309 0.34375 0.46875 0
1310 0.375 0.46875 0
1311 0.40625 0.46875 0
1312 0.4375 0.46875 0
1313 0.46875 0.46875 0
1314 0.03125 0.03125 0.5
1315 0.0625 0.03125 0.5
1316 0.09375 0.03125 0.5
1317 0.125 0.03125 0.5
1318 0.15625 0.03125 0.5
1319 0.1875 0.03125 0.5
1320 0.21875 0.03125 0.5
1321 0.25 0.03125 0.5
1322 0.28125 0.03125 0.5
1323 0.3125 0.03125 0.5
1324 0.34375 0.03125 0.5
1325 0.375 0.03125 0.5
1326 0.40625 0.03125 0.5
1327 0.4375 0.03125 0.5
1328 0.46875 0.03125 0.5
1329 0.03125 0.0625 0.5
1330 0.0625 0.0625 0.5
1331 0.09375 0.0625 0.5
1332 0.125 0.0625 0.5
1333 0.15625 0.0625 0.5
1334 0.1875 0.0625 0.5
1335 0.21875 0.0625 0.5
1336 0.25 0.0625 0.5
1337 0.28125 0.0625 0.5
1338 0.3125 0.0625 0.5
1339 0.34375 0.0625 0.5
1340 0.375 0.0625 0.5
1341 0.40625 0.0625 0.5
1342 0.4375 0.0625 0.5
1343 0.46875 0.0625 0.5
1344 0.03125 0.09375 0.5
1345 0.0625 0.09375 0.5
1346 0.09375 0.09375 0.5
1347 0.125 0.09375 0.5
1348 0.15625 0.09375 0.5
1349 0.1875 0.09375 0.5
1350 0.21875 0.09375 0.5
1351 0.25 0.09375 0.5
1352 0.28125 0.09375 0.5
1353 0.3125 0.09375 0.5
1354 0.34375 0.09375 0.5
1355 0.375 0.09375 0.5
1356 0.40625 0.09375 0.5
1357 0.4375 0.09375 0.5
1358 0.46875 0.09375 0.5
1359 0.03125 0.125 0.5
1360 0.0625 0.125 0.5
1361 0.09375 0.125 0.5
1362 0.125 0.125 0.5
1363 0.15625 0.125 0.5
1364 0.1875 0.125 0.5
1365 0.21875 0.125 0.5
1366 0.25 0.125 0.5
1367 0.28125 0.125 0.5
1368 0.3125 0.125 0.5
1369 0.34375 0.125 0.5
1370 0.375 0.125 0.5
1371 0.40625 0.125 0.5
1372 0.4375 0.125 0.5
1373 0.46875 0.125 0.5
1374 0.03125 0.15625 0.5
1375 0.0625 0.15625 0.5
1376 0.09375 0.15625 0.5
1377 0.125 0.15625 0.5
1378 0.15625 0.15625 0.5
1379 0.1875 0.15625 0.5
1380 0.21875 0.15625 0.5
1381 0.25 0.15625 0.5
1382 0.28125 0.15625 0.5
1383 0.3125 0.15625 0.5
1384 0.34375 0.15625 0.5
1385 0.375 0.15625 0.5
1386 0.40625 0.15625 0.5
1387 0.4375 0.15625 0.5
1388 0.46875 0.15625 0.5
1389 0.03125 0.1875 0.5
1390 0.0625 0.1875 0.5
1391 0.09375 0.1875 0.5
1392 0.125 0.1875 0.5
1393 0.15625 0.1875 0.5
1394 0.1875 0.1875 0.5
1395 0.21875 0.1875 0.5
1396 0.25 0.1875 0.5
1397 0.28125 0.1875 0.5
1398 0.3125 0.1875 0.5
1399 0.34375 0.1875 0.5
1400 0.375 0.1875 0.5
1401 0.40625 0.1875 0.5
1402 0.4375 0.1875 0.5
1403 0.46875 0.1875 0.5
1404 0.03125 0.21875 0.5
1405 0.0625 0.21875 0.5
1406 0.09375 0.21875 0.5
1407 0.125 0.21875 0.5
1408 0.15625 0.21875 0.5
1409 0.1875 0.21875 0.5
1410 0.21875 0.21875 0.5
1411 0.25 0.21875 0.5
1412 0.28125 0.21875 0.5
1413 0.3125 0.21875 0.5
1414 0.34375 0.21875 0.5
1415 0.375 0.21875 0.5
1416 0.40625 0.21875 0.5
1417 0.4375 0.21875 0.5
1418 0.46875 0.21875 0.5
1419 0.03125 0.25 0.5
1420 0.0625 0.25 0.5
1421 0.09375 0.25 0.5
1422 0.125 0.25 0.5
1423 0.15625 0.25 0.5
1424 0.1875 0.25 0.5
1425 0.21875 0.25 0.5
1426 0.25 0.25 0.5
1427 0.28125 0.25 0.5
1428 0.3125 0.25 0.5
1429 0.34375 0.25 0.5
1430 0.375 0.25 0.5
1431 0.40625 0.25 0.5
1432 0.4375 0.25 0.5
1433 0.46875 0.25 0.5
1434 0.03125 0.28125 0.5
1435 0.0625 0.28125 0.5
1436 0.09375 0.28125 0.5
1437 0.125 0.28125 0.5
1438 0.15625 0.28125 0.5
1439 0.1875 0.28125 0.5
1440 0.21875 0.28125 0.5
1441 0.25 0.28125 0.5
1442 0.28125 0.28125 0.5
1443 0.3125 0.28125 0.5
1444 0.34375 0.28125 0.5
1445 0.375 0.28125 0.5
1446 0.40625 0.28125 0.5
1447 0.4375 0.28125 0.5
1448 0.46875 0.28125 0.5
1449 0.03125 0.3125 0.5
1450 0.0625 0.3125 0.5
1451 0.09375 0.3125 0.5
1452 0.125 0.3125 0.5
1453 0.15625 0.3125 0.5
1454 0.1875 0.3125 0.5
1455 0.21875 0.3125 0.5
1456 0.25 0.3125 0.5
1457 0.28125 0.3125 0.5
1458 0.3125 0.3125 0.5
1459 0.34375 0.3125 0.5
1460 0.375 0.3125 0.5
1461 0.40625 0.3125 0.5
1462 0.4375 0.3125 0.5
1463 0.46875 0.3125 0.5
1464 0.03125 0.34375 0.5
1465 0.0625 0.34375 0.5
1466 0.09375 0.34375 0.5
1467 0.125 0.34375 0.5
1468 0.15625 0.34375 0.5
1469 0.1875 0.34375 0.5
1470 0.21875 0.34375 0.5
1471 0.25 0.34375 0.5
1472 0.28125 0.34375 0.5
1473 0.3125 0.34375 0.5
1474 0.34375 0.34375 0.5
1475 0.375 0.34375 0.5
1476 0.40625 0.34375 0.5
1477 0.4375 0.34375 0.5
1478 0.46875 0.34375 0.5
1479 0.03125 0.375 0.5
1480 0.0625 0.375 0.5
1481 0.09375 0.375 0.5
1482 0.125 0.375 0.5
1483 0.15625 0.375 0.5
1484 0.1875 0.375 0.5
1485 0.21875 0.375 0.5
1486 0.25 0.375 0.5
1487 0.28125 0.375 0.5
1488 0.3125 0.375 0.5
1489 0.34375 0.375 0.5
1490 0.375 0.375 0.5
1491 0.40625 0.375 0.5
1492 0.4375 0.375 0.5
1493 0.46875 0.375 0.5
1494 0.03125 0.40625 0.5
1495 0.0625 0.40625 0.5
1496 0.09375 0.40625 0.5
1497 0.125 0.40625 0.5
1498 0.15625 0.40625 0.5
1499 0.1875 0.40625 0.5
1500 0.21875 0.40625 0.5
1501 0.25 0.40625 0.5
1502 0.28125 0.40625 0.5
1503 0.3125 0.40625 0.5
1504 0.34375 0.40625 0.5
1505 0.375 0.40625 0.5
1506 0.40625 0.40625 0.5
1507 0.4375 0.40625 0.5
1508 0.46875 0.40625 0.5
1509 0.03125 0.4375 0.5
1510 0.0625 0.4375 0.5
1511 0.09375 0.4375 0.5
1512 0.125 0.4375 0.5
1513 0.15625 0.4375 0.5
1514 0.1875 0.4375 0.5
1515 0.21875 0.4375 0.5
1516 0.25 0.4375 0.5
1517 0.28125 0.4375 0.5
1518 0.3125 0.4375 0.5
1519 0.34375 0.4375 0.5
1520 0.375 0.4375 0.5
1521 0.40625 0.4375 0.5
1522 0.4375 0.4375 0.5
1523 0.46875 0.4375 0.5
1524 0.03125 0.46875 0.5
1525 0.0625 0.46875 0.5
1526 0.09375 0.46875 0.5
1527 0.125 0.46875 0.5
1528 0.15625 0.46875 0.5
1529 0.1875 0.46875 0.5
1530 0.21875 0.46875 0.5
1531 0.25 0.46875 0.5
1532 0.28125 0.46875 0.5
1533 0.3125 0.46875 0.5
1534 0.34375 0.46875 0.5
1535 0.375 0.46875 0.5
1536 0.40625 0.46875 0.5
1537 0.4375 0.46875 0.5
1538 0.46875 0.46875 0.5
1539 0.03125 0.03125 0.03125
1540 0.0625 0.03125 0.03125
1541 0.09375 0.03125 0.03125
1542 0.125 0.03125 0.03125
1543 0.15625 0.03125 0.03125
1544 0.1875 0.03125 0.03125
1545 0.21875 0.03125 0.03125
1546 0.25 0.03125 0.03125
1547 0.28125 0.03125 0.03125
1548 0.3125 0.03125 0.03125
1549 0.34375 0.03125 0.03125
1550 0.375 0.03125 0.03125
1551 0.40625 0.03125 0.03125
1552 0.4375 0.03125 0.03125
1553 0.46875 0.03125 0.03125
1554 0.03125 0.0625 0.03125
1555 0.0625 0.0625 0.03125
1556 0.09375 0.0625 0.03125
1557 0.125 0.0625 0.03125
1558 0.15625 0.0625 0.03125
1559 0.1875 0.0625 0.03125
1560 0.21875 0.0625 0.03125
1561 0.25 0.0625 0.03125
1562 0.28125 0.0625 0.03125
1563 0.3125 0.0625 0.03125
1564 0.34375 0.0625 0.03125
1565 0.375 0.0625 0.03125
1566 0.40625 0.0625 0.03125
1567 0.4375 0.0625 0.03125
1568 0.46875 0.0625 0.03125
1569 0.03125 0.09375 0.03125
1570 0.0625 0.09375 0.03125
1571 0.09375 0.09375 0.03125
1572 0.125 0.09375 0.03125
1573 0.15625 0.09375 0.03125
1574 0.1875 0.09375 0.03125
1575 0.21875 0.09375 0.03125
1576 0.25 0.09375 0.03125
1577 0.28125 0.09375 0.03125
1578 0.3125 0.09375 0.03125
1579 0.34375 0.09375 0.03125
1580 0.375 0.09375 0.03125
1581 0.40625 0.09375 0.03125
1582 0.4375 0.09375 0.03125
1583 0.46875 0.09375 0.03125
1584 0.03125 0.125 0.03125
1585 0.0625 0.125 0.03125
1586 0.09375 0.125 0.03125
1587 0.125 0.125 0.03125
1588 0.15625 0.125 0.03125
1589 0.1875 0.125 0.03125
1590 0.21875 0.125 0.03125
1591 0.25 0.125 0.03125
1592 0.28125 0.125 0.03125
1593 0.3125 0.125 0.03125
1594 0.34375 0.125 0.03125
1595 0.375 0.125 0.03125
1596 0.40625 0.125 0.03125
1597 0.4375 0.125 0.03125
1598 0.46875 0.125 0.03125
1599 0.03125 0.15625 0.03125
1600 0.0625 0.15625 0.03125
1601 0.09375 0.15625 0.03125
1602 0.125 0.15625 0.03125
1603 0.15625 0.15625 0.03125
1604 0.1875 0.15625 0.03125
1605 0.21875 0.15625 0.03125
1606 0.25 0.15625 0.03125
1607 0.28125 0.15625 0.03125
1608 0.3125 0.15625 0.03125
1609 0.34375 0.15625 0.03125
1610 0.375 0.15625 0.03125
1611 0.40625 0.15625 0.03125
1612 0.4375 0.15625 0.03125
1613 0.46875 0.15625 0.03125
1614 0.03125 0.1875 0.03125
1615 0.0625 0.1875 0.03125
1616 0.09375 0.1875 0.03125
1617 0.125 0.1875 0.03125
1618 0.15625 0.1875 0.03125
1619 0.1875 0.1875 0.03125
1620 0.21875 0.1875 0.03125
1621 0.25 0.1875 0.03125
1622 0.28125 0.1875 0.03125
1623 0.3125 0.1875 0.03125
1624 0.34375 0.1875 0.03125
1625 0.375 0.1875 0.03125
1626 0.40625 0.1875 0.03125
1627 0.4375 0.1875 0.03125
1628 0.46875 0.1875 0.03125
1629 0.03125 0.21875 0.03125
1630 0.0625 0.21875 0.03125
1631 0.09375 0.21875 0.03125
1632 0.125 0.21875 0.03125
1633 0.15625 0.21875 0.03125
1634 0.1875 0.21875 0.03125
1635 0.21875 0.21875 0.03125
1636 0.25 0.21875 0.03125
1637 0.28125 0.21875 0.03125
1638 0.3125 0.21875 0.03125
1639 0.34375 0.21875 0.03125
1640 0.375 0.21875 0.03125
1641 0.40625 0.21875 0.03125
1642 0.4375 0.21875 0.03125
1643 0.46875 0.21875 0.03125
1644 0.03125 0.25 0.03125
1645 0.0625 0.25 0.03125
1646 0.09375 0.25 0.03125
1647 0.125 0.25 0.03125
1648 0.15625 0.25 0.03125
1649 0.1875 0.25 0.03125
1650 0.21875 0.25 0.03125
1651 0.25 0.25 0.03125
1652 0.28125 0.25 0.03125
1653 0.3125 0.25 0.03125
1654 0.34375 0.25 0.03125
1655 0.375 0.25 0.03125
1656 0.40625 0.25 0.03125
1657 0.4375 0.25 0.03125
1658 0.46875 0.25 0.03125
1659 0.03125 0.28125 0.03125
1660 0.0625 0.28125 0.03125
1661 0.09375 0.28125 0.03125
1662 0.125 0.28125 0.03125
1663 0.15625 0.28125 0.03125
1664 0.1875 0.28125 0.03125
1665 0.21875 0.28125 0.03125
1666 0.25 0.28125 0.03125
1667 0.28125 0.28125 0.03125
1668 0.3125 0.28125 0.03125
1669 0.34375 0.28125 0.03125
1670 0.375 0.28125 0.03125
1671 0.40625 0.28125 0.03125
1672 0.4375 0.28125 0.03125
1673 0.46875 0.28125 0.03125
1674 0.03125 0.3125 0.03125
1675 0.0625 0.3125 0.03125
1676 0.09375 0.3125 0.03125
1677 0.125 0.3125 0.03125
1678 0.15625 0.3125 0.03125
1679 0.1875 0.3125 0.03125
1680 0.21875 0.3125 0.03125
1681 0.25 0.3125 0.03125
1682 0.28125 0.3125 0.03125
1683 0.3125 0.3125 0.03125
1684 0.34375 0.3125 0.03125
1685 0.375 0.3125 0.03125
1686 0.40625 0.3125 0.03125
1687 0.4375 0.3125 0.03125
1688 0.46875 0.3125 0.03125
1689 0.03125 0.34375 0.03125
1690 0.0625 0.34375 0.03125
1691 0.09375 0.34375 0.03125
1692 0.125 0.34375 0.03125
1693 0.15625 0.34375 0.03125
1694 0.1875 0.34375 0.03125
1695 0.21875 0.34375 0.03125
1696 0.25 0.34375 0.03125
1697 0.28125 0.34375 0.03125
1698 0.3125 0.34375 0.03125
1699 0.34375 0.34375 0.03125
1700 0.375 0.34375 0.03125
1701 0.40625 0.34375 0.03125
1702 0.4375 0.34375 0.03125
1703 0.46875 0.34375 0.03125
1704 0.03125 0.375 0.03125
1705 0.0625 0.375 0.03125
1706 0.09375 0.375 0.03125
1707 0.125 0.375 0.03125
1708 0.15625 0.375 0.03125
1709 0.1875 0.375 0.03125
1710 0.21875 0.375 0.03125
1711 0.25 0.375 0.03125
1712 0.28125 0.375 0.03125
1713 0.3125 0.375 0.03125
1714 0.34375 0.375 0.03125
1715 0.375 0.375 0.03125
1716 0.40625 0.375 0.03125
1717 0.4375 0.375 0.03125
1718 0.46875 0.375 0.03125
1719 0.03125 0.40625 0.03125
1720 0.0625 0.40625 0.03125
1721 0.09375 0.40625 0.03125
1722 0.125 0.40625 0.03125
1723 0.15625 0.40625 0.03125
1724 0.1875 0.40625 0.03125
1725 0.21875 0.40625 0.03125
1726 0.25 0.40625 0.03125
1727 0.28125 0.40625 0.03125
1728 0.3125 0.40625 0.03125
1729 0.34375 0.40625 0.03125
1730 0.375 0.40625 0.03125
1731 0.40625 0.40625 0.03125
1732 0.4375 0.40625 0.03125
1733 0.46875 0.40625 0.03125
1734 0.03125 0.4375 0.03125
1735 0.0625 0.4375 0.03125
1736 0.09375 0.4375 0.03125
1737 0.125 0.4375 0.03125
1738 0.15625 0.4375 0.03125
1739 0.1875 0.4375 0.03125
1740 0.21875 0.4375 0.03125
1741 0.25 0.4375 0.03125
1742 0.28125 0.4375 0.03125
1743 0.3125 0.4375 0.03125
1744 0.34375 0.4375 0.03125
1745 0.375 0.4375 0.03125
1746 0.40625 0.4375 0.03125
1747 0.4375 0.4375 0.03125
1748 0.46875 0.4375 0.03125
1749 0.03125 0.46875 0.03125
1750 0.0625 0.46875 0.03125
1751 0.09375 0.46875 0.03125
1752 0.125 0.46875 0.03125
1753 0.15625 0.46875 0.03125
1754 0.1875 0.46875 0.03125
1755 0.21875 0.46875 0.03125
1756 0.25 0.46875 0.03125
1757 0.28125 0.46875 0.03125
1758 0.3125 0.46875 0.03125
1759 0.34375 0.46875 0.03125
1760 0.375 0.46875 0.03125
1761 0.40625 0.46875 0.03125
1762 0.4375 0.46875 0.03125
1763 0.46875 0.46875 0.03125
1764 0.03125 0.03125 0.0625
1765 0.0625 0.03125 0.0625
1766 0.09375 0.03125 0.0625
1767 0.125 0.03125 0.0625
1768 0.15625 0.03125 0.0625
1769 0.1875 0.03125 0.0625
1770 0.21875 0.03125 0.0625
1771 0.25 0.03125 0.0625
1772 0.28125 0.03125 0.0625
1773 0.3125 0.03125 0.0625
1774 0.34375 0.03125 0.0625
1775 0.375 0.03125 0.0625
1776 0.40625 0.03125 0.0625
1777 0.4375 0.03125 0.0625
1778 0.46875 0.03125 0.0625
1779 0.03125 0.0625 0.0625
1780 0.0625 0.0625 0.0625
1781 0.09375 0.0625 0.0625
1782 0.125 0.0625 0.0625
1783 0.15625 0.0625 0.0625
1784 0.1875 0.0625 0.0625
1785 0.21875 0.0625 0.0625
1786 0.25 0.0625 0.0625
1787 0.28125 0.0625 0.0625
1788 0.3125 0.0625 0.0625
1789 0.34375 0.0625 0.0625
1790 0.375 0.0625 0.0625
1791 0.40625 0.0625 0.0625
1792 0.4375 0.0625 0.0625
1793 0.46875 0.0625 0.0625
1794 0.03125 0.09375 0.0625
1795 0.0625 0.09375 0.0625
1796 0.09375 0.09375 0.0625
1797 0.125 0.09375 0.0625
1798 0.15625 0.09375 0.0625
1799 0.1875 0.09375 0.0625
1800 0.21875 0.09375 0.0625
1801 0.25 0.09375 0.0625
1802 0.28125 0.09375 0.0625
1803 0.3125 0.09375 0.0625
1804 0.34375 0.09375 0.0625
1805 0.375 0.09375 0.0625
1806 0.40625 0.09375 0.0625
1807 0.4375 0.09375 0.0625
1808 0.46875 0.09375 0.0625
1809 0.03125 0.125 0.0625
1810 0.0625 0.125 0.0625
1811 0.09375 0.125 0.0625
1812 0.125 0.125 0.0625
1813 0.15625 0.125 0.0625
1814 0.1875 0.125 0.0625
1815 0.21875 0.125 0.0625
1816 0.25 0.125 0.0625
1817 0.28125 0.125 0.0625
1818 0.3125 0.125 0.0625
1819 0.34375 0.125 0.0625
1820 0.375 0.125 0.0625
1821 0.40625 0.125 0.0625
1822 0.4375 0.125 0.0625
1823 0.46875 0.125 0.0625
1824 0.03125 0.15625 0.0625
1825 0.0625 0.15625 0.0625
1826 0.09375 0.15625 0.0625
1827 0.125 0.15625 0.0625
1828 0.15625 0.15625 0.0625
1829 0.1875 0.15625 0.0625
1830 0.21875 0.15625 0.0625
1831 0.25 0.15625 0.0625
1832 0.28125 0.15625 0.0625
1833 0.3125 0.15625 0.0625
1834 0.34375 0.15625 0.0625
1835 0.375 0.15625 0.0625
1836 0.40625 0.15625 0.0625
1837 0.4375 0.15625 0.0625
1838 0.46875 0.15625 0.0625
1839 0.03125 0.1875 0.0625
1840 0.0625 0.1875 0.0625
1841 0.09375 0.1875 0.0625
1842 0.125 0.1875 0.0625
1843 0.15625 0.1875 0.0625
1844 0.1875 0.1875 0.0625
1845 0.21875 0.1875 0.0625
1846 0.25 0.1875 0.0625
1847 0.28125 0.1875 0.0625
1848 0.3125 0.1875 0.0625
1849 0.34375 0.1875 0.0625
1850 0.375 0.1875 0.0625
1851 0.40625 0.1875 0.0625
1852 0.4375 0.1875 0.0625
1853 0.46875 0.1875 0.0625
1854 0.03125 0.21875 0.0625
1855 0.0625 0.21875 0.0625
1856 0.09375 0.21875 0.0625
1857 0.125 0.21875 0.0625
1858 0.15625 0.21875 0.0625
1859 0.1875 0.21875 0.0625
1860 0.21875 0.21875 0.0625
1861 0.25 0.21875 0.0625
1862 0.28125 0.21875 0.0625
1863 0.3125 0.21875 0.0625
1864 0.34375 0.21875 0.0625
1865 0.375 0.21875 0.0625
1866 0.40625 0.21875 0.0625
1867 0.4375 0.21875 0.0625
1868 0.46875 0.21875 0.0625
1869 0.03125 0.25 0.0625
1870 0.0625 0.25 0.0625
1871 0.09375 0.25 0.0625
1872 0.125 0.25 0.0625
1873 0.15625 0.25 0.0625
1874 0.1875 0.25 0.0625
1875 0.21875 0.25 0.0625
1876 0.25 0.25 0.0625
1877 0.28125 0.25 0.0625
1878 0.3125 0.25 0.0625
1879 0.34375 0.25 0.0625
1880 0.375 0.25 0.0625
1881 0.40625 0.25 0.0625
1882 0.4375 0.25 0.0625
1883 0.46875 0.25 0.0625
1884 0.03125 0.28125 0.0625
1885 0.0625 0.28125 0.0625
1886 0.09375 0.28125 0.0625
1887 0.125 0.28125 0.0625
1888 0.15625 0.28125 0.0625
1889 0.1875 0.28125 0.0625
1890 0.21875 0.28125 0.0625
1891 0.25 0.28125 0.0625
1892 0.28125 0.28125 0.0625
1893 0.3125 0.28125 0.0625
1894 0.34375 0.28125 0.0625
1895 0.375 0.28125 0.0625
1896 0.40625 0.28125 0.0625
1897 0.4375 0.28125 0.0625
1898 0.46875 0.28125 0.0625
1899 0.03125 0.3125 0.0625
1900 0.0625 0.3125 0.0625
1901 0.09375 0.3125 0.0625
1902 0.125 0.3125 0.0625
1903 0.15625 0.3125 0.0625
1904 0.1875 0.3125 0.0625
1905 0.21875 0.3125 0.0625
1906 0.25 0.3125 0.0625
1907 0.28125 0.3125 0.0625
1908 0.3125 0.3125 0.0625
1909 0.34375 0.3125 0.0625
1910 0.375 0.3125 0.0625
1911 0.40625 0.3125 0.0625
1912 0.4375 0.3125 0.0625
1913 0.46875 0.3125 0.0625
1914 0.03125 0.34375 0.0625
1915 0.0625 0.34375 0.0625
1916 0.09375 0.34375 0.0625
1917 0.125 0.34375 0.0625
1918 0.15625 0.34375 0.0625
1919 0.1875 0.34375 0.0625
1920 0.21875 0.34375 0.0625
1921 0.25 0.34375 0.0625
1922 0.28125 0.34375 0.0625
1923 0.3125 0.34375 0.0625
1924 0.34375 0.34375 0.0625
1925 0.375 0.34375 0.0625
1926 0.40625 0.34375 0.0625
1927 0.4375 0.34375 0.0625
1928 0.46875 0.34375 0.0625
1929 0.03125 0.375 0.0625
1930 0.0625 0.375 0.0625
1931 0.09375 0.375 0.0625
1932 0.125 0.375 0.0625
1933 0.15625 0.375 0.0625
1934 0.1875 0.375 0.0625
1935 0.21875 0.375 0.0625
1936 0.25 0.375 0.0625
1937 0.28125 0.375 0.0625
1938 0.3125 0.375 0.0625
1939 0.34375 0.375 0.0625
1940 0.375 0.375 0.0625
1941 0.40625 0.375 0.0625
1942 0.4375 0.375 0.0625
1943 0.46875 0.375 0.0625
1944 0.03125 0.40625 0.0625
1945 0.0625 0.40625 0.0625
1946 0.09375 0.40625 0.0625
1947 0.125 0.40625 0.0625
1948 0.15625 0.40625 0.0625
1949 0.1875 0.40625 0.0625
1950 0.21875 0.40625 0.0625
1951 0.25 0.40625 0.0625
1952 0.28125 0.40625 0.0625
1953 0.3125 0.40625 0.0625
1954 0.34375 0.40625 0.0625
1955 0.375 0.40625 0.0625
1956 0.40625 0.40625 0.0625
1957 0.4375 0.40625 0.0625
1958 0.46875 0.40625 0.0625
1959 0.03125 0.4375 0.0625
1960 0.0625 0.4375 0.0625
1961 0.09375 0.4375 0.0625
1962 0.125 0.4375 0.0625
1963 0.15625 0.4375 0.0625
1964 0.1875 0.4375 0.0625
1965 0.21875 0.4375 0.0625
1966 0.25 0.4375 0.0625
1967 0.28125 0.4375 0.0625
1968 0.3125 0.4375 0.0625
1969 0.34375 0.4375 0.0625
1970 0.375 0.4375 0.0625
1971 0.40625 0.4375 0.0625
1972 0.4375 0.4375 0.0625
1973 0.46875 0.4375 0.0625
1974 0.03125 0.46875 0.0625
1975 0.0625 0.46875 0.0625
1976 0.09375 0.46875 0.0625
1977 0.125 0.46875 0.0625
1978 0.15625 0.46875 0.0625
1979 0.1875 0.46875 0.0625
1980 0.21875 0.46875 0.0625
1981 0.25 0.46875 0.0625
1982 0.28125 0.46875 0.0625
1983 0.3125 0.46875 0.0625
1984 0.34375 0.46875 0.0625
1985 0.375 0.46875 0.0625
1986 0.40625 0.46875 0.0625
1987 0.4375 0.46875 0.0625
1988 0.46875 0.46875 0.0625
1989 0.03125 0.03125 0.09375
1990 0.0625 0.03125 0.09375
1991 0.09375 0.03125 0.09375
1992 0.125 0.03125 0.09375
1993 0.15625 0.03125 0.09375
1994 0.1875 0.03125 0.09375
1995 0.21875 0.03125 0.09375
1996 0.25 0.03125 0.09375
1997 0.28125 0.03125 0.09375
1998 0.3125 0.03125 0.09375
1999 0.34375 0.03125 0.09375
2000 0.375 0.03125 0.09375
2001 0.40625 0.03125 0.09375
2002 0.4375 0.03125 0.09375
2003 0.46875 0.03125 0.09375
2004 0.03125 0.0625 0.09375
2005 0.0625 0.0625 0.09375
2006 0.09375 0.0625 0.09375
2007 0.125 0.0625 0.09375
2008 0.15625 0.0625 0.09375
2009 0.1875 0.0625 0.09375
2010 0.21875 0.0625 0.09375
2011 0.25 0.0625 0.09375
2012 0.28125 0.0625 0.09375
2013 0.3125 0.0625 0.09375
2014 0.34375 0.0625 0.09375
2015 0.375 0.0625 0.09375
2016 0.40625 0.0625 0.09375
2017 0.4375 0.0625 0.09375
2018 0.46875 0.0625 0.09375
2019 0.03125 0.09375 0.09375
2020 0.0625 0.09375 0.09375
2021 0.09375 0.09375 0.09375
2022 0.125 0.09375 0.09375
2023 0.15625 0.09375 0.09375
2024 0.1875 0.09375 0.09375
2025 0.21875 0.09375 0.09375
2026 0.25 0.09375 0.09375
2027 0.28125 0.09375 0.09375
2028 0.3125 0.09375 0.09375
2029 0.34375 0.09375 0.09375
2030 0.375 0.09375 0.09375
2031 0.40625 0.09375 0.09375
2032 0.4375 0.09375 0.09375
2033 0.46875 0.09375 0.09375
2034 0.03125 0.125 0.09375
2035 0.0625 0.125 0.09375
2036 0.09375 0.125 0.09375
2037 0.125 0.125 0.09375
2038 0.15625 0.125 0.09375
2039 0.1875 0.125 0.09375
2040 0.21875 0.125 0.09375
2041 0.25 0.125 0.09375
2042 0.28125 0.125 0.09375
2043 0.3125 0.125 0.09375
2044 0.34375 0.125 0.09375
2045 0.375 0.125 0.09375
2046 0.40625 0.125 0.09375
2047 0.4375 0.125 0.09375
2048 0.46875 0.125 0.09375
2049 0.03125 0.15625 0.09375
2050 0.0625 0.15625 0.09375
2051 0.09375 0.15625 0.09375
2052 0.125 0.15625 0.09375
2053 0.15625 0.15625 0.09375
2054 0.1875 0.15625 0.09375
2055 0.21875 0.15625 0.09375
2056 0.25 0.15625 0.09375
2057 0.28125 0.15625 0.09375
2058 0.3125 0.15625 0.09375
2059 0.34375 0.15625 0.09375
2060 0.375 0.15625 0.09375
2061 0.40625 0.15625 0.09375
2062 0.4375 0.15625 0.09375
2063 0.46875 0.15625 0.09375
2064 0.03125 0.1875 0.09375
2065 0.0625 0.1875 0.09375
2066 0.09375 0.1875 0.09375
2067 0.125 0.1875 0.09375
2068 0.15625 0.1875 0.09375
2069 0.1875 0.1875 0.09375
2070 0.21875 0.1875 0.09375
2071 0.25 0.1875 0.09375
2072 0.28125 0.1875 0.09375
2073 0.3125 0.1875 0.09375
2074 0.34375 0.1875 0.09375
2075 0.375 0.1875 0.09375
2076 0.40625 0.1875 0.09375
2077 0.4375 0.1875 0.09375
2078 0.46875 0.1875 0.09375
2079 0.03125 0.21875 0.09375
2080 0.0625 0.21875 0.09375
2081 0.09375 0.21875 0.09375
2082 0.125 0.21875 0.09375
2083 0.15625 0.21875 0.09375
2084 0.1875 0.21875 0.09375
2085 0.21875 0.21875 0.09375
2086 0.25 0.21875 0.09375
2087 0.28125 0.21875 0.09375
2088 0.3125 0.21875 0.09375
2089 0.34375 0.21875 0.09375
2090 0.375 0.21875 0.09375
2091 0.40625 0.21875 0.09375
2092 0.4375 0.21875 0.09375
2093 0.46875 0.21875 0.09375
2094 0.03125 0.25 0.09375
2095 0.0625 0.25 0.09375
2096 0.09375 0.25 0.09375
2097 0.125 0.25 0.09375
2098 0.15625 0.25 0.09375
2099 0.1875 0.25 0.09375
2100 0.21875 0.25 0.09375
2101 0.25 0.25 0.09375
2102 0.28125 0.25 0.09375
2103 0.3125 0.25 0.09375
2104 0.34375 0.25 0.09375
2105 0.375 0.25 0.09375
2106 0.40625 0.25 0.09375
2107 0.4375 0.25 0.09375
2108 0.46875 0.25 0.09375
2109 0.03125 0.28125 0.09375
2110 0.0625 0.28125 0.09375
2111 0.09375 0.28125 0.09375
2112 0.125 0.28125 0.09375
2113 0.15625 0.28125 0.09375
2114 0.1875 0.28125 0.09375
2115 0.21875 0.28125 0.09375
2116 0.25 0.28125 0.09375
2117 0.28125 0.28125 0.09375
2118 0.3125 0.28125 0.09375
2119 0.34375 0.28125 0.09375
2120 0.375 0.28125 0.09375
2121 0.40625 0.28125 0.09375
2122 0.4375 0.28125 0.09375
2123 0.46875 0.28125 0.09375
2124 0.03125 0.3125 0.09375
2125 0.0625 0.3125 0.09375
2126 0.09375 0.3125 0.09375
2127 0.125 0.3125 0.09375
2128 0.15625 0.3125 0.09375
2129 0.1875 0.3125 0.09375
2130 0.21875 0.3125 0.09375
2131 0.25 0.3125 0.09375
2132 0.28125 0.3125 0.09375
2133 0.3125 0.3125 0.09375
2134 0.34375 0.3125 0.09375
2135 0.375 0.3125 0.09375
2136 0.40625 0.3125 0.09375
2137 0.4375 0.3125 0.09375
2138 0.46875 0.3125 0.09375
2139 0.03125 0.34375 0.09375
2140 0.0625 0.34375 0.09375
2141 0.09375 0.34375 0.09375
2142 0.125 0.34375 0.09375
2143 0.15625 0.34375 0.09375
2144 0.1875 0.34375 0.09375
2145 0.21875 0.34375 0.09375
2146 0.25 0.34375 0.09375
2147 0.28125 0.34375 0.09375
2148 0.3125 0.34375 0.09375
2149 0.34375 0.34375 0.09375
2150 0.375 0.34375 0.09375
2151 0.40625 0.34375 0.09375
2152 0.4375 0.34375 0.09375
2153 0.46875 0.34375 0.09375
2154 0.03125 0.375 0.09375
2155 0.0625 0.375 0.09375
2156 0.09375 0.375 0.09375
2157 0.125 0.375 0.09375
2158 0.15625 0.375 0.09375
2159 0.1875 0.375 0.09375
2160 0.21875 0.375 0.09375
2161 0.25 0.375 0.09375
2162 0.28125 0.375 0.09375
2163 0.3125 0.375 0.09375
2164 0.34375 0.375 0.09375
2165 0.375 0.375 0.09375
2166 0.40625 0.375 0.09375
2167 0.4375 0.375 0.09375
2168 0.46875 0.375 0.09375
2169 0.03125 0.40625 0.09375
2170 0.0625 0.40625 0.09375
2171 0.09375 0.40625 0.09375
2172 0.125 0.40625 0.09375
2173 0.15625 0.40625 0.09375
2174 0.1875 0.40625 0.09375
2175 0.21875 0.40625 0.09375
2176 0.25 0.40625 0.09375
2177 0.28125 0.40625 0.09375
2178 0.3125 0.40625 0.09375
2179 0.34375 0.40625 0.09375
2180 0.375 0.40625 0.09375
2181 0.40625 0.40625 0.09375
2182 0.4375 0.40625 0.09375
2183 0.46875 0.40625 0.09375
2184 0.03125 0.4375 0.09375
2185 0.0625 0.4375 0.09375
2186 0.09375 0.4375 0.09375
2187 0.125 0.4375 0.09375
2188 0.15625 0.4375 0.09375
2189 0.1875 0.4375 0.09375
2190 0.21875 0.4375 0.09375
2191 0.25 0.4375 0.09375
2192 0.28125 0.4375 0.09375
2193 0.3125 0.4375 0.09375
2194 0.34375 0.4375 0.09375
2195 0.375 0.4375 0.09375
2196 0.40625 0.4375 0.09375
2197 0.4375 0.4375 0.09375
2198 0.46875 0.4375 0.09375
2199 0.03125 0.46875 0.09375
2200 0.0625 0.46875 0.09375
2201 0.09375 0.46875 0.09375
2202 0.125 0.46875 0.09375
2203 0.15625 0.46875 0.09375
2204 0.1875 0.46875 0.09375
2205 0.21875 0.46875 0.09375
2206 0.25 0.46875 0.09375
2207 0.28125 0.46875 0.09375
2208 0.3125 0.46875 0.09375
2209 0.34375 0.46875 0.09375
2210 0.375 0.46875 0.09375
2211 0.40625 0.46875 0.09375
2212 0.4375 0.46875 0.09375
2213 0.46875 0.46875 0.09375
2214 0.03125 0.03125 0.125
2215 0.0625 0.03125 0.125
2216 0.09375 0.03125 0.125
2217 0.125 0.03125 0.125
2218 0.15625 0.03125 0.125
2219 0.1875 0.03125 0.125
2220 0.21875 0.03125 0.125
2221 0.25 0.03125 0.125
2222 0.28125 0.03125 0.125
2223 0.3125 0.03125 0.125
2224 0.34375 0.03125 0.125
2225 0.375 0.03125 0.125
2226 0.40625 0.03125 0.125
2227 0.4375 0.03125 0.125
2228 0.46875 0.03125 0.125
2229 0.03125 0.0625 0.125
2230 0.0625 0.0625 0.125
2231 0.09375 0.0625 0.125
2232 0.125 0.0625 0.125
2233 0.15625 0.0625 0.125
2234 0.1875 0.0625 0.125
2235 0.21875 0.0625 0.125
2236 0.25 0.0625 0.125
2237 0.28125 0.0625 0.125
2238 0.3125 0.0625 0.125
2239 0.34375 0.0625 0.125
2240 0.375 0.0625 0.125
2241 0.40625 0.0625 0.125
2242 0.4375 0.0625 0.125
2243 0.46875 0.0625 0.125
2244 0.03125 0.09375 0.125
2245 0.0625 0.09375 0.125
2246 0.09375 0.09375 0.125
2247 0.125 0.09375 0.125
2248 0.15625 0.09375 0.125
2249 0.1875 0.09375 0.125
2250 0.21875 0.09375 0.125
2251 0.25 0.09375 0.125
2252 0.28125 0.09375 0.125
2253 0.3125 0.09375 0.125
2254 0.34375 0.09375 0.125
2255 0.375 0.09375 0.125
2256 0.40625 0.09375 0.125
2257 0.4375 0.09375 0.125
2258 0.46875 0.09375 0.125
2259 0.03125 0.125 0.125
2260 0.0625 0.125 0.125
2261 0.09375 0.125 0.125
2262 0.125 0.125 0.125
2263 0.15625 0.125 0.125
2264 0.1875 0.125 0.125
2265 0.21875 0.125 0.125
2266 0.25 0.125 0.125
2267 0.28125 0.125 0.125
2268 0.3125 0.125 0.125
2269 0.34375 0.125 0.125
2270 0.375 0.125 0.125
2271 0.40625 0.125 0.125
2272 0.4375 0.125 0.125
2273 0.46875 0.125 0.125
2274 0.03125 0.15625 0.125
2275 0.0625 0.15625 0.125
2276 0.09375 0.15625 0.125
2277 0.125 0.15625 0.125
2278 0.15625 0.15625 0.125
2279 0.1875 0.15625 0.125
2280 0.21875 0.15625 0.125
2281 0.25 0.15625 0.125
2282 0.28125 0.15625 0.125
2283 0.3125 0.15625 0.125
2284 0.34375 0.15625 0.125
2285 0.375 0.15625 0.125
2286 0.40625 0.15625 0.125
2287 0.4375 0.15625 0.125
2288 0.46875 0.15625 0.125
2289 0.03125 0.1875 0.125
2290 0.0625 0.1875 0.125
2291 0.09375 0.1875 0.125
2292 0.125 0.1875 0.125
2293 0.15625 0.1875 0.125
2294 0.1875 0.1875 0.125
2295 0.21875 0.1875 0.125
2296 0.25 0.1875 0.125
2297 0.28125 0.1875 0.125
2298 0.3125 0.1875 0.125
2299 0.34375 0.1875 0.125
2300 0.375 0.1875 0.125
2301 0.40625 0.1875 0.125
2302 0.4375 0.1875 0.125
2303 0.46875 0.1875 0.125
2304 0.03125 0.21875 0.125
2305 0.0625 0.21875 0.125
2306 0.09375 0.21875 0.125
2307 0.125 0.21875 0.125
2308 0.15625 0.21875 0.125
2309 0.1875 0.21875 0.125
2310 0.21875 0.21875 0.125
2311 0.25 0.21875 0.125
2312 0.28125 0.21875 0.125
2313 0.3125 0.21875 0.125
2314 0.34375 0.21875 0.125
2315 0.375 0.21875 0.125
2316 0.40625 0.21875 0.125
2317 0.4375 0.21875 0.125
2318 0.46875 0.21875 0.125
2319 0.03125 0.25 0.125
2320 0.0625 0.25 0.125
2321 0.09375 0.25 0.125
2322 0.125 0.25 0.125
2323 0.15625 0.25 0.125
2324 0.1875 0.25 0.125
2325 0.21875 0.25 0.125
2326 0.25 0.25 0.125
2327 0.28125 0.25 0.125
2328 0.3125 0.25 0.125
2329 0.34375 0.25 0.125
2330 0.375 0.25 0.125
2331 0.40625 0.25 0.125
2332 0.4375 0.25 0.125
2333 0.46875 0.25 0.125
2334 0.03125 0.28125 0.125
2335 0.0625 0.28125 0.125
2336 0.09375 0.28125 0.125
2337 0.125 0.28125 0.125
2338 0.15625 0.28125 0.125
2339 0.1875 0.28125 0.125
2340 0.21875 0.28125 0.125
2341 0.25 0.28125 0.125
2342 0.28125 0.28125 0.125
2343 0.3125 0.28125 0.125
2344 0.34375 0.28125 0.125
2345 0.375 0.28125 0.125
2346 0.40625 0.28125 0.125
2347 0.4375 0.28125 0.125
2348 0.46875 0.28125 0.125
2349 0.03125 0.3125 0.125
2350 0.0625 0.3125 0.125
2351 0.09375 0.3125 0.125
2352 0.125 0.3125 0.125
2353 0.15625 0.3125 0.125
2354 0.1875 0.3125 0.125
2355 0.21875 0.3125 0.125
2356 0.25 0.3125 0.125
2357 0.28125 0.3125 0.125
2358 0.3125 0.3125 0.125
2359 0.34375 0.3125 0.125
2360 0.375 0.3125 0.125
2361 0.40625 0.3125 0.125
2362 0.4375 0.3125 0.125
2363 0.46875 0.3125 0.125
2364 0.03125 0.34375 0.125
2365 0.0625 0.34375 0.125
2366 0.09375 0.34375 0.125
2367 0.125 0.34375 0.125
2368 0.15625 0.34375 0.125
2369 0.1875 0.34375 0.125
2370 0.21875 0.34375 0.125
2371 0.25 0.34375 0.125
2372 0.28125 0.34375 0.125
2373 0.3125 0.34375 0.125
2374 0.34375 0.34375 0.125
2375 0.375 0.34375 0.125
2376 0.40625 0.34375 0.125
2377 0.4375 0.34375 0.125
2378 0.46875 0.34375 0.125
2379 0.03125 0.375 0.125
2380 0.0625 0.375 0.125
2381 0.09375 0.375 0.125
2382 0.125 0.375 0.125
2383 0.15625 0.375 0.125
2384 0.1875 0.375 0.125
2385 0.21875 0.375 0.125
2386 0.25 0.375 0.125
2387 0.28125 0.375 0.125
2388 0.3125 0.375 0.125
2389 0.34375 0.375 0.125
2390 0.375 0.375 0.125
2391 0.40625 0.375 0.125
2392 0.4375 0.375 0.125
2393 0.46875 0.375 0.125
2394 0.03125 0.40625 0.125
2395 0.0625 0.40625 0.125
2396 0.09375 0.40625 0.125
2397 0.125 0.40625 0.125
2398 0.15625 0.40625 0.125
2399 0.1875 0.40625 0.125
2400 0.21875 0.40625 0.125
2401 0.25 0.40625 0.125
2402 0.28125 0.40625 0.125
2403 0.3125 0.40625 0.125
2404 0.34375 0.40625 0.125
2405 0.375 0.40625 0.125
2406 0.40625 0.40625 0.125
2407 0.4375 0.40625 0.125
2408 0.46875 0.40625 0.125
2409 0.03125 0.4375 0.125
2410 0.0625 0.4375 0.125
2411 0.09375 0.4375 0.125
2412 0.125 0.4375 0.125
2413 0.15625 0.4375 0.125
2414 0.1875 0.4375 0.125
2415 0.21875 0.4375 0.125
2416 0.25 0.4375 0.125
2417 0.28125 0.4375 0.125
2418 0.3125 0.4375 0.125
2419 0.34375 0.4375 0.125
2420 0.375 0.4375 0.125
2421 0.40625 0.4375 0.125
2422 0.4375 0.4375 0.125
2423 0.46875 0.4375 0.125
2424 0.03125 0.46875 0.125
2425 0.0625 0.46875 0.125
2426 0.09375 0.46875 0.125
2427 0.125 0.46875 0.125
2428 0.15625 0.46875 0.125
2429 0.1875 0.46875 0.125
2430 0.21875 0.46875 0.125
2431 0.25 0.46875 0.125
2432 0.28125 0.46875 0.125
2433 0.3125 0.46875 0.125
2434 0.34375 0.46875 0.125
2435 0.375 0.46875 0.125
2436 0.40625 0.46875 0.125
2437 0.4375 0.46875 0.125
2438 0.46875 0.46875 0.125
2439 0.03125 0.03125 0.15625
2440 0.0625 0.03125 0.15625
2441 0.09375 0.03125 0.15625
2442 0.125 0.03125 0.15625
2443 0.15625 0.03125 0.15625
2444 0.1875 0.03125 0.15625
2445 0.21875 0.03125 0.15625
2446 0.25 0.03125 0.15625
2447 0.28125 0.03125 0.15625
2448 0.3125 0.03125 0.15625
2449 0.34375 0.03125 0.15625
2450 0.375 0.03125 0.15625
2451 0.40625 0.03125 0.15625
2452 0.4375 0.03125 0.15625
2453 0.46875 0.03125 0.15625
2454 0.03125 0.0625 0.15625
2455 0.0625 0.0625 0.15625
2456 0.09375 0.0625 0.15625
2457 0.125 0.0625 0.15625
2458 0.15625 0.0625 0.15625
2459 0.1875 0.0625 0.15625
2460 0.21875 0.0625 0.15625
2461 0.25 0.0625 0.15625
2462 0.28125 0.0625 0.15625
2463 0.3125 0.0625 0.15625
2464 0.34375 0.0625 0.15625
2465 0.375 0.0625 0.15625
2466 0.40625 0.0625 0.15625
2467 0.4375 0.0625 0.15625
2468 0.46875 0.0625 0.15625
2469 0.03125 0.09375 0.15625
2470 0.0625 0.09375 0.15625
2471 0.09375 0.09375 0.15625
2472 0.125 0.09375 0.15625
2473 0.15625 0.09375 0.15625
2474 0.1875 0.09375 0.15625
2475 0.21875 0.09375 0.15625
2476 0.25 0.09375 0.15625
2477 0.28125 0.09375 0.15625
2478 0.3125 0.09375 0.15625
2479 0.34375 0.09375 0.15625
2480 0.375 0.09375 0.15625
2481 0.40625 0.09375 0.15625
2482 0.4375 0.09375 0.15625
2483 0.46875 0.09375 0.15625
2484 0.03125 0.125 0.15625
2485 0.0625 0.125 0.15625
2486 0.09375 0.125 0.15625
2487 0.125 0.125 0.15625
2488 0.15625 0.125 0.15625
2489 0.1875 0.125 0.15625
2490 0.21875 0.125 0.15625
2491 0.25 0.125 0.15625
2492 0.28125 0.125 0.15625
2493 0.3125 0.125 0.15625
2494 0.34375 0.125 0.15625
2495 0.375 0.125 0.15625
2496 0.40625 0.125 0.15625
2497 0.4375 0.125 0.15625
2498 0.46875 0.125 0.15625
2499 0.03125 0.15625 0.15625
2500 0.0625 0.15625 0.15625
2501 0.09375 0.15625 0.15625
2502 0.125 0.15625 0.15625
2503 0.15625 0.15625 0.15625
2504 0.1875 0.15625 0.15625
2505 0.21875 0.15625 0.15625
2506 0.25 0.15625 0.15625
2507 0.28125 0.15625 0.15625
2508 0.3125 0.15625 0.15625
2509 0.34375 0.15625 0.15625
2510 0.375 0.15625 0.15625
2511 0.40625 0.15625 0.15625
2512 0.4375 0.15625 0.15625
2513 0.46875 0.15625 0.15625
2514 0.03125 0.1875 0.15625
2515 0.0625 0.1875 0.15625
2516 0.09375 0.1875 0.15625
2517 0.125 0.1875 0.15625
2518 0.15625 0.1875 0.15625
2519 0.1875 0.1875 0.15625
2520 0.21875 0.1875 0.15625
2521 0.25 0.1875 0.15625
2522 0.28125 0.1875 0.15625
2523 0.3125 0.1875 0.15625
2524 0.34375 0.1875 0.15625
2525 0.375 0.1875 0.15625
2526 0.40625 0.1875 0.15625
2527 0.4375 0.1875 0.15625
2528 0.46875 0.1875 0.15625
2529 0.03125 0.21875 0.15625
2530 0.0625 0.21875 0.15625
2531 0.09375 0.21875 0.15625
2532 0.125 0.21875 0.15625
2533 0.15625 0.21875 0.15625
2534 0.1875 0.21875 0.15625
2535 0.21875 0.21875 0.15625
2536 0.25 0.21875 0.15625
2537 0.28125 0.21875 0.15625
2538 0.3125 0.21875 0.15625
2539 0.34375 0.21875 0.15625
2540 0.375 0.21875 0.15625
2541 0.40625 0.21875 0.15625
2542 0.4375 0.21875 0.15625
2543 0.46875 0.21875 0.15625
2544 0.03125 0.25 0.15625
2545 0.0625 0.25 0.15625
2546 0.09375 0.25 0.15625
2547 0.125 0.25 0.15625
2548 0.15625 0.25 0.15625
2549 0.1875 0.25 0.15625
2550 0.21875 0.25 0.15625
2551 0.25 0.25 0.15625
2552 0.28125 0.25 0.15625
2553 0.3125 0.25 0.15625
2554 0.34375 0.25 0.15625
2555 0.375 0.25 0.15625
2556 0.40625 0.25 0.15625
2557 0.4375 0.25 0.15625
2558 0.46875 0.25 0.15625
2559 0.03125 0.28125 0.15625
2560 0.0625 0.28125 0.15625
2561 0.09375 0.28125 0.15625
2562 0.125 0.28125 0.15625
2563 0.15625 0.28125 0.15625
2564 0.1875 0.28125 0.15625
2565 0.21875 0.28125 0.15625
2566 0.25 0.28125 0.15625
2567 0.28125 0.28125 0.15625
2568 0.3125 0.28125 0.15625
2569 0.34375 0.28125 0.15625
2570 0.375 0.28125 0.15625
2571 0.40625 0.28125 0.15625
2572 0.4375 0.28125 0.15625
2573 0.46875 0.28125 0.15625
2574 0.03125 0.3125 0.15625
2575 0.0625 0.3125 0.15625
2576 0.09375 0.3125 0.15625
2577 0.125 0.3125 0.15625
2578 0.15625 0.3125 0.15625
2579 0.1875 0.3125 0.15625
2580 0.21875 0.3125 0.15625
2581 0.25 0.3125 0.15625
2582 0.28125 0.3125 0.15625
2583 0.3125 0.3125 0.15625
2584 0.34375 0.3125 0.15625
2585 0.375 0.3125 0.15625
2586 0.40625 0.3125 0.15625
2587 0.4375 0.3125 0.15625
2588 0.46875 0.3125 0.15625
2589 0.03125 0.34375 0.15625
2590 0.0625 0.34375 0.15625
2591 0.09375 0.34375 0.15625
2592 0.125 0.34375 0.15625
2593 0.15625 0.34375 0.15625
2594 0.1875 0.34375 0.15625
2595 0.21875 0.34375 0.15625
2596 0.25 0.34375 0.15625
2597 0.28125 0.34375 0.15625
2598 0.3125 0.34375 0.15625
2599 0.34375 0.34375 0.15625
2600 0.375 0.34375 0.15625
2601 0.40625 0.34375 0.15625
2602 0.4375 0.34375 0.15625
2603 0.46875 0.34375 0.15625
2604 0.03125 0.375 0.15625
2605 0.0625 0.375 0.15625
2606 0.09375 0.375 0.15625
2607 0.125 0.375 0.15625
2608 0.15625 0.375 0.15625
2609 0.1875 0.375 0.15625
2610 0.21875 0.375 0.15625
2611 0.25 0.375 0.15625
2612 0.28125 0.375 0.15625
2613 0.3125 0.375 0.15625
2614 0.34375 0.375 0.15625
2615 0.375 0.375 0.15625
2616 0.40625 0.375 0.15625
2617 0.4375 0.375 0.15625
2618 0.46875 0.375 0.15625
2619 0.03125 0.40625 0.15625
2620 0.0625 0.40625 0.15625
2621 0.09375 0.40625 0.15625
2622 0.125 0.40625 0.15625
2623 0.15625 0.40625 0.15625
2624 0.1875 0.40625 0.15625
2625 0.21875 0.40625 0.15625
2626 0.25 0.40625 0.15625
2627 0.28125 0.40625 0.15625
2628 0.3125 0.40625 0.15625
2629 0.34375 0.40625 0.15625
2630 0.375 0.40625 0.15625
2631 0.40625 0.40625 0.15625
2632 0.4375 0.40625 0.15625
2633 0.46875 0.40625 0.15625
2634 0.03125 0.4375 0.15625
2635 0.0625 0.4375 0.15625
2636 0.09375 0.4375 0.15625
2637 0.125 0.4375 0.15625
2638 0.15625 0.4375 0.15625
2639 0.1875 0.4375 0.15625
2640 0.21875 0.4375 0.15625
2641 0.25 0.4375 0.15625
2642 0.28125 0.4375 0.15625
2643 0.3125 0.4375 0.15625
2644 0.34375 0.4375 0.15625
2645 0.375 0.4375 0.15625
2646 0.40625 0.4375 0.15625
2647 0.4375 0.4375 0.15625
2648 0.46875 0.4375 0.15625
2649 0.03125 0.46875 0.15625
2650 0.0625 0.46875 0.15625
2651 0.09375 0.46875 0.15625
2652 0.125 0.46875 0.15625
2653 0.15625 0.46875 0.15625
2654 0.1875 0.46875 0.15625
2655 0.21875 0.46875 0.15625
2656 0.25 0.46875 0.15625
2657 0.28125 0.46875 0.15625
2658 0.3125 0.46875 0.15625
2659 0.34375 0.46875 0.15625
2660 0.375 0.46875 0.15625
2661 0.40625 0.46875 0.15625
2662 0.4375 0.46875 0.15625
2663 0.46875 0.46875 0.15625
2664 0.03125 0.03125 0.1875
2665 0.0625 0.03125 0.1875
2666 0.09375 0.03125 0.1875
2667 0.125 0.03125 0.1875
2668 0.15625 0.03125 0.1875
2669 0.1875 0.03125 0.1875
2670 0.21875 0.03125 0.1875
2671 0.25 0.03125 0.1875
2672 0.28125 0.03125 0.1875
2673 0.3125 0.03125 0.1875
2674 0.34375 0.03125 0.1875
2675 0.375 0.03125 0.1875
2676 0.40625 0.03125 0.1875
2677 0.4375 0.03125 0.1875
2678 0.46875 0.03125 0.1875
2679 0.03125 0.0625 0.1875
2680 0.0625 0.0625 0.1875
2681 0.09375 0.0625 0.1875
2682 0.125 0.0625 0.1875
2683 0.15625 0.0625 0.1875
2684 0.1875 0.0625 0.1875
2685 0.21875 0.0625 0.1875
2686 0.25 0.0625 0.1875
2687 0.28125 0.0625 0.1875
2688 0.3125 0.0625 0.1875
2689 0.34375 0.0625 0.1875
2690 0.375 0.0625 0.1875
2691 0.40625 0.0625 0.1875
2692 0.4375 0.0625 0.1875
2693 0.46875 0.0625 0.1875
2694 0.03125 0.09375 0.1875
2695 0.0625 0.09375 0.1875
2696 0.09375 0.09375 0.1875
2697 0.125 0.09375 0.1875
2698 0.15625 0.09375 0.1875
2699 0.1875 0.09375 0.1875
2700 0.21875 0.09375 0.1875
2701 0.25 0.09375 0.1875
2702 0.28125 0.09375 0.1875
2703 0.3125 0.09375 0.1875
2704 0.34375 0.09375 0.1875
2705 0.375 0.09375 0.1875
2706 0.40625 0.09375 0.1875
2707 0.4375 0.09375 0.1875
2708 0.46875 0.09375 0.1875
2709 0.03125 0.125 0.1875
2710 0.0625 0.125 0.1875
2711 0.09375 0.125 0.1875
2712 0.125 0.125 0.1875
2713 0.15625 0.125 0.1875
2714 0.1875 0.125 0.1875
2715 0.21875 0.125 0.1875
2716 0.25 0.125 0.1875
2717 0.28125 0.125 0.1875
2718 0.3125 0.125 0.1875
2719 0.34375 0.125 0.1875
2720 0.375 0.125 0.1875
2721 0.40625 0.125 0.1875
2722 0.4375 0.125 0.1875
2723 0.46875 0.125 0.1875
2724 0.03125 0.15625 0.1875
2725 0.0625 0.15625 0.1875
2726 0.09375 0.15625 0.1875
2727 0.125 0.15625 0.1875
2728 0.15625 0.15625 0.1875
2729 0.1875 0.15625 0.1875
2730 0.21875 0.15625 0.1875
2731 0.25 0.15625 0.1875
2732 0.28125 0.15625 0.1875
2733 0.3125 0.15625 0.1875
2734 0.34375 0.15625 0.1875
2735 0.375 0.15625 0.1875
2736 0.40625 0.15625 0.1875
2737 0.4375 0.15625 0.1875
2738 0.46875 0.15625 0.1875
2739 0.03125 0.1875 0.1875
2740 0.0625 0.1875 0.1875
2741 0.09375 0.1875 0.1875
2742 0.125 0.1875 0.1875
2743 0.15625 0.1875 0.1875
2744 0.1875 0.1875 0.1875
2745 0.21875 0.1875 0.1875
2746 0.25 0.1875 0.1875
2747 0.28125 0.1875 0.1875
2748 0.3125 0.1875 0.1875
2749 0.34375 0.1875 0.1875
2750 0.375 0.1875 0.1875
2751 0.40625 0.1875 0.1875
2752 0.4375 0.1875 0.1875
2753 0.46875 0.1875 0.1875
2754 0.03125 0.21875 0.1875
2755 0.0625 0.21875 0.1875
2756 0.09375 0.21875 0.1875
2757 0.125 0.21875 0.1875
2758 0.15625 0.21875 0.1875
2759 0.1875 0.21875 0.1875
2760 0.21875 0.21875 0.1875
2761 0.25 0.21875 0.1875
2762 0.28125 0.21875 0.1875
2763 0.3125 0.21875 0.1875
2764 0.34375 0.21875 0.1875
2765 0.375 0.21875 0.1875
2766 0.40625 0.21875 0.1875
2767 0.4375 0.21875 0.1875
2768 0.46875 0.21875 0.1875
2769 0.03125 0.25 0.1875
2770 0.0625 0.25 0.1875
2771 0.09375 0.25 0.1875
2772 0.125 0.25 0.1875
2773 0.15625 0.25 0.1875
2774 0.1875 0.25 0.1875
2775 0.21875 0.25 0.1875
2776 0.25 0.25 0.1875
2777 0.28125 0.25 0.1875
2778 0.3125 0.25 0.1875
2779 0.34375 0.25 0.1875
2780 0.375 0.25 0.1875
2781 0.40625 0.25 0.1875
2782 0.4375 0.25 0.1875
2783 0.46875 0.25 0.1875
2784 0.03125 0.28125 0.1875
2785 0.0625 0.28125 0.1875
2786 0.09375 0.28125 0.1875
2787 0.125 0.28125 0.1875
2788 0.15625 0.28125 0.1875
2789 0.1875 0.28125 0.1875
2790 0.21875 0.28125 0.1875
2791 0.25 0.28125 0.1875
2792 0.28125 0.28125 0.1875
2793 0.3125 0.28125 0.1875
2794 0.34375 0.28125 0.1875
2795 0.375 0.28125 0.1875
2796 0.40625 0.28125 0.1875
2797 0.4375 0.28125 0.1875
2798 0.46875 0.28125 0.1875
2799 0.03125 0.3125 0.1875
2800 0.0625 0.3125 0.1875
2801 0.09375 0.3125 0.1875
2802 0.125 0.3125 0.1875
2803 0.15625 0.3125 0.1875
2804 0.1875 0.3125 0.1875
2805 0.21875 0.3125 0.1875
2806 0.25 0.3125 0.1875
2807 0.28125 0.3125 0.1875
2808 0.3125 0.3125 0.1875
2809 0.34375 0.3125 0.1875
2810 0.375 0.3125 0.1875
2811 0.40625 0.3125 0.1875
2812 0.4375 0.3125 0.1875
2813 0.46875 0.3125 0.1875
2814 0.03125 0.34375 0.1875
2815 0.0625 0.34375 0.1875
2816 0.09375 0.34375 0.1875
2817 0.125 0.34375 0.1875
2818 0.15625 0.34375 0.1875
2819 0.1875 0.34375 0.1875
2820 0.21875 0.34375 0.1875
2821 0.25 0.34375 0.1875
2822 0.28125 0.34375 0.1875
2823 0.3125 0.34375 0.1875
2824 0.34375 0.34375 0.1875
2825 0.375 0.34375 0.1875
2826 0.40625 0.34375 0.1875
2827 0.4375 0.34375 0.1875
2828 0.46875 0.34375 0.1875
2829 0.03125 0.375 0.1875
2830 0.0625 0.375 0.1875
2831 0.09375 0.375 0.1875
2832 0.125 0.375 0.1875
2833 0.15625 0.375 0.1875
2834 0.1875 0.375 0.1875
2835 0.21875 0.375 0.1875
2836 0.25 0.375 0.1875
2837 0.28125 0.375 0.1875
2838 0.3125 0.375 0.1875
2839 0.34375 0.375 0.1875
2840 0.375 0.375 0.1875
2841 0.40625 0.375 0.1875
2842 0.4375 0.375 0.1875
2843 0.46875 0.375 0.1875
2844 0.03125 0.40625 0.1875
2845 0.0625 0.40625 0.1875
2846 0.09375 0.40625 0.1875
2847 0.125 0.40625 0.1875
2848 0.15625 0.40625 0.1875
2849 0.1875 0.40625 0.1875
2850 0.21875 0.40625 0.1875
2851 0.25 0.40625 0.1875
2852 0.28125 0.40625 0.1875
2853 0.3125 0.40625 0.1875
2854 0.34375 0.40625 0.1875
2855 0.375 0.40625 0.1875
2856 0.40625 0.40625 0.1875
2857 0.4375 0.40625 0.1875
2858 0.46875 0.40625 0.1875
2859 0.03125 0.4375 0.1875
2860 0.0625 0.4375 0.1875
2861 0.09375 0.4375 0.1875
2862 0.125 0.4375 0.1875
2863 0.15625 0.4375 0.1875
2864 0.1875 0.4375 0.1875
2865 0.21875 0.4375 0.1875
2866 0.25 0.4375 0.1875
2867 0.28125 0.4375 0.1875
2868 0.3125 0.4375 0.1875
2869 0.34375 0.4375 0.1875
2870 0.375 0.4375 0.1875
2871 0.40625 0.4375 0.1875
2872 0.4375 0.4375 0.1875
2873 0.46875 0.4375 0.1875
2874 0.03125 0.46875 0.1875
2875 0.0625 0.46875 0.1875
2876 0.09375 0.46875 0.1875
2877 0.125 0.46875 0.1875
2878 0.15625 0.46875 0.1875
2879 0.1875 0.46875 0.1875
2880 0.21875 0.46875 0.1875
2881 0.25 0.46875 0.1875
2882 0.28125 0.46875 0.1875
2883 0.3125 0.46875 0.1875
2884 0.34375 0.46875 0.1875
2885 0.375 0.46875 0.1875
2886 0.40625 0.46875 0.1875
2887 0.4375 0.46875 0.1875
2888 0.46875 0.46875 0.1875
2889 0.03125 0.03125 0.21875
2890 0.0625 0.03125 0.21875
2891 0.09375 0.03125 0.21875
2892 0.125 0.03125 0.21875
2893 0.15625 0.03125 0.21875
2894 0.1875 0.03125 0.21875
2895 0.21875 0.03125 0.21875
2896 0.25 0.03125 0.21875
2897 0.28125 0.03125 0.21875
2898 0.3125 0.03125 0.21875
2899 0.34375 0.03125 0.21875
2900 0.375 0.03125 0.21875
2901 0.40625 0.03125 0.21875
2902 0.4375 0.03125 0.21875
2903 0.46875 0.03125 0.21875
2904 0.03125 0.0625 0.21875
2905 0.0625 0.0625 0.21875
2906 0.09375 0.0625 0.21875
2907 0.125 0.0625 0.21875
2908 0.15625 0.0625 0.21875
2909 0.1875 0.0625 0.21875
2910 0.21875 0.0625 0.21875
2911 0.25 0.0625 0.21875
2912 0.28125 0.0625 0.21875
2913 0.3125 0.0625 0.21875
2914 0.34375 0.0625 0.21875
2915 0.375 0.0625 0.21875
2916 0.40625 0.0625 0.21875
2917 0.4375 0.0625 0.21875
2918 0.46875 0.0625 0.21875
2919 0.03125 0.09375 0.21875
2920 0.0625 0.09375 0.21875
2921 0.09375 0.09375 0.21875
2922 0.125 0.09375 0.21875
2923 0.15625 0.09375 0.21875
2924 0.1875 0.09375 0.21875
2925 0.21875 0.09375 0.21875
2926 0.25 0.09375 0.21875
2927 0.28125 0.09375 0.21875
2928 0.3125 0.09375 0.21875
2929 0.34375 0.09375 0.21875
2930 0.375 0.09375 0.21875
2931 0.40625 0.09375 0.21875
2932 0.4375 0.09375 0.21875
2933 0.46875 0.09375 0.21875
2934 0.03125 0.125 0.21875
2935 0.0625 0.125 0.21875
2936 0.09375 0.125 0.21875
2937 0.125 0.125 0.21875
2938 0.15625 0.125 0.21875
2939 0.1875 0.125 0.21875
2940 0.21875 0.125 0.21875
2941 0.25 0.125 0.21875
2942 0.28125 0.125 0.21875
2943 0.3125 0.125 0.21875
2944 0.34375 0.125 0.21875
2945 0.375 0.125 0.21875
2946 0.40625 0.125 0.21875
2947 0.4375 0.125 0.21875
2948 0.46875 0.125 0.21875
2949 0.03125 0.15625 0.21875
2950 0.0625 0.15625 0.21875
2951 0.09375 0.15625 0.21875
2952 0.125 0.15625 0.21875
2953 0.15625 0.15625 0.21875
2954 0.1875 0.15625 0.21875
2955 0.21875 0.15625 0.21875
2956 0.25 0.15625 0.21875
2957 0.28125 0.15625 0.21875
2958 0.3125 0.15625 0.21875
2959 0.34375 0.15625 0.21875
2960 0.375 0.15625 0.21875
2961 0.40625 0.15625 0.21875
2962 0.4375 0.15625 0.21875
2963 0.46875 0.15625 0.21875
2964 0.03125 0.1875 0.21875
2965 0.0625 0.1875 0.21875
2966 0.09375 0.1875 0.21875
2967 0.125 0.1875 0.21875
2968 0.15625 0.1875 0.21875
2969 0.1875 0.1875 0.21875
2970 0.21875 0.1875 0.21875
2971 0.25 0.1875 0.21875
2972 0.28125 0.1875 0.21875
2973 0.3125 0.1875 0.21875
2974 0.34375 0.1875 0.21875
2975 0.375 0.1875 0.21875
2976 0.40625 0.1875 0.21875
2977 0.4375 0.1875 0.21875
2978 0.46875 0.1875 0.21875
2979 0.03125 0.21875 0.21875
2980 0.0625 0.21875 0.21875
2981 0.09375 0.21875 0.21875
2982 0.125 0.21875 0.21875
2983 0.15625 0.21875 0.21875
2984 0.1875 0.21875 0.21875
2985 0.21875 0.21875 0.21875
2986 0.25 0.21875 0.21875
2987 0.28125 0.21875 0.21875
2988 0.3125 0.21875 0.21875
2989 0.34375 0.21875 0.21875
2990 0.375 0.21875 0.21875
2991 0.40625 0.21875 0.21875
2992 0.4375 0.21875 0.21875
2993 0.46875 0.21875 0.21875
2994 0.03125 0.25 0.21875
2995 0.0625 0.25 0.21875
2996 0.09375 0.25 0.21875
2997 0.125 0.25 0.21875
2998 0.15625 0.25 0.21875
2999 0.1875 0.25 0.21875
3000 0.21875 0.25 0.21875
3001 0.25 0.25 0.21875
3002 0.28125 0.25 0.21875
3003 0.3125 0.25 0.21875
3004 0.34375 0.25 0.21875
3005 0.375 0.25 0.21875
3006 0.40625 0.25 0.21875
3007 0.4375 0.25 0.21875
3008 0.46875 0.25 0.21875
3009 0.03125 0.28125 0.21875
3010 0.0625 0.28125 0.21875
3011 0.09375 0.28125 0.21875
3012 0.125 0.28125 0.21875
3013 0.15625 0.28125 0.21875
3014 0.1875 0.28125 0.21875
3015 0.21875 0.28125 0.21875
3016 0.25 0.28125 0.21875
3017 0.28125 0.28125 0.21875
3018 0.3125 0.28125 0.21875
3019 0.34375 0.28125 0.21875
3020 0.375 0.28125 0.21875
3021 0.40625 0.28125 0.21875
3022 0.4375 0.28125 0.21875
3023 0.46875 0.28125 0.21875
3024 0.03125 0.3125 0.21875
3025 0.0625 0.3125 0.21875
3026 0.09375 0.3125 0.21875
3027 0.125 0.3125 0.21875
3028 0.15625 0.3125 0.21875
3029 0.1875 0.3125 0.21875
3030 0.21875 0.3125 0.21875
3031 0.25 0.3125 0.21875
3032 0.28125 0.3125 0.21875
3033 0.3125 0.3125 0.21875
3034 0.34375 0.3125 0.21875
3035 0.375 0.3125 0.21875
3036 0.40625 0.3125 0.21875
3037 0.4375 0.3125 0.21875
3038 0.46875 0.3125 0.21875
3039 0.03125 0.34375 0.21875
3040 0.0625 0.34375 0.21875
3041 0.09375 0.34375 0.21875
3042 0.125 0.34375 0.21875
3043 0.15625 0.34375 0.21875
3044 0.1875 0.34375 0.21875
3045 0.21875 0.34375 0.21875
3046 0.25 0.34375 0.21875
3047 0.28125 0.34375 0.21875
3048 0.3125 0.34375 0.21875
3049 0.34375 0.34375 0.21875
3050 0.375 0.34375 0.21875
3051 0.40625 0.34375 0.21875
3052 0.4375 0.34375 0.21875
3053 0.46875 0.34375 0.21875
3054 0.03125 0.375 0.21875
3055 0.0625 0.375 0.21875
3056 0.09375 0.375 0.21875
3057 0.125 0.375 0.21875
3058 0.15625 0.375 0.21875
3059 0.1875 0.375 0.21875
3060 0.21875 0.375 0.21875
3061 0.25 0.375 0.21875
3062 0.28125 0.375 0.21875
3063 0.3125 0.375 0.21875
3064 0.34375 0.375 0.21875
3065 0.375 0.375 0.21875
3066 0.40625 0.375 0.21875
3067 0.4375 0.375 0.21875
3068 0.46875 0.375 0.21875
3069 0.03125 0.40625 0.21875
3070 0.0625 0.40625 0.21875
3071 0.09375 0.40625 0.21875
3072 0.125 0.40625 0.21875
3073 0.15625 0.40625 0.21875
3074 0.1875 0.40625 0.21875
3075 0.21875 0.40625 0.21875
3076 0.25 0.40625 0.21875
3077 0.28125 0.40625 0.21875
3078 0.3125 0.40625 0.21875
3079 0.34375 0.40625 0.21875
3080 0.375 0.40625 0.21875
3081 0.40625 0.40625 0.21875
3082 0.4375 0.40625 0.21875
3083 0.46875 0.40625 0.21875
3084 0.03125 0.4375 0.21875
3085 0.0625 0.4375 0.21875
3086 0.09375 0.4375 0.21875
3087 0.125 0.4375 0.21875
3088 0.15625 0.4375 0.21875
3089 0.1875 0.4375 0.21875
3090 0.21875 0.4375 0.21875
3091 0.25 0.4375 0.21875
3092 0.28125 0.4375 0.21875
3093 0.3125 0.4375 0.21875
3094 0.34375 0.4375 0.21875
3095 0.375 0.4375 0.21875
3096 0.40625 0.4375 0.21875
3097 0.4375 0.4375 0.21875
3098 0.46875 0.4375 0.21875
3099 0.03125 0.46875 0.21875
3100 0.0625 0.46875 0.21875
3101 0.09375 0.46875 0.21875
3102 0.125 0.46875 0.21875
3103 0.15625 0.46875 0.21875
3104 0.1875 0.46875 0.21875
3105 0.21875 0.46875 0.21875
3106 0.25 0.46875 0.21875
3107 0.28125 0.46875 0.21875
3108 0.3125 0.46875 0.21875
3109 0.34375 0.46875 0.21875
3110 0.375 0.46875 0.21875
3111 0.40625 0.46875 0.21875
3112 0.4375 0.46875 0.21875
3113 0.46875 0.46875 0.21875
3114 0.03125 0.03125 0.25
3115 0.0625 0.03125 0.25
3116 0.09375 0.03125 0.25
3117 0.125 0.03125 0.25
3118 0.15625 0.03125 0.25
3119 0.1875 0.03125 0.25
3120 0.21875 0.03125 0.25
3121 0.25 0.03125 0.25
3122 0.28125 0.03125 0.25
3123 0.3125 0.03125 0.25
3124 0.34375 0.03125 0.25
3125 0.375 0.03125 0.25
3126 0.40625 0.03125 0.25
3127 0.4375 0.03125 0.25
3128 0.46875 0.03125 0.25
3129 0.03125 0.0625 0.25
3130 0.0625 0.0625 0.25
3131 0.09375 0.0625 0.25
3132 0.125 0.0625 0.25
3133 0.15625 0.0625 0.25
3134 0.1875 0.0625 0.25
3135 0.21875 0.0625 0.25
3136 0.25 0.0625 0.25
3137 0.28125 0.0625 0.25
3138 0.3125 0.0625 0.25
3139 0.34375 0.0625 0.25
3140 0.375 0.0625 0.25
3141 0.40625 0.0625 0.25
3142 0.4375 0.0625 0.25
3143 0.46875 0.0625 0.25
3144 0.03125 0.09375 0.25
3145 0.0625 0.09375 0.25
3146 0.09375 0.09375 0.25
3147 0.125 0.09375 0.25
3148 0.15625 0.09375 0.25
3149 0.1875 0.09375 0.25
3150 0.21875 0.09375 0.25
3151 0.25 0.09375 0.25
3152 0.28125 0.09375 0.25
3153 0.3125 0.09375 0.25
3154 0.34375 0.09375 0.25
3155 0.375 0.09375 0.25
3156 0.40625 0.09375 0.25
3157 0.4375 0.09375 0.25
3158 0.46875 0.09375 0.25
3159 0.03125 0.125 0.25
3160 0.0625 0.125 0.25
3161 0.09375 0.125 0.25
3162 0.125 0.125 0.25
3163 0.15625 0.125 0.25
3164 0.1875 0.125 0.25
3165 0.21875 0.125 0.25
3166 0.25 0.125 0.25
3167 0.28125 0.125 0.25
3168 0.3125 0.125 0.25
3169 0.34375 0.125 0.25
3170 0.375 0.125 0.25
3171 0.40625 0.125 0.25
3172 0.4375 0.125 0.25
3173 0.46875 0.125 0.25
3174 0.03125 0.15625 0.25
3175 0.0625 0.15625 0.25
3176 0.09375 0.15625 0.25
3177 0.125 0.15625 0.25
3178 0.15625 0.15625 0.25
3179 0.1875 0.15625 0.25
3180 0.21875 0.15625 0.25
3181 0.25 0.15625 0.25
3182 0.28125 0.15625 0.25
3183 0.3125 0.15625 0.25
3184 0.34375 0.15625 0.25
3185 0.375 0.15625 0.25
3186 0.40625 0.15625 0.25
3187 0.4375 0.15625 0.25
3188 0.46875 0.15625 0.25
3189 0.03125 0.1875 0.25
3190 0.0625 0.1875 0.25
3191 0.09375 0.1875 0.25
3192 0.125 0.1875 0.25
3193 0.15625 0.1875 0.25
3194 0.1875 0.1875 0.25
3195 0.21875 0.1875 0.25
3196 0.25 0.1875 0.25
3197 0.28125 0.1875 0.25
3198 0.3125 0.1875 0.25
3199 0.34375 0.1875 0.25
3200 0.375 0.1875 0.25
3201 0.40625 0.1875 0.25
3202 0.4375 0.1875 0.25
3203 0.46875 0.1875 0.25
3204 0.03125 0.21875 0.25
3205 0.0625 0.21875 0.25
3206 0.09375 0.21875 0.25
3207 0.125 0.21875 0.25
3208 0.15625 0.21875 0.25
3209 0.1875 0.21875 0.25
3210 0.21875 0.21875 0.25
3211 0.25 0.21875 0.25
3212 0.28125 0.21875 0.25
3213 0.3125 0.21875 0.25
3214 0.34375 0.21875 0.25
3215 0.375 0.21875 0.25
3216 0.40625 0.21875 0.25
3217 0.4375 0.21875 0.25
3218 0.46875 0.21875 0.25
3219 0.03125 0.25 0.25
3220 0.0625 0.25 0.25
3221 0.09375 0.25 0.25
3222 0.125 0.25 0.25
3223 0.15625 0.25 0.25
3224 0.1875 0.25 0.25
3225 0.21875 0.25 0.25
3226 0.25 0.25 0.25
3227 0.28125 0.25 0.25
3228 0.3125 0.25 0.25
3229 0.34375 0.25 0.25
3230 0.375 0.25 0.25
3231 0.40625 0.25 0.25
3232 0.4375 0.25 0.25
3233 0.46875 0.25 0.25
3234 0.03125 0.28125 0.25
3235 0.0625 0.28125 0.25
3236 0.09375 0.28125 0.25
3237 0.125 0.28125 0.25
3238 0.15625 0.28125 0.25
3239 0.1875 0.28125 0.25
3240 0.21875 0.28125 0.25
3241 0.25 0.28125 0.25
3242 0.28125 0.28125 0.25
3243 0.3125 0.28125 0.25
3244 0.34375 0.28125 0.25
3245 0.375 0.28125 0.25
3246 0.40625 0.28125 0.25
3247 0.4375 0.28125 0.25
3248 0.46875 0.28125 0.25
3249 0.03125 0.3125 0.25
3250 0.0625 0.3125 0.25
3251 0.09375 0.3125 0.25
3252 0.125 0.3125 0.25
3253 0.15625 0.3125 0.25
3254 0.1875 0.3125 0.25
3255 0.21875 0.3125 0.25
3256 0.25 0.3125 0.25
3257 0.28125 0.3125 0.25
3258 0.3125 0.3125 0.25
3259 0.34375 0.3125 0.25
3260 0.375 0.3125 0.25
3261 0.40625 0.3125 0.25
3262 0.4375 0.3125 0.25
3263 0.46875 0.3125 0.25
3264 0.03125 0.34375 0.25
3265 0.0625 0.34375 0.25
3266 0.09375 0.34375 0.25
3267 0.125 0.34375 0.25
3268 0.15625 0.34375 0.25
3269 0.1875 0.34375 0.25
3270 0.21875 0.34375 0.25
3271 0.25 0.34375 0.25
3272 0.28125 0.34375 0.25
3273 0.3125 0.34375 0.25
3274 0.34375 0.34375 0.25
3275 0.375 0.34375 0.25
3276 0.40625 0.34375 0.25
3277 0.4375 0.34375 0.25
3278 0.46875 0.34375 0.25
3279 0.03125 0.375 0.25
3280 0.0625 0.375 0.25
3281 0.09375 0.375 0.25
3282 0.125 0.375 0.25
3283 0.15625 0.375 0.25
3284 0.1875 0.375 0.25
3285 0.21875 0.375 0.25
3286 0.25 0.375 0.25
3287 0.28125 0.375 0.25
3288 0.3125 0.375 0.25
3289 0.34375 0.375 0.25
3290 0.375 0.375 0.25
3291 0.40625 0.375 0.25
3292 0.4375 0.375 0.25
3293 0.46875 0.375 0.25
3294 0.03125 0.40625 0.25
3295 0.0625 0.40625 0.25
3296 0.09375 0.40625 0.25
3297 0.125 0.40625 0.25
3298 0.15625 0.40625 0.25
3299 0.1875 0.40625 0.25
3300 0.21875 0.40625 0.25
3301 0.25 0.40625 0.25
3302 0.28125 0.40625 0.25
3303 0.3125 0.40625 0.25
3304 0.34375 0.40625 0.25
3305 0.375 0.40625 0.25
3306 0.40625 0.40625 0.25
3307 0.4375 0.40625 0.25
3308 0.46875 0.40625 0.25
3309 0.03125 0.4375 0.25
3310 0.0625 0.4375 0.25
3311 0.09375 0.4375 0.25
3312 0.125 0.4375 0.25
3313 0.15625 0.4375 0.25
3314 0.1875 0.4375 0.25
3315 0.21875 0.4375 0.25
3316 0.25 0.4375 0.25
3317 0.28125 0.4375 0.25
3318 0.3125 0.4375 0.25
3319 0.34375 0.4375 0.25
3320 0.375 0.4375 0.25
3321 0.40625 0.4375 0.25
3322 0.4375 0.4375 0.25
3323 0.46875 0.4375 0.25
3324 0.03125 0.46875 0.25
3325 0.0625 0.46875 0.25
3326 0.09375 0.46875 0.25
3327 0.125 0.46875 0.25
3328 0.15625 0.46875 0.25
3329 0.1875 0.46875 0.25
3330 0.21875 0.46875 0.25
3331 0.25 0.46875 0.25
3332 0.28125 0.46875 0.25
3333 0.3125 0.46875 0.25
3334 0.34375 0.46875 0.25
3335 0.375 0.46875 0.25
3336 0.40625 0.46875 0.25
3337 0.4375 0.46875 0.25
3338 0.46875 0.46875 0.25
3339 0.03125 0.03125 0.28125
3340 0.0625 0.03125 0.28125
3341 0.09375 0.03125 0.28125
3342 0.125 0.03125 0.28125
3343 0.15625 0.03125 0.28125
3344 0.1875 0.03125 0.28125
3345 0.21875 0.03125 0.28125
3346 0.25 0.03125 0.28125
3347 0.28125 0.03125 0.28125
3348 0.3125 0.03125 0.28125
3349 0.34375 0.03125 0.28125
3350 0.375 0.03125 0.28125
3351 0.40625 0.03125 0.28125
3352 0.4375 0.03125 0.28125
3353 0.46875 0.03125 0.28125
3354 0.03125 0.0625 0.28125
3355 0.0625 0.0625 0.28125
3356 0.09375 0.0625 0.28125
3357 0.125 0.0625 0.28125
3358 0.15625 0.0625 0.28125
3359 0.1875 0.0625 0.28125
3360 0.21875 0.0625 0.28125
3361 0.25 0.0625 0.28125
3362 0.28125 0.0625 0.28125
3363 0.3125 0.0625 0.28125
3364 0.34375 0.0625 0.28125
3365 0.375 0.0625 0.28125
3366 0.40625 0.0625 0.28125
3367 0.4375 0.0625 0.28125
3368 0.46875 0.0625 0.28125
3369 0.03125 0.09375 0.28125
3370 0.0625 0.09375 0.28125
3371 0.09375 0.09375 0.28125
3372 0.125 0.09375 0.28125
3373 0.15625 0.09375 0.28125
3374 0.1875 0.09375 0.28125
3375 0.21875 0.09375 0.28125
3376 0.25 0.09375 0.28125
3377 0.28125 0.09375 0.28125
3378 0.3125 0.09375 0.28125
3379 0.34375 0.09375 0.28125
3380 0.375 0.09375 0.28125
3381 0.40625 0.09375 0.28125
3382 0.4375 0.09375 0.28125
3383 0.46875 0.09375 0.28125
3384 0.03125 0.125 0.28125
3385 0.0625 0.125 0.28125
3386 0.09375 0.125 0.28125
3387 0.125 0.125 0.28125
3388 0.15625 0.125 0.28125
3389 0.1875 0.125 0.28125
3390 0.21875 0.125 0.28125
3391 0.25 0.125 0.28125
3392 0.28125 0.125 0.28125
3393 0.3125 0.125 0.28125
3394 0.34375 0.125 0.28125
3395 0.375 0.125 0.28125
3396 0.40625 0.125 0.28125
3397 0.4375 0.125 0.28125
3398 0.46875 0.125 0.28125
3399 0.03125 0.15625 0.28125
3400 0.0625 0.15625 0.28125
3401 0.09375 0.15625 0.28125
3402 0.125 0.15625 0.28125
3403 0.15625 0.15625 0.28125
3404 0.1875 0.15625 0.28125
3405 0.21875 0.15625 0.28125
3406 0.25 0.15625 0.28125
3407 0.28125 0.15625 0.28125
3408 0.3125 0.15625 0.28125
3409 0.34375 0.15625 0.28125
3410 0.375 0.15625 0.28125
3411 0.40625 0.15625 0.28125
3412 0.4375 0.15625 0.28125
3413 0.46875 0.15625 0.28125
3414 0.03125 0.1875 0.28125
3415 0.0625 0.1875 0.28125
3416 0.09375 0.1875 0.28125
3417 0.125 0.1875 0.28125
3418 0.15625 0.1875 0.28125
3419 0.1875 0.1875 0.28125
3420 0.21875 0.1875 0.28125
3421 0.25 0.1875 0.28125
3422 0.28125 0.1875 0.28125
3423 0.3125 0.1875 0.28125
3424 0.34375 0.1875 0.28125
3425 0.375 0.1875 0.28125
3426 0.40625 0.1875 0.28125
3427 0.4375 0.1875 0.28125
3428 0.46875 0.1875 0.28125
3429 0.03125 0.21875 0.28125
3430 0.0625 0.21875 0.28125
3431 0.09375 0.21875 0.28125
3432 0.125 0.21875 0.28125
3433 0.15625 0.21875 0.28125
3434 0.1875 0.21875 0.28125
3435 0.21875 0.21875 0.28125
3436 0.25 0.21875 0.28125
3437 0.28125 0.21875 0.28125
3438 0.3125 0.21875 0.28125
3439 0.34375 0.21875 0.28125
3440 0.375 0.21875 0.28125
3441 0.40625 0.21875 0.28125
3442 0.4375 0.21875 0.28125
3443 0.46875 0.21875 0.28125
3444 0.03125 0.25 0.28125
3445 0.0625 0.25 0.28125
3446 0.09375 0.25 0.28125
3447 0.125 0.25 0.28125
3448 0.15625 0.25 0.28125
3449 0.1875 0.25 0.28125
3450 0.21875 0.25 0.28125
3451 0.25 0.25 0.28125
3452 0.28125 0.25 0.28125
3453 0.3125 0.25 0.28125
3454 0.34375 0.25 0.28125
3455 0.375 0.25 0.28125
3456 0.40625 0.25 0.28125
3457 0.4375 0.25 0.28125
3458 0.46875 0.25 0.28125
3459 0.03125 0.28125 0.28125
3460 0.0625 0.28125 0.28125
3461 0.09375 0.28125 0.28125
3462 0.125 0.28125 0.28125
3463 0.15625 0.28125 0.28125
3464 0.1875 0.28125 0.28125
3465 0.21875 0.28125 0.28125
3466 0.25 0.28125 0.28125
3467 0.28125 0.28125 0.28125
3468 0.3125 0.28125 0.28125
3469 0.34375 0.28125 0.28125
3470 0.375 0.28125 0.28125
3471 0.40625 0.28125 0.28125
3472 0.4375 0.28125 0.28125
3473 0.46875 0.28125 0.28125
3474 0.03125 0.3125 0.28125
3475 0.0625 0.3125 0.28125
3476 0.09375 0.3125 0.28125
3477 0.125 0.3125 0.28125
3478 0.15625 0.3125 0.28125
3479 0.1875 0.3125 0.28125
3480 0.21875 0.3125 0.28125
3481 0.25 0.3125 0.28125
3482 0.28125 0.3125 0.28125
3483 0.3125 0.3125 0.28125
3484 0.34375 0.3125 0.28125
3485 0.375 0.3125 0.28125
3486 0.40625 0.3125 0.28125
3487 0.4375 0.3125 0.28125
3488 0.46875 0.3125 0.28125
3489 0.03125 0.34375 0.28125
3490 0.0625 0.34375 0.28125
3491 0.09375 0.34375 0.28125
3492 0.125 0.34375 0.28125
3493 0.15625 0.34375 0.28125
3494 0.1875 0.34375 0.28125
3495 0.21875 0.34375 0.28125
3496 0.25 0.34375 0.28125
3497 0.28125 0.34375 0.28125
3498 0.3125 0.34375 0.28125
3499 0.34375 0.34375 0.28125
3500 0.375 0.34375 0.28125
3501 0.40625 0.34375 0.28125
3502 0.4375 0.34375 0.28125
3503 0.46875 0.34375 0.28125
3504 0.03125 0.375 0.28125
3505 0.0625 0.375 0.28125
3506 0.09375 0.375 0.28125
3507 0.125 0.375 0.28125
3508 0.15625 0.375 0.28125
3509 0.1875 0.375 0.28125
3510 0.21875 0.375 0.28125
3511 0.25 0.375 0.28125
3512 0.28125 0.375 0.28125
3513 0.3125 0.375 0.28125
3514 0.34375 0.375 0.28125
3515 0.375 0.375 0.28125
3516 0.40625 0.375 0.28125
3517 0.4375 0.375 0.28125
3518 0.46875 0.375 0.28125
3519 0.03125 0.40625 0.28125
3520 0.0625 0.40625 0.28125
3521 0.09375 0.40625 0.28125
3522 0.125 0.40625 0.28125
3523 0.15625 0.40625 0.28125
3524 0.1875 0.40625 0.28125
3525 0.21875 0.40625 0.28125
3526 0.25 0.40625 0.28125
3527 0.28125 0.40625 0.28125
3528 0.3125 0.40625 0.28125
3529 0.34375 0.40625 0.28125
3530 0.375 0.40625 0.28125
3531 0.40625 0.40625 0.28125
3532 0.4375 0.40625 0.28125
3533 0.46875 0.40625 0.28125
3534 0.03125 0.4375 0.28125
3535 0.0625 0.4375 0.28125
3536 0.09375 0.4375 0.28125
3537 0.125 0.4375 0.28125
3538 0.15625 0.4375 0.28125
3539 0.1875 0.4375 0.28125
3540 0.21875 0.4375 0.28125
3541 0.25 0.4375 0.28125
3542 0.28125 0.4375 0.28125
3543 0.3125 0.4375 0.28125
3544 0.34375 0.4375 0.28125
3545 0.375 0.4375 0.28125
3546 0.40625 0.4375 0.28125
3547 0.4375 0.4375 0.28125
3548 0.46875 0.4375 0.28125
3549 0.03125 0.46875 0.28125
3550 0.0625 0.46875 0.28125
3551 0.09375 0.46875 0.28125
3552 0.125 0.46875 0.28125
3553 0.15625 0.46875 0.28125
3554 0.1875 0.46875 0.28125
3555 0.21875 0.46875 0.28125
3556 0.25 0.46875 0.28125
3557 0.28125 0.46875 0.28125
3558 0.3125 0.46875 0.28125
3559 0.34375 0.46875 0.28125
3560 0.375 0.46875 0.28125
3561 0.40625 0.46875 0.28125
3562 0.4375 0.46875 0.28125
3563 0.46875 0.46875 0.28125
3564 0.03125 0.03125 0.3125
3565 0.0625 0.03125 0.3125
3566 0.09375 0.03125 0.3125
3567 0.125 0.03125 0.3125
3568 0.15625 0.03125 0.3125
3569 0.1875 0.03125 0.3125
3570 0.21875 0.03125 0.3125
3571 0.25 0.03125 0.3125
3572 0.28125 0.03125 0.3125
3573 0.3125 0.03125 0.3125
3574 0.34375 0.03125 0.3125
3575 0.375 0.03125 0.3125
3576 0.40625 0.03125 0.3125
3577 0.4375 0.03125 0.3125
3578 0.46875 0.03125 0.3125
3579 0.03125 0.0625 0.3125
3580 0.0625 0.0625 0.3125
3581 0.09375 0.0625 0.3125
3582 0.125 0.0625 0.3125
3583 0.15625 0.0625 0.3125
3584 0.1875 0.0625 0.3125
3585 0.21875 0.0625 0.3125
3586 0.25 0.0625 0.3125
3587 0.28125 0.0625 0.3125
3588 0.3125 0.0625 0.3125
3589 0.34375 0.0625 0.3125
3590 0.375 0.0625 0.3125
3591 0.40625 0.0625 0.3125
3592 0.4375 0.0625 0.3125
3593 0.46875 0.0625 0.3125
3594 0.03125 0.09375 0.3125
3595 0.0625 0.09375 0.3125
3596 0.09375 0.09375 0.3125
3597 0.125 0.09375 0.3125
3598 0.15625 0.09375 0.3125
3599 0.1875 0.09375 0.3125
3600 0.21875 0.09375 0.3125
3601 0.25 0.09375 0.3125
3602 0.28125 0.09375 0.3125
3603 0.3125 0.09375 0.3125
3604 0.34375 0.09375 0.3125
3605 0.375 0.09375 0.3125
3606 0.40625 0.09375 0.3125
3607 0.4375 0.09375 0.3125
3608 0.46875 0.09375 0.3125
3609 0.03125 0.125 0.3125
3610 0.0625 0.125 0.3125
3611 0.09375 0.125 0.3125
3612 0.125 0.125 0.3125
3613 0.15625 0.125 0.3125
3614 0.1875 0.125 0.3125
3615 0.21875 0.125 0.3125
3616 0.25 0.125 0.3125
3617 0.28125 0.125 0.3125
3618 0.3125 0.125 0.3125
3619 0.34375 0.125 0.3125
3620 0.375 0.125 0.3125
3621 0.40625 0.125 0.3125
3622 0.4375 0.125 0.3125
3623 0.46875 0.125 0.3125
3624 0.03125 0.15625 0.3125
3625 0.0625 0.15625 0.3125
3626 0.09375 0.15625 0.3125
3627 0.125 0.15625 0.3125
3628 0.15625 0.15625 0.3125
3629 0.1875 0.15625 0.3125
3630 0.21875 0.15625 0.3125
3631 0.25 0.15625 0.3125
3632 0.28125 0.15625 0.3125
3633 0.3125 0.15625 0.3125
3634 0.34375 0.15625 0.3125
3635 0.375 0.15625 0.3125
3636 0.40625 0.15625 0.3125
3637 0.4375 0.15625 0.3125
3638 0.46875 0.15625 0.3125
3639 0.03125 0.1875 0.3125
3640 0.0625 0.1875 0.3125
3641 0.09375 0.1875 0.3125
3642 0.125 0.1875 0.3125
3643 0.15625 0.1875 0.3125
3644 0.1875 0.1875 0.3125
3645 0.21875 0.1875 0.3125
3646 0.25 0.1875 0.3125
3647 0.28125 0.1875 0.3125
3648 0.3125 0.1875 0.3125
3649 0.34375 0.1875 0.3125
3650 0.375 0.1875 0.3125
3651 0.40625 0.1875 0.3125
3652 0.4375 0.1875 0.3125
3653 0.46875 0.1875 0.3125
3654 0.03125 0.21875 0.3125
3655 0.0625 0.21875 0.3125
3656 0.09375 0.21875 0.3125
3657 0.125 0.21875 0.3125
3658 0.15625 0.21875 0.3125
3659 0.1875 0.21875 0.3125
3660 0.21875 0.21875 0.3125
3661 0.25 0.21875 0.3125
3662 0.28125 0.21875 0.3125
3663 0.3125 0.21875 0.3125
3664 0.34375 0.21875 0.3125
3665 0.375 0.21875 0.3125
3666 0.40625 0.21875 0.3125
3667 0.4375 0.21875 0.3125
3668 0.46875 0.21875 0.3125
3669 0.03125 0.25 0.3125
3670 0.0625 0.25 0.3125
3671 0.09375 0.25 0.3125
3672 0.125 0.25 0.3125
3673 0.15625 0.25 0.3125
3674 0.1875 0.25 0.3125
3675 0.21875 0.25 0.3125
3676 0.25 0.25 0.3125
3677 0.28125 0.25 0.3125
3678 0.3125 0.25 0.3125
3679 0.34375 0.25 0.3125
3680 0.375 0.25 0.3125
3681 0.40625 0.25 0.3125
3682 0.4375 0.25 0.3125
3683 0.46875 0.25 0.3125
3684 0.03125 0.28125 0.3125
3685 0.0625 0.28125 0.3125
3686 0.09375 0.28125 0.3125
3687 0.125 0.28125 0.3125
3688 0.15625 0.28125 0.3125
3689 0.1875 0.28125 0.3125
3690 0.21875 0.28125 0.3125
3691 0.25 0.28125 0.3125
3692 0.28125 0.28125 0.3125
3693 0.3125 0.28125 0.3125
3694 0.34375 0.28125 0.3125
3695 0.375 0.28125 0.3125
3696 0.40625 0.28125 0.3125
3697 0.4375 0.28125 0.3125
3698 0.46875 0.28125 0.3125
3699 0.03125 0.3125 0.3125
3700 0.0625 0.3125 0.3125
3701 0.09375 0.3125 0.3125
3702 0.125 0.3125 0.3125
3703 0.15625 0.3125 0.3125
3704 0.1875 0.3125 0.3125
3705 0.21875 0.3125 0.3125
3706 0.25 0.3125 0.3125
3707 0.28125 0.3125 0.3125
3708 0.3125 0.3125 0.3125
3709 0.34375 0.3125 0.3125
3710 0.375 0.3125 0.3125
3711 0.40625 0.3125 0.3125
3712 0.4375 0.3125 0.3125
3713 0.46875 0.3125 0.3125
3714 0.03125 0.34375 0.3125
3715 0.0625 0.34375 0.3125
3716 0.09375 0.34375 0.3125
3717 0.125 0.34375 0.3125
3718 0.15625 0.34375 0.3125
3719 0.1875 0.34375 0.3125
3720 0.21875 0.34375 0.3125
3721 0.25 0.34375 0.3125
3722 0.28125 0.34375 0.3125
3723 0.3125 0.34375 0.3125
3724 0.34375 0.34375 0.3125
3725 0.375 0.34375 0.3125
3726 0.40625 0.34375 0.3125
3727 0.4375 0.34375 0.3125
3728 0.46875 0.34375 0.3125
3729 0.03125 0.375 0.3125
3730 0.0625 0.375 0.3125
3731 0.09375 0.375 0.3125
3732 0.125 0.375 0.3125
3733 0.15625 0.375 0.3125
3734 0.1875 0.375 0.3125
3735 0.21875 0.375 0.3125
3736 0.25 0.375 0.3125
3737 0.28125 0.375 0.3125
3738 0.3125 0.375 0.3125
3739 0.34375 0.375 0.3125
3740 0.375 0.375 0.3125
3741 0.40625 0.375 0.3125
3742 0.4375 0.375 0.3125
3743 0.46875 0.375 0.3125
3744 0.03125 0.40625 0.3125
3745 0.0625 0.40625 0.3125
3746 0.09375 0.40625 0.3125
3747 0.125 0.40625 0.3125
3748 0.15625 0.40625 0.3125
3749 0.1875 0.40625 0.3125
3750 0.21875 0.40625 0.3125
3751 0.25 0.40625 0.3125
3752 0.28125 0.40625 0.3125
3753 0.3125 0.40625 0.3125
3754 0.34375 0.40625 0.3125
3755 0.375 0.40625 0.3125
3756 0.40625 0.40625 0.3125
3757 0.4375 0.40625 0.3125
3758 0.46875 0.40625 0.3125
3759 0.03125 0.4375 0.3125
3760 0.0625 0.4375 0.3125
3761 0.09375 0.4375 0.3125
3762 0.125 0.4375 0.3125
3763 0.15625 0.4375 0.3125
3764 0.1875 0.4375 0.3125
3765 0.21875 0.4375 0.3125
3766 0.25 0.4375 0.3125
3767 0.28125 0.4375 0.3125
3768 0.3125 0.4375 0.3125
3769 0.34375 0.4375 0.3125
3770 0.375 0.4375 0.3125
3771 0.40625 0.4375 0.3125
3772 0.4375 0.4375 0.3125
3773 0.46875 0.4375 0.3125
3774 0.03125 0.46875 0.3125
3775 0.0625 0.46875 0.3125
3776 0.09375 0.46875 0.3125
3777 0.125 0.46875 0.3125
3778 0.15625 0.46875 0.3125
3779 0.1875 0.46875 0.3125
3780 0.21875 0.46875 0.3125
3781 0.25 0.46875 0.3125
3782 0.28125 0.46875 0.3125
3783 0.3125 0.46875 0.3125
3784 0.34375 0.46875 0.3125
3785 0.375 0.46875 0.3125
3786 0.40625 0.46875 0.3125
3787 0.4375 0.46875 0.3125
3788 0.46875 0.46875 0.3125
3789 0.03125 0.03125 0.34375
3790 0.0625 0.03125 0.34375
3791 0.09375 0.03125 0.34375
3792 0.125 0.03125 0.34375
3793 0.15625 0.03125 0.34375
3794 0.1875 0.03125 0.34375
3795 0.21875 0.03125 0.34375
3796 0.25 0.03125 0.34375
3797 0.28125 0.03125 0.34375
3798 0.3125 0.03125 0.34375
3799 0.34375 0.03125 0.34375
3800 0.375 0.03125 0.34375
3801 0.40625 0.03125 0.34375
3802 0.4375 0.03125 0.34375
3803 0.46875 0.03125 0.34375
3804 0.03125 0.0625 0.34375
3805 0.0625 0.0625 0.34375
3806 0.09375 0.0625 0.34375
3807 0.125 0.0625 0.34375
3808 0.15625 0.0625 0.34375
3809 0.1875 0.0625 0.34375
3810 0.21875 0.0625 0.34375
3811 0.25 0.0625 0.34375
3812 0.28125 0.0625 0.34375
3813 0.3125 0.0625 0.34375
3814 0.34375 0.0625 0.34375
3815 0.375 0.0625 0.34375
3816 0.40625 0.0625 0.34375
3817 0.4375 0.0625 0.34375
3818 0.46875 0.0625 0.34375
3819 0.03125 0.09375 0.34375
3820 0.0625 0.09375 0.34375
3821 0.09375 0.09375 0.34375
3822 0.125 0.09375 0.34375
3823 0.15625 0.09375 0.34375
3824 0.1875 0.09375 0.34375
3825 0.21875 0.09375 0.34375
3826 0.25 0.09375 0.34375
3827 0.28125 0.09375 0.34375
3828 0.3125 0.09375 0.34375
3829 0.34375 0.09375 0.34375
3830 0.375 0.09375 0.34375
3831 0.40625 0.09375 0.34375
3832 0.4375 0.09375 0.34375
3833 0.46875 0.09375 0.34375
3834 0.03125 0.125 0.34375
3835 0.0625 0.125 0.34375
3836 0.09375 0.125 0.34375
3837 0.125 0.125 0.34375
3838 0.15625 0.125 0.34375
3839 0.1875 0.125 0.34375
3840 0.21875 0.125 0.34375
3841 0.25 0.125 0.34375
3842 0.28125 0.125 0.34375
3843 0.3125 0.125 0.34375
3844 0.34375 0.125 0.34375
3845 0.375 0.125 0.34375
3846 0.40625 0.125 0.34375
3847 0.4375 0.125 0.34375
3848 0.46875 0.125 0.34375
3849 0.03125 0.15625 0.34375
3850 0.0625 0.15625 0.34375
3851 0.09375 0.15625 0.34375
3852 0.125 0.15625 0.34375
3853 0.15625 0.15625 0.34375
3854 0.1875 0.15625 0.34375
3855 0.21875 0.15625 0.34375
3856 0.25 0.15625 0.34375
3857 0.28125 0.15625 0.34375
3858 0.3125 0.15625 0.34375
3859 0.34375 0.15625 0.34375
3860 0.375 0.15625 0.34375
3861 0.40625 0.15625 0.34375
3862 0.4375 0.15625 0.34375
3863 0.46875 0.15625 0.34375
3864 0.03125 0.1875 0.34375
3865 0.0625 0.1875 0.34375
3866 0.09375 0.1875 0.34375
3867 0.125 0.1875 0.34375
3868 0.15625 0.1875 0.34375
3869 0.1875 0.1875 0.34375
3870 0.21875 0.1875 0.34375
3871 0.25 0.1875 0.34375
3872 0.28125 0.1875 0.34375
3873 0.3125 0.1875 0.34375
3874 0.34375 0.1875 0.34375
3875 0.375 0.1875 0.34375
3876 0.40625 0.1875 0.34375
3877 0.4375 0.1875 0.34375
3878 0.46875 0.1875 0.34375
3879 0.03125 0.21875 0.34375
3880 0.0625 0.21875 0.34375
3881 0.09375 0.21875 0.34375
3882 0.125 0.21875 0.34375
3883 0.15625 0.21875 0.34375
3884 0.1875 0.21875 0.34375
3885 0.21875 0.21875 0.34375
3886 0.25 0.21875 0.34375
3887 0.28125 0.21875 0.34375
3888 0.3125 0.21875 0.34375
3889 0.34375 0.21875 0.34375
3890 0.375 0.21875 0.34375
3891 0.40625 0.21875 0.34375
3892 0.4375 0.21875 0.34375
3893 0.46875 0.21875 0.34375
3894 0.03125 0.25 0.34375
3895 0.0625 0.25 0.34375
3896 0.09375 0.25 0.34375
3897 0.125 0.25 0.34375
3898 0.15625 0.25 0.34375
3899 0.1875 0.25 0.34375
3900 0.21875 0.25 0.34375
3901 0.25 0.25 0.34375
3902 0.28125 0.25 0.34375
3903 0.3125 0.25 0.34375
3904 0.34375 0.25 0.34375
3905 0.375 0.25 0.34375
3906 0.40625 0.25 0.34375
3907 0.4375 0.25 0.34375
3908 0.46875 0.25 0.34375
3909 0.03125 0.28125 0.34375
3910 0.0625 0.28125 0.34375
3911 0.09375 0.28125 0.34375
3912 0.125 0.28125 0.34375
3913 0.15625 0.28125 0.34375
3914 0.1875 0.28125 0.34375
3915 0.21875 0.28125 0.34375
3916 0.25 0.28125 0.34375
3917 0.28125 0.28125 0.34375
3918 0.3125 0.28125 0.34375
3919 0.34375 0.28125 0.34375
3920 0.375 0.28125 0.34375
3921 0.40625 0.28125 0.34375
3922 0.4375 0.28125 0.34375
3923 0.46875 0.28125 0.34375
3924 0.03125 0.3125 0.34375
3925 0.0625 0.3125 0.34375
3926 0.09375 0.3125 0.34375
3927 0.125 0.3125 0.34375
3928 0.15625 0.3125 0.34375
3929 0.1875 0.3125 0.34375
3930 0.21875 0.3125 0.34375
3931 0.25 0.3125 0.34375
3932 0.28125 0.3125 0.34375
3933 0.3125 0.3125 0.34375
3934 0.34375 0.3125 0.34375
3935 0.375 0.3125 0.34375
3936 0.40625 0.3125 0.34375
3937 0.4375 0.3125 0.34375
3938 0.46875 0.3125 0.34375
3939 0.03125 0.34375 0.34375
3940 0.0625 0.34375 0.34375
3941 0.09375 0.34375 0.34375
3942 0.125 0.34375 0.34375
3943 0.15625 0.34375 0.34375
3944 0.1875 0.34375 0.34375
3945 0.21875 0.34375 0.34375
3946 0.25 0.34375 0.34375
3947 0.28125 0.34375 0.34375
3948 0.3125 0.34375 0.34375
3949 0.34375 0.34375 0.34375
3950 0.375 0.34375 0.34375
3951 0.40625 0.34375 0.34375
3952 0.4375 0.34375 0.34375
3953 0.46875 0.34375 0.34375
3954 0.03125 0.375 0.34375
3955 0.0625 0.375 0.34375
3956 0.09375 0.375 0.34375
3957 0.125 0.375 0.34375
3958 0.15625 0.375 0.34375
3959 0.1875 0.375 0.34375
3960 0.21875 0.375 0.34375
3961 0.25 0.375 0.34375
3962 0.28125 0.375 0.34375
3963 0.3125 0.375 0.34375
3964 0.34375 0.375 0.34375
3965 0.375 0.375 0.34375
3966 0.40625 0.375 0.34375
3967 0.4375 0.375 0.34375
3968 0.46875 0.375 0.34375
3969 0.03125 0.40625 0.34375
3970 0.0625 0.40625 0.34375
3971 0.09375 0.40625 0.34375
3972 0.125 0.40625 0.34375
3973 0.15625 0.40625 0.34375
3974 0.1875 0.40625 0.34375
3975 0.21875 0.40625 0.34375
3976 0.25 0.40625 0.34375
3977 0.28125 0.40625 0.34375
3978 0.3125 0.40625 0.34375
3979 0.34375 0.40625 0.34375
3980 0.375 0.40625 0.34375
3981 0.40625 0.40625 0.34375
3982 0.4375 0.40625 0.34375
3983 0.46875 0.40625 0.34375
3984 0.03125 0.4375 0.34375
3985 0.0625 0.4375 0.34375
3986 0.09375 0.4375 0.34375
3987 0.125 0.4375 0.34375
3988 0.15625 0.4375 0.34375
3989 0.1875 0.4375 0.34375
3990 0.21875 0.4375 0.34375
3991 0.25 0.4375 0.34375
3992 0.28125 0.4375 0.34375
3993 0.3125 0.4375 0.34375
3994 0.34375 0.4375 0.34375
3995 0.375 0.4375 0.34375
3996 0.40625 0.4375 0.34375
3997 0.4375 0.4375 0.34375
3998 0.46875 0.4375 0.34375
3999 0.03125 0.46875 0.34375
4000 0.0625 0.46875 0.34375
4001 0.09375 0.46875 0.34375
4002 0.125 0.46875 0.34375
4003 0.15625 0.46875 0.34375
4004 0.1875 0.46875 0.34375
4005 0.21875 0.46875 0.34375
4006 0.25 0.46875 0.34375
4007 0.28125 0.46875 0.34375
4008 0.3125 0.46875 0.34375
4009 0.34375 0.46875 0.34375
4010 0.375 0.46875 0.34375
4011 0.40625 0.46875 0.34375
4012 0.4375 0.46875 0.34375
4013 0.46875 0.46875 0.34375
4014 0.03125 0.03125 0.375
4015 0.0625 0.03125 0.375
4016 0.09375 0.03125 0.375
4017 0.125 0.03125 0.375
4018 0.15625 0.03125 0.375
4019 0.1875 0.03125 0.375
4020 0.21875 0.03125 0.375
4021 0.25 0.03125 0.375
4022 0.28125 0.03125 0.375
4023 0.3125 0.03125 0.375
4024 0.34375 0.03125 0.375
4025 0.375 0.03125 0.375
4026 0.40625 0.03125 0.375
4027 0.4375 0.03125 0.375
4028 0.46875 0.03125 0.375
4029 0.03125 0.0625 0.375
4030 0.0625 0.0625 0.375
4031 0.09375 0.0625 0.375
4032 0.125 0.0625 0.375
4033 0.15625 0.0625 0.375
4034 0.1875 0.0625 0.375
4035 0.21875 0.0625 0.375
4036 0.25 0.0625 0.375
4037 0.28125 0.0625 0.375
4038 0.3125 0.0625 0.375
4039 0.34375 0.0625 0.375
4040 0.375 0.0625 0.375
4041 0.40625 0.0625 0.375
4042 0.4375 0.0625 0.375
4043 0.46875 0.0625 0.375
4044 0.03125 0.09375 0.375
4045 0.0625 0.09375 0.375
4046 0.09375 0.09375 0.375
4047 0.125 0.09375 0.375
4048 0.15625 0.09375 0.375
4049 0.1875 0.09375 0.375
4050 0.21875 0.09375 0.375
4051 0.25 0.09375 0.375
4052 0.28125 0.09375 0.375
4053 0.3125 0.09375 0.375
4054 0.34375 0.09375 0.375
4055 0.375 0.09375 0.375
4056 0.40625 0.09375 0.375
4057 0.4375 0.09375 0.375
4058 0.46875 0.09375 0.375
4059 0.03125 0.125 0.375
4060 0.0625 0.125 0.375
4061 0.09375 0.125 0.375
4062 0.125 0.125 0.375
4063 0.15625 0.125 0.375
4064 0.1875 0.125 0.375
4065 0.21875 0.125 0.375
4066 0.25 0.125 0.375
4067 0.28125 0.125 0.375
4068 0.3125 0.125 0.375
4069 0.34375 0.125 0.375
4070 0.375 0.125 0.375
4071 0.40625 0.125 0.375
4072 0.4375 0.125 0.375
4073 0.46875 0.125 0.375
4074 0.03125 0.15625 0.375
4075 0.0625 0.15625 0.375
4076 0.09375 0.15625 0.375
4077 0.125 0.15625 0.375
4078 0.15625 0.15625 0.375
4079 0.1875 0.15625 0.375
4080 0.21875 0.15625 0.375
4081 0.25 0.15625 0.375
4082 0.28125 0.15625 0.375
4083 0.3125 0.15625 0.375
4084 0.34375 0.15625 0.375
4085 0.375 0.15625 0.375
4086 0.40625 0.15625 0.375
4087 0.4375 0.15625 0.375
4088 0.46875 0.15625 0.375
4089 0.03125 0.1875 0.375
4090 0.0625 0.1875 0.375
4091 0.09375 0.1875 0.375
4092 0.125 0.1875 0.375
4093 0.15625 0.1875 0.375
4094 0.1875 0.1875 0.375
4095 0.21875 0.1875 0.375
4096 0.25 0.1875 0.375
4097 0.28125 0.1875 0.375
4098 0.3125 0.1875 0.375
4099 0.34375 0.1875 0.375
4100 0.375 0.1875 0.375
4101 0.40625 0.1875 0.375
4102 0.4375 0.1875 0.375
4103 0.46875 0.1875 0.375
4104 0.03125 0.21875 0.375
4105 0.0625 0.21875 0.375
4106 0.09375 0.21875 0.375
4107 0.125 0.21875 0.375
4108 0.15625 0.21875 0.375
4109 0.1875 0.21875 0.375
4110 0.21875 0.21875 0.375
4111 0.25 0.21875 0.375
4112 0.28125 0.21875 0.375
4113 0.3125 0.21875 0.375
4114 0.34375 0.21875 0.375
4115 0.375 0.21875 0.375
4116 0.40625 0.21875 0.375
4117 0.4375 0.21875 0.375
4118 0.46875 0.21875 0.375
4119 0.03125 0.25 0.375
4120 0.0625 0.25 0.375
4121 0.09375 0.25 0.375
4122 0.125 0.25 0.375
4123 0.15625 0.25 0.375
4124 0.1875 0.25 0.375
4125 0.21875 0.25 0.375
4126 0.25 0.25 0.375
4127 0.28125 0.25 0.375
4128 0.3125 0.25 0.375
4129 0.34375 0.25 0.375
4130 0.375 0.25 0.375
4131 0.40625 0.25 0.375
4132 0.4375 0.25 0.375
4133 0.46875 0.25 0.375
4134 0.03125 0.28125 0.375
4135 0.0625 0.28125 0.375
4136 0.09375 0.28125 0.375
4137 0.125 0.28125 0.375
4138 0.15625 0.28125 0.375
4139 0.1875 0.28125 0.375
4140 0.21875 0.28125 0.375
4141 0.25 0.28125 0.375
4142 0.28125 0.28125 0.375
4143 0.3125 0.28125 0.375
4144 0.34375 0.28125 0.375
4145 0.375 0.28125 0.375
4146 0.40625 0.28125 0.375
4147 0.4375 0.28125 0.375
4148 0.46875 0.28125 0.375
4149 0.03125 0.3125 0.375
4150 0.0625 0.3125 0.375
4151 0.09375 0.3125 0.375
4152 0.125 0.3125 0.375
4153 0.15625 0.3125 0.375
4154 0.1875 0.3125 0.375
4155 0.21875 0.3125 0.375
4156 0.25 0.3125 0.375
4157 0.28125 0.3125 0.375
4158 0.3125 0.3125 0.375
4159 0.34375 0.3125 0.375
4160 0.375 0.3125 0.375
4161 0.40625 0.3125 0.375
4162 0.4375 0.3125 0.375
4163 0.46875 0.3125 0.375
4164 0.03125 0.34375 0.375
4165 0.0625 0.34375 0.375
4166 0.09375 0.34375 0.375
4167 0.125 0.34375 0.375
4168 0.15625 0.34375 0.375
4169 0.1875 0.34375 0.375
4170 0.21875 0.34375 0.375
4171 0.25 0.34375 0.375
4172 0.28125 0.34375 0.375
4173 0.3125 0.34375 0.375
4174 0.34375 0.34375 0.375
4175 0.375 0.34375 0.375
4176 0.40625 0.34375 0.375
4177 0.4375 0.34375 0.375
4178 0.46875 0.34375 0.375
4179 0.03125 0.375 0.375
4180 0.0625 0.375 0.375
4181 0.09375 0.375 0.375
4182 0.125 0.375 0.375
4183 0.15625 0.375 0.375
4184 0.1875 0.375 0.375
4185 0.21875 0.375 0.375
4186 0.25 0.375 0.375
4187 0.28125 0.375 0.375
4188 0.3125 0.375 0.375
4189 0.34375 0.375 0.375
4190 0.375 0.375 0.375
4191 0.40625 0.375 0.375
4192 0.4375 0.375 0.375
4193 0.46875 0.375 0.375
4194 0.03125 0.40625 0.375
4195 0.0625 0.40625 0.375
4196 0.09375 0.40625 0.375
4197 0.125 0.40625 0.375
4198 0.15625 0.40625 0.375
4199 0.1875 0.40625 0.375
4200 0.21875 0.40625 0.375
4201 0.25 0.40625 0.375
4202 0.28125 0.40625 0.375
4203 0.3125 0.40625 0.375
4204 0.34375 0.40625 0.375
4205 0.375 0.40625 0.375
4206 0.40625 0.40625 0.375
4207 0.4375 0.40625 0.375
4208 0.46875 0.40625 0.375
4209 0.03125 0.4375 0.375
4210 0.0625 0.4375 0.375
4211 0.09375 0.4375 0.375
4212 0.125 0.4375 0.375
4213 0.15625 0.4375 0.375
4214 0.1875 0.4375 0.375
4215 0.21875 0.4375 0.375
4216 0.25 0.4375 0.375
4217 0.28125 0.4375 0.375
4218 0.3125 0.4375 0.375
4219 0.34375 0.4375 0.375
4220 0.375 0.4375 0.375
4221 0.40625 0.4375 0.375
4222 0.4375 0.4375 0.375
4223 0.46875 0.4375 0.375
4224 0.03125 0.46875 0.375
4225 0.0625 0.46875 0.375
4226 0.09375 0.46875 0.375
4227 0.125 0.46875 0.375
4228 0.15625 0.46875 0.375
4229 0.1875 0.46875 0.375
4230 0.21875 0.46875 0.375
4231 0.25 0.46875 0.375
4232 0.28125 0.46875 0.375
4233 0.3125 0.46875 0.375
4234 0.34375 0.46875 0.375
4235 0.375 0.46875 0.375
4236 0.40625 0.46875 0.375
4237 0.4375 0.46875 0.375
4238 0.46875 0.46875 0.375
4239 0.03125 0.03125 0.40625
4240 0.0625 0.03125 0.40625
4241 0.09375 0.03125 0.40625
4242 0.125 0.03125 0.40625
4243 0.15625 0.03125 0.40625
4244 0.1875 0.03125 0.40625
4245 0.21875 0.03125 0.40625
4246 0.25 0.03125 0.40625
4247 0.28125 0.03125 0.40625
4248 0.3125 0.03125 0.40625
4249 0.34375 0.03125 0.40625
4250 0.375 0.03125 0.40625
4251 0.40625 0.03125 0.40625
4252 0.4375 0.03125 0.40625
4253 0.46875 0.03125 0.40625
4254 0.03125 0.0625 0.40625
4255 0.0625 0.0625 0.40625
4256 0.09375 0.0625 0.40625
4257 0.125 0.0625 0.40625
4258 0.15625 0.0625 0.40625
4259 0.1875 0.0625 0.40625
4260 0.21875 0.0625 0.40625
4261 0.25 0.0625 0.40625
4262 0.28125 0.0625 0.40625
4263 0.3125 0.0625 0.40625
4264 0.34375 0.0625 0.40625
4265 0.375 0.0625 0.40625
4266 0.40625 0.0625 0.40625
4267 0.4375 0.0625 0.40625
4268 0.46875 0.0625 0.40625
4269 0.03125 0.09375 0.40625
4270 0.0625 0.09375 0.40625
4271 0.09375 0.09375 0.40625
4272 0.125 0.09375 0.40625
4273 0.15625 0.09375 0.40625
4274 0.1875 0.09375 0.40625
4275 0.21875 0.09375 0.40625
4276 0.25 0.09375 0.40625
4277 0.28125 0.09375 0.40625
4278 0.3125 0.09375 0.40625
4279 0.34375 0.09375 0.40625
4280 0.375 0.09375 0.40625
4281 0.40625 0.09375 0.40625
4282 0.4375 0.09375 0.40625
4283 0.46875 0.09375 0.40625
4284 0.03125 0.125 0.40625
4285 0.0625 0.125 0.40625
4286 0.09375 0.125 0.40625
4287 0.125 0.125 0.40625
4288 0.15625 0.125 0.40625
4289 0.1875 0.125 0.40625
4290 0.21875 0.125 0.40625
4291 0.25 0.125 0.40625
4292 0.28125 0.125 0.40625
4293 0.3125 0.125 0.40625
4294 0.34375 0.125 0.40625
4295 0.375 0.125 0.40625
4296 0.40625 0.125 0.40625
4297 0.4375 0.125 0.40625
4298 0.46875 0.125 0.40625
4299 0.03125 0.15625 0.40625
4300 0.0625 0.15625 0.40625
4301 0.09375 0.15625 0.40625
4302 0.125 0.15625 0.40625
4303 0.15625 0.15625 0.40625
4304 0.1875 0.15625 0.40625
4305 0.21875 0.15625 0.40625
4306 0.25 0.15625 0.40625
4307 0.28125 0.15625 0.40625
4308 0.3125 0.15625 0.40625
4309 0.34375 0.15625 0.40625
4310 0.375 0.15625 0.40625
4311 0.40625 0.15625 0.40625
4312 0.4375 0.15625 0.40625
4313 0.46875 0.15625 0.40625
4314 0.03125 0.1875 0.40625
4315 0.0625 0.1875 0.40625
4316 0.09375 0.1875 0.40625
4317 0.125 0.1875 0.40625
4318 0.15625 0.1875 0.40625
4319 0.1875 0.1875 0.40625
4320 0.21875 0.1875 0.40625
4321 0.25 0.1875 0.40625
4322 0.28125 0.1875 0.40625
4323 0.3125 0.1875 0.40625
4324 0.34375 0.1875 0.40625
4325 0.375 0.1875 0.40625
4326 0.40625 0.1875 0.40625
4327 0.4375 0.1875 0.40625
4328 0.46875 0.1875 0.40625
4329 0.03125 0.21875 0.40625
4330 0.0625 0.21875 0.40625
4331 0.09375 0.21875 0.40625
4332 0.125 0.21875 0.40625
4333 0.15625 0.21875 0.40625
4334 0.1875 0.21875 0.40625
4335 0.21875 0.21875 0.40625
4336 0.25 0.21875 0.40625
4337 0.28125 0.21875 0.40625
4338 0.3125 0.21875 0.40625
4339 0.34375 0.21875 0.40625
4340 0.375 0.21875 0.40625
4341 0.40625 0.21875 0.40625
4342 0.4375 0.21875 0.40625
4343 0.46875 0.21875 0.40625
4344 0.03125 0.25 0.40625
4345 0.0625 0.25 0.40625
4346 0.09375 0.25 0.40625
4347 0.125 0.25 0.40625
4348 0.15625 0.25 0.40625
4349 0.1875 0.25 0.40625
4350 0.21875 0.25 0.40625
4351 0.25 0.25 0.40625
4352 0.28125 0.25 0.40625
4353 0.3125 0.25 0.40625
4354 0.34375 0.25 0.40625
4355 0.375 0.25 0.40625
4356 0.40625 0.25 0.40625
4357 0.4375 0.25 0.40625
4358 0.46875 0.25 0.40625
4359 0.03125 0.28125 0.40625
4360 0.0625 0.28125 0.40625
4361 0.09375 0.28125 0.40625
4362 0.125 0.28125 0.40625
4363 0.15625 0.28125 0.40625
4364 0.1875 0.28125 0.40625
4365 0.21875 0.28125 0.40625
4366 0.25 0.28125 0.40625
4367 0.28125 0.28125 0.40625
4368 0.3125 0.28125 0.40625
4369 0.34375 0.28125 0.40625
4370 0.375 0.28125 0.40625
4371 0.40625 0.28125 0.40625
4372 0.4375 0.28125 0.40625
4373 0.46875 0.28125 0.40625
4374 0.03125 0.3125 0.40625
4375 0.0625 0.3125 0.40625
4376 0.09375 0.3125 0.40625
4377 0.125 0.3125 0.40625
4378 0.15625 0.3125 0.40625
4379 0.1875 0.3125 0.40625
4380 0.21875 0.3125 0.40625
4381 0.25 0.3125 0.40625
4382 0.28125 0.3125 0.40625
4383 0.3125 0.3125 0.40625
4384 0.34375 0.3125 0.40625
4385 0.375 0.3125 0.40625
4386 0.40625 0.3125 0.40625
4387 0.4375 0.3125 0.40625
4388 0.46875 0.3125 0.40625
4389 0.03125 0.34375 0.40625
4390 0.0625 0.34375 0.40625
4391 0.09375 0.34375 0.40625
4392 0.125 0.34375 0.40625
4393 0.15625 0.34375 0.40625
4394 0.1875 0.34375 0.40625
4395 0.21875 0.34375 0.40625
4396 0.25 0.34375 0.40625
4397 0.28125 0.34375 0.40625
4398 0.3125 0.34375 0.40625
4399 0.34375 0.34375 0.40625
4400 0.375 0.34375 0.40625
4401 0.40625 0.34375 0.40625
4402 0.4375 0.34375 0.40625
4403 0.46875 0.34375 0.40625
4404 0.03125 0.375 0.40625
4405 0.0625 0.375 0.40625
4406 0.09375 0.375 0.40625
4407 0.125 0.375 0.40625
4408 0.15625 0.375 0.40625
4409 0.1875 0.375 0.40625
4410 0.21875 0.375 0.40625
4411 0.25 0.375 0.40625
4412 0.28125 0.375 0.40625
4413 0.3125 0.375 0.40625
4414 0.34375 0.375 0.40625
4415 0.375 0.375 0.40625
4416 0.40625 0.375 0.40625
4417 0.4375 0.375 0.40625
4418 0.46875 0.375 0.40625
4419 0.03125 0.40625 0.40625
4420 0.0625 0.40625 0.40625
4421 0.09375 0.40625 0.40625
4422 0.125 0.40625 0.40625
4423 0.15625 0.40625 0.40625
4424 0.1875 0.40625 0.40625
4425 0.21875 0.40625 0.40625
4426 0.25 0.40625 0.40625
4427 0.28125 0.40625 0.40625
4428 0.3125 0.40625 0.40625
4429 0.34375 0.40625 0.40625
4430 0.375 0.40625 0.40625
4431 0.40625 0.40625 0.40625
4432 0.4375 0.40625 0.40625
4433 0.46875 0.40625 0.40625
4434 0.03125 0.4375 0.40625
4435 0.0625 0.4375 0.40625
4436 0.09375 0.4375 0.40625
4437 0.125 0.4375 0.40625
4438 0.15625 0.4375 0.40625
4439 0.1875 0.4375 0.40625
4440 0.21875 0.4375 0.40625
4441 0.25 0.4375 0.40625
4442 0.28125 0.4375 0.40625
4443 0.3125 0.4375 0.40625
4444 0.34375 0.4375 0.40625
4445 0.375 0.4375 0.40625
4446 0.40625 0.4375 0.40625
4447 0.4375 0.4375 0.40625
4448 0.46875 0.4375 0.40625
4449 0.03125 0.46875 0.40625
4450 0.0625 0.46875 0.40625
4451 0.09375 0.46875 0.40625
4452 0.125 0.46875 0.40625
4453 0.15625 0.46875 0.40625
4454 0.1875 0.46875 0.40625
4455 0.21875 0.46875 0.40625
4456 0.25 0.46875 0.40625
4457 0.28125 0.46875 0.40625
4458 0.3125 0.46875 0.40625
4459 0.34375 0.46875 0.40625
4460 0.375 0.46875 0.40625
4461 0.40625 0.46875 0.40625
4462 0.4375 0.46875 0.40625
4463 0.46875 0.46875 0.40625
4464 0.03125 0.03125 0.4375
4465 0.0625 0.03125 0.4375
4466 0.09375 0.03125 0.4375
4467 0.125 0.03125 0.4375
4468 0.15625 0.03125 0.4375
4469 0.1875 0.03125 0.4375
4470 0.21875 0.03125 0.4375
4471 0.25 0.03125 0.4375
4472 0.28125 0.03125 0.4375
4473 0.3125 0.03125 0.4375
4474 0.34375 0.03125 0.4375
4475 0.375 0.03125 0.4375
4476 0.40625 0.03125 0.4375
4477 0.4375 0.03125 0.4375
4478 0.46875 0.03125 0.4375
4479 0.03125 0.0625 0.4375
4480 0.0625 0.0625 0.4375
4481 0.09375 0.0625 0.4375
4482 0.125 0.0625 0.4375
4483 0.15625 0.0625 0.4375
4484 0.1875 0.0625 0.4375
4485 0.21875 0.0625 0.4375
4486 0.25 0.0625 0.4375
4487 0.28125 0.0625 0.4375
4488 0.3125 0.0625 0.4375
4489 0.34375 0.0625 0.4375
4490 0.375 0.0625 0.4375
4491 0.40625 0.0625 0.4375
4492 0.4375 0.0625 0.4375
4493 0.46875 0.0625 0.4375
4494 0.03125 0.09375 0.4375
4495 0.0625 0.09375 0.4375
4496 0.09375 0.09375 0.4375
4497 0.125 0.09375 0.4375
4498 0.15625 0.09375 0.4375
4499 0.1875 0.09375 0.4375
4500 0.21875 0.09375 0.4375
4501 0.25 0.09375 0.4375
4502 0.28125 0.09375 0.4375
4503 0.3125 0.09375 0.4375
4504 0.34375 0.09375 0.4375
4505 0.375 0.09375 0.4375
4506 0.40625 0.09375 0.4375
4507 0.4375 0.09375 0.4375
4508 0.46875 0.09375 0.4375
4509 0.03125 0.125 0.4375
4510 0.0625 0.125 0.4375
4511 0.09375 0.125 0.4375
4512 0.125 0.125 0.4375
4513 0.15625 0.125 0.4375
4514 0.1875 0.125 0.4375
4515 0.21875 0.125 0.4375
4516 0.25 0.125 0.4375
4517 0.28125 0.125 0.4375
4518 0.3125 0.125 0.4375
4519 0.34375 0.125 0.4375
4520 0.375 0.125 0.4375
4521 0.40625 0.125 0.4375
4522 0.4375 0.125 0.4375
4523 0.46875 0.125 0.4375
4524 0.03125 0.15625 0.4375
4525 0.0625 0.15625 0.4375
4526 0.09375 0.15625 0.4375
4527 0.125 0.15625 0.4375
4528 0.15625 0.15625 0.4375
4529 0.1875 0.15625 0.4375
4530 0.21875 0.15625 0.4375
4531 0.25 0.15625 0.4375
4532 0.28125 0.15625 0.4375
4533 0.3125 0.15625 0.4375
4534 0.34375 0.15625 0.4375
4535 0.375 0.15625 0.4375
4536 0.40625 0.15625 0.4375
4537 0.4375 0.15625 0.4375
4538 0.46875 0.15625 0.4375
4539 0.03125 0.1875 0.4375
4540 0.0625 0.1875 0.4375
4541 0.09375 0.1875 0.4375
4542 0.125 0.1875 0.4375
4543 0.15625 0.1875 0.4375
4544 0.1875 0.1875 0.4375
4545 0.21875 0.1875 0.4375
4546 0.25 0.1875 0.4375
4547 0.28125 0.1875 0.4375
4548 0.3125 0.1875 0.4375
4549 0.34375 0.1875 0.4375
4550 0.375 0.1875 0.4375
4551 0.40625 0.1875 0.4375
4552 0.4375 0.1875 0.4375
4553 0.46875 0.1875 0.4375
4554 0.03125 0.21875 0.4375
4555 0.0625 0.21875 0.4375
4556 0.09375 0.21875 0.4375
4557 0.125 0.21875 0.4375
4558 0.15625 0.21875 0.4375
4559 0.1875 0.21875 0.4375
4560 0.21875 0.21875 0.4375
4561 0.25 0.21875 0.4375
4562 0.28125 0.21875 0.4375
4563 0.3125 0.21875 0.4375
4564 0.34375 0.21875 0.4375
4565 0.375 0.21875 0.4375
4566 0.40625 0.21875 0.4375
4567 0.4375 0.21875 0.4375
4568 0.46875 0.21875 0.4375
4569 0.03125 0.25 0.4375
4570 0.0625 0.25 0.4375
4571 0.09375 0.25 0.4375
4572 0.125 0.25 0.4375
4573 0.15625 0.25 0.4375
4574 0.1875 0.25 0.4375
4575 0.21875 0.25 0.4375
4576 0.25 0.25 0.4375
4577 0.28125 0.25 0.4375
4578 0.3125 0.25 0.4375
4579 0.34375 0.25 0.4375
4580 0.375 0.25 0.4375
4581 0.40625 0.25 0.4375
4582 0.4375 0.25 0.4375
4583 0.46875 0.25 0.4375
4584 0.03125 0.28125 0.4375
4585 0.0625 0.28125 0.4375
4586 0.09375 0.28125 0.4375
4587 0.125 0.28125 0.4375
4588 0.15625 0.28125 0.4375
4589 0.1875 0.28125 0.4375
4590 0.21875 0.28125 0.4375
4591 0.25 0.28125 0.4375
4592 0.28125 0.28125 0.4375
4593 0.3125 0.28125 0.4375
4594 0.34375 0.28125 0.4375
4595 0.375 0.28125 0.4375
4596 0.40625 0.28125 0.4375
4597 0.4375 0.28125 0.4375
4598 0.46875 0.28125 0.4375
4599 0.03125 0.3125 0.4375
4600 0.0625 0.3125 0.4375
4601 0.09375 0.3125 0.4375
4602 0.125 0.3125 0.4375
4603 0.15625 0.3125 0.4375
4604 0.1875 0.3125 0.4375
4605 0.21875 0.3125 0.4375
4606 0.25 0.3125 0.4375
4607 0.28125 0.3125 0.4375
4608 0.3125 0.3125 0.4375
4609 0.34375 0.3125 0.4375
4610 0.375 0.3125 0.4375
4611 0.40625 0.3125 0.4375
4612 0.4375 0.3125 0.4375
4613 0.46875 0.3125 0.4375
4614 0.03125 0.34375 0.4375
4615 0.0625 0.34375 0.4375
4616 0.09375 0.34375 0.4375
4617 0.125 0.34375 0.4375
4618 0.15625 0.34375 0.4375
4619 0.1875 0.34375 0.4375
4620 0.21875 0.34375 0.4375
4621 0.25 0.34375 0.4375
4622 0.28125 0.34375 0.4375
4623 0.3125 0.34375 0.4375
4624 0.34375 0.34375 0.4375
4625 0.375 0.34375 0.4375
4626 0.40625 0.34375 0.4375
4627 0.4375 0.34375 0.4375
4628 0.46875 0.34375 0.4375
4629 0.03125 0.375 0.4375
4630 0.0625 0.375 0.4375
4631 0.09375 0.375 0.4375
4632 0.125 0.375 0.4375
4633 0.15625 0.375 0.4375
4634 0.1875 0.375 0.4375
4635 0.21875 0.375 0.4375
4636 0.25 0.375 0.4375
4637 0.28125 0.375 0.4375
4638 0.3125 0.375 0.4375
4639 0.34375 0.375 0.4375
4640 0.375 0.375 0.4375
4641 0.40625 0.375 0.4375
4642 0.4375 0.375 0.4375
4643 0.46875 0.375 0.4375
4644 0.03125 0.40625 0.4375
4645 0.0625 0.40625 0.4375
4646 0.09375 0.40625 0.4375
4647 0.125 0.40625 0.4375
4648 0.15625 0.40625 0.4375
4649 0.1875 0.40625 0.4375
4650 0.21875 0.40625 0.4375
4651 0.25 0.40625 0.4375
4652 0.28125 0.40625 0.4375
4653 0.3125 0.40625 0.4375
4654 0.34375 0.40625 0.4375
4655 0.375 0.40625 0.4375
4656 0.40625 0.40625 0.4375
4657 0.4375 0.40625 0.4375
4658 0.46875 0.40625 0.4375
4659 0.03125 0.4375 0.4375
4660 0.0625 0.4375 0.4375
4661 0.09375 0.4375 0.4375
4662 0.125 0.4375 0.4375
4663 0.15625 0.4375 0.4375
4664 0.1875 0.4375 0.4375
4665 0.21875 0.4375 0.4375
4666 0.25 0.4375 0.4375
4667 0.28125 0.4375 0.4375
4668 0.3125 0.4375 0.4375
4669 0.34375 0.4375 0.4375
4670 0.375 0.4375 0.4375
4671 0.40625 0.4375 0.4375
4672 0.4375 0.4375 0.4375
4673 0.46875 0.4375 0.4375
4674 0.03125 0.46875 0.4375
4675 0.0625 0.46875 0.4375
4676 0.09375 0.46875 0.4375
4677 0.125 0.46875 0.4375
4678 0.15625 0.46875 0.4375
4679 0.1875 0.46875 0.4375
4680 0.21875 0.46875 0.4375
4681 0.25 0.46875 0.4375
4682 0.28125 0.46875 0.4375
4683 0.3125 0.46875 0.4375
4684 0.34375 0.46875 0.4375
4685 0.375 0.46875 0.4375
4686 0.40625 0.46875 0.4375
4687 0.4375 0.46875 0.4375
4688 0.46875 0.46875 0.4375
4689 0.03125 0.03125 0.46875
4690 0.0625 0.03125 0.46875
4691 0.09375 0.03125 0.46875
4692 0.125 0.03125 0.46875
4693 0.15625 0.03125 0.46875
4694 0.1875 0.03125 0.46875
4695 0.21875 0.03125 0.46875
4696 0.25 0.03125 0.46875
4697 0.28125 0.03125 0.46875
4698 0.3125 0.03125 0.46875
4699 0.34375 0.03125 0.46875
4700 0.375 0.03125 0.46875
4701 0.40625 0.03125 0.46875
4702 0.4375 0.03125 0.46875
4703 0.46875 0.03125 0.46875
4704 0.03125 0.0625 0.46875
4705 0.0625 0.0625 0.46875
4706 0.09375 0.0625 0.46875
4707 0.125 0.0625 0.46875
4708 0.15625 0.0625 0.46875
4709 0.1875 0.0625 0.46875
4710 0.21875 0.0625 0.46875
4711 0.25 0.0625 0.46875
4712 0.28125 0.0625 0.46875
4713 0.3125 0.0625 0.46875
4714 0.34375 0.0625 0.46875
4715 0.375 0.0625 0.46875
4716 0.40625 0.0625 0.46875
4717 0.4375 0.0625 0.46875
4718 0.46875 0.0625 0.46875
4719 0.03125 0.09375 0.46875
4720 0.0625 0.09375 0.46875
4721 0.09375 0.09375 0.46875
4722 0.125 0.09375 0.46875
4723 0.15625 0.09375 0.46875
4724 0.1875 0.09375 0.46875
4725 0.21875 0.09375 0.46875
4726 0.25 0.09375 0.46875
4727 0.28125 0.09375 0.46875
4728 0.3125 0.09375 0.46875
4729 0.34375 0.09375 0.46875
4730 0.375 0.09375 0.46875
4731 0.40625 0.09375 0.46875
4732 0.4375 0.09375 0.46875
4733 0.46875 0.09375 0.46875
4734 0.03125 0.125 0.46875
4735 0.0625 0.125 0.46875
4736 0.09375 0.125 0.46875
4737 0.125 0.125 0.46875
4738 0.15625 0.125 0.46875
4739 0.1875 0.125 0.46875
4740 0.21875 0.125 0.46875
4741 0.25 0.125 0.46875
4742 0.28125 0.125 0.46875
4743 0.3125 0.125 0.46875
4744 0.34375 0.125 0.46875
4745 0.375 0.125 0.46875
4746 0.40625 0.125 0.46875
4747 0.4375 0.125 0.46875
4748 0.46875 0.125 0.46875
4749 0.03125 0.15625 0.46875
4750 0.0625 0.15625 0.46875
4751 0.09375 0.15625 0.46875
4752 0.125 0.15625 0.46875
4753 0.15625 0.15625 0.46875
4754 0.1875 0.15625 0.46875
4755 0.21875 0.15625 0.46875
4756 0.25 0.15625 0.46875
4757 0.28125 0.15625 0.46875
4758 0.3125 0.15625 0.46875
4759 0.34375 0.15625 0.46875
4760 0.375 0.15625 0.46875
4761 0.40625 0.15625 0.46875
4762 0.4375 0.15625 0.46875
4763 0.46875 0.15625 0.46875
4764 0.03125 0.1875 0.46875
4765 0.0625 0.1875 0.46875
4766 0.09375 0.1875 0.46875
4767 0.125 0.1875 0.46875
4768 0.15625 0.1875 0.46875
4769 0.1875 0.1875 0.46875
4770 0.21875 0.1875 0.46875
4771 0.25 0.1875 0.46875
4772 0.28125 0.1875 0.46875
4773 0.3125 0.1875 0.46875
4774 0.34375 0.1875 0.46875
4775 0.375 0.1875 0.46875
4776 0.40625 0.1875 0.46875
4777 0.4375 0.1875 0.46875
4778 0.46875 0.1875 0.46875
4779 0.03125 0.21875 0.46875
4780 0.0625 0.21875 0.46875
4781 0.09375 0.21875 0.46875
4782 0.125 0.21875 0.46875
4783 0.15625 0.21875 0.46875
4784 0.1875 0.21875 0.46875
4785 0.21875 0.21875 0.46875
4786 0.25 0.21875 0.46875
4787 0.28125 0.21875 0.46875
4788 0.3125 0.21875 0.46875
4789 0.34375 0.21875 0.46875
4790 0.375 0.21875 0.46875
4791 0.40625 0.21875 0.46875
4792 0.4375 0.21875 0.46875
4793 0.46875 0.21875 0.46875
4794 0.03125 0.25 0.46875
4795 0.0625 0.25 0.46875
4796 0.09375 0.25 0.46875
4797 0.125 0.25 0.46875
4798 0.15625 0.25 0.46875
4799 0.1875 0.25 0.46875
4800 0.21875 0.25 0.46875
4801 0.25 0.25 0.46875
4802 0.28125 0.25 0.46875
4803 0.3125 0.25 0.46875
4804 0.34375 0.25 0.46875
4805 0.375 0.25 0.46875
4806 0.40625 0.25 0.46875
4807 0.4375 0.25 0.46875
4808 0.46875 0.25 0.46875
4809 0.03125 0.28125 0.46875
4810 0.0625 0.28125 0.46875
4811 0.09375 0.28125 0.46875
4812 0.125 0.28125 0.46875
4813 0.15625 0.28125 0.46875
4814 0.1875 0.28125 0.46875
4815 0.21875 0.28125 0.46875
4816 0.25 0.28125 0.46875
4817 0.28125 0.28125 0.46875
4818 0.3125 0.28125 0.46875
4819 0.34375 0.28125 0.46875
4820 0.375 0.28125 0.46875
4821 0.40625 0.28125 0.46875
4822 0.4375 0.28125 0.46875
4823 0.46875 0.28125 0.46875
4824 0.03125 0.3125 0.46875
4825 0.0625 0.3125 0.46875
4826 0.09375 0.3125 0.46875
4827 0.125 0.3125 0.46875
4828 0.15625 0.3125 0.46875
4829 0.1875 0.3125 0.46875
4830 0.21875 0.3125 0.46875
4831 0.25 0.3125 0.46875
4832 0.28125 0.3125 0.46875
4833 0.3125 0.3125 0.46875
4834 0.34375 0.3125 0.46875
4835 0.375 0.3125 0.46875
4836 0.40625 0.3125 0.46875
4837 0.4375 0.3125 0.46875
4838 0.46875 0.3125 0.46875
4839 0.03125 0.34375 0.46875
4840 0.0625 0.34375 0.46875
4841 0.09375 0.34375 0.46875
4842 0.125 0.34375 0.46875
4843 0.15625 0.34375 0.46875
4844 0.1875 0.34375 0.46875
4845 0.21875 0.34375 0.46875
4846 0.25 0.34375 0.46875
4847 0.28125 0.34375 0.46875
4848 0.3125 0.34375 0.46875
4849 0.34375 0.34375 0.46875
4850 0.375 0.34375 0.46875
4851 0.40625 0.34375 0.46875
4852 0.4375 0.34375 0.46875
4853 0.46875 0.34375 0.46875
4854 0.03125 0.375 0.46875
4855 0.0625 0.375 0.46875
4856 0.09375 0.375 0.46875
4857 0.125 0.375 0.46875
4858 0.15625 0.375 0.46875
4859 0.1875 0.375 0.46875
4860 0.21875 0.375 0.46875
4861 0.25 0.375 0.46875
4862 0.28125 0.375 0.46875
4863 0.3125 0.375 0.46875
4864 0.34375 0.375 0.46875
4865 0.375 0.375 0.46875
4866 0.40625 0.375 0.46875
4867 0.4375 0.375 0.46875
4868 0.46875 0.375 0.46875
4869 0.03125 0.40625 0.46875
4870 0.0625 0.40625 0.46875
4871 0.09375 0.40625 0.46875
4872 0.125 0.40625 0.46875
4873 0.15625 0.40625 0.46875
4874 0.1875 0.40625 0.46875
4875 0.21875 0.40625 0.46875
4876 0.25 0.40625 0.46875
4877 0.28125 0.40625 0.46875
4878 0.3125 0.40625 0.46875
4879 0.34375 0.40625 0.46875
4880 0.375 0.40625 0.46875
4881 0.40625 0.40625 0.46875
4882 0.4375 0.40625 0.46875
4883 0.46875 0.40625 0.46875
4884 0.03125 0.4375 0.46875
4885 0.0625 0.4375 0.46875
4886 0.09375 0.4375 0.46875
4887 0.125 0.4375 0.46875
4888 0.15625 0.4375 0.46875
4889 0.1875 0.4375 0.46875
4890 0.21875 0.4375 0.46875
4891 0.25 0.4375 0.46875
4892 0.28125 0.4375 0.46875
4893 0.3125 0.4375 0.46875
4894 0.34375 0.4375 0.46875
4895 0.375 0.4375 0.46875
4896 0.40625 0.4375 0.46875
4897 0.4375 0.4375 0.46875
4898 0.46875 0.4375 0.46875
4899 0.03125 0.46875 0.46875
4900 0.0625 0.46875 0.46875
4901 0.09375 0.46875 0.46875
4902 0.125 0.46875 0.46875
4903 0.15625 0.46875 0.46875
4904 0.1875 0.46875 0.46875
4905 0.21875 0.46875 0.46875
4906 0.25 0.46875 0.46875
4907 0.28125 0.46875 0.46875
4908 0.3125 0.46875 0.46875
4909 0.34375 0.46875 0.46875
4910 0.375 0.46875 0.46875
4911 0.40625 0.46875 0.46875
4912 0.4375 0.46875 0.46875
4913 0.46875 0.46875 0.46875
$EndNodes
$Elements
24576
1 4 2 1 1 9 2 54 129
2 4 2 1 1 54 9 129 639
3 4 2 1 1 639 129 54 1089
4 4 2 1 1 54 9 639 189
5 4 2 1 1 1089 54 639 189
6 4 2 1 1 1089 639 1539 189
7 4 2 1 1 639 129 1089 130
8 4 2 1 1 1089 639 130 654
9 4 2 1 1 654 130 1089 1090
10 4 2 1 1 1089 639 654 1539
11 4 2 1 1 1090 1089 654 1539
12 4 2 1 1 1090 654 1540 1539
13 4 2 1 1 654 130 1090 131
14 4 2 1 1 1090 654 131 669
15 4 2 1 1 669 131 1090 1091
16 4 2 1 1 1090 654 669 1540
17 4 2 1 1 1091 1090 669 1540
18 4 2 1 1 1091 669 1541 1540
19 4 2 1 1 669 131 1091 132
20 4 2 1 1 1091 669 132 684
21 4 2 1 1 684 132 1091 1092
22 4 2 1 1 1091 669 684 1541
23 4 2 1 1 1092 1091 684 1541
24 4 2 1 1 1092 684 1542 1541
25 4 2 1 1 684 132 1092 133
26 4 2 1 1 1092 684 133 699
27 4 2 1 1 699 133 1092 1093
28 4 2 1 1 1092 684 699 1542
29 4 2 1 1 1093 1092 699 1542
30 4 2 1 1 1093 699 1543 1542
31 4 2 1 1 699 133 1093 134
32 4 2 1 1 1093 699 134 714
33 4 2 1 1 714 134 1093 1094
34 4 2 1 1 1093 699 714 1543
35 4 2 1 1 1094 1093 714 1543
36 4 2 1 1 1094 714 1544 1543
37 4 2 1 1 714 134 1094 135
38 4 2 1 1 1094 714 135 729
39 4 2 1 1 729 135 1094 1095
40 4 2 1 1 1094 714 729 1544
41 4 2 1 1 1095 1094 729 1544
42 4 2 1 1 1095 729 1545 1544
43 4 2 1 1 729 135 1095 136
44 4 2 1 1 1095 729 136 744
45 4 2 1 1 744 136 1095 1096
46 4 2 1 1 1095 729 744 1545
47 4 2 1 1 1096 1095 744 1545
48 4 2 1 1 1096 744 1546 1545
49 4 2 1 1 744 136 1096 137
50 4 2 1 1 1096 744 137 759
51 4 2 1 1 759 137 1096 1097
52 4 2 1 1 1096 744 759 1546
53 4 2 1 1 1097 1096 759 1546
54 4 2 1 1 1097 759 1547 1546
55 4 2 1 1 759 137 1097 138
56 4 2 1 1 1097 759 138 774
57 4 2 1 1 774 138 1097 1098
58 4 2 1 1 1097 759 774 1547
59 4 2 1 1 1098 1097 774 1547
60 4 2 1 1 1098 774 1548 1547
61 4 2 1 1 774 138 1098 139
62 4 2 1 1 1098 774 139 789
63 4 2 1 1 789 139 1098 1099
64 4 2 1 1 1098 774 789 1548
65 4 2 1 1 1099 1098 789 1548
66 4 2 1 1 1099 789 1549 1548
67 4 2 1 1 789 139 1099 140
68 4 2 1 1 1099 789 140 804
69 4 2 1 1 804 140 1099 1100
70 4 2 1 1 1099 789 804 1549
71 4 2 1 1 1100 1099 804 1549
72 4 2 1 1 1100 804 1550 1549
73 4 2 1 1 804 140 1100 141
74 4 2 1 1 1100 804 141 819
75 4 2 1 1 819 141 1100 1101
76 4 2 1 1 1100 804 819 1550
77 4 2 1 1 1101 1100 819 1550
78 4 2 1 1 1101 819 1551 1550
79 4 2 1 1 819 141 1101 142
80 4 2 1 1 1101 819 142 834
81 4 2 1 1 834 142 1101 1102
82 4 2 1 1 1101 819 834 1551
83 4 2 1 1 1102 1101 834 1551
84 4 2 1 1 1102 834 1552 1551
85 4 2 1 1 834 142 1102 143
86 4 2 1 1 1102 834 143 849
87 4 2 1 1 849 143 1102 1103
88 4 2 1 1 1102 834 849 1552
89 4 2 1 1 1103 1102 849 1552
90 4 2 1 1 1103 849 1553 1552
91 4 2 1 1 849 143 1103 6
92 4 2 1 1 1103 849 6 69
93 4 2 1 1 69 6 1103 114
94 4 2 1 1 1103 849 69 1553
95 4 2 1 1 114 1103 69 1553
96 4 2 1 1 114 69 414 1553
97 4 2 1 1 189 54 55 1089
98 4 2 1 1 55 189 1089 1539
99 4 2 1 1 1539 1089 55 1104
100 4 2 1 1 55 189 1539 190
101 4 2 1 1 1104 55 1539 190
102 4 2 1 1 1104 1539 1554 190
103 4 2 1 1 1539 1089 1104 1090
104 4 2 1 1 1104 1539 1090 1540
105 4 2 1 1 1540 1090 1104 1105
106 4 2 1 1 1104 1539 1540 1554
107 4 2 1 1 1105 1104 1540 1554
108 4 2 1 1 1105 1540 1555 1554
109 4 2 1 1 1540 1090 1105 1091
110 4 2 1 1 1105 1540 1091 1541
111 4 2 1 1 1541 1091 1105 1106
112 4 2 1 1 1105 1540 1541 1555
113 4 2 1 1 1106 1105 1541 1555
114 4 2 1 1 1106 1541 1556 1555
115 4 2 1 1 1541 1091 1106 1092
116 4 2 1 1 1106 1541 1092 1542
117 4 2 1 1 1542 1092 1106 1107
118 4 2 1 1 1106 1541 1542 1556
119 4 2 1 1 1107 1106 1542 1556
120 4 2 1 1 1107 1542 1557 1556
121 4 2 1 1 1542 1092 1107 1093
122 4 2 1 1 1107 1542 1093 1543
123 4 2 1 1 1543 1093 1107 1108
124 4 2 1 1 1107 1542 1543 1557
125 4 2 1 1 1108 1107 1543 1557
126 4 2 1 1 1108 1543 1558 1557
127 4 2 1 1 1543 1093 1108 1094
128 4 2 1 1 1108 1543 1094 1544
129 4 2 1 1 1544 1094 1108 1109
130 4 2 1 1 1108 1543 1544 1558
131 4 2 1 1 1109 1108 1544 1558
132 4 2 1 1 1109 1544 1559 1558
133 4 2 1 1 1544 1094 1109 1095
134 4 2 1 1 1109 1544 1095 1545
135 4 2 1 1 1545 1095 1109 1110
136 4 2 1 1 1109 1544 1545 1559
137 4 2 1 1 1110 1109 1545 1559
138 4 2 1 1 1110 1545 1560 1559
139 4 2 1 1 1545 1095 1110 1096
140 4 2 1 1 1110 1545 1096 1546
141 4 2 1 1 1546 1096 1110 1111
142 4 2 1 1 1110 1545 1546 1560
143 4 2 1 1 1111 1110 1546 1560
144 4 2 1 1 1111 1546 1561 1560
145 4 2 1 1 1546 1096 1111 1097
146 4 2 1 1 1111 1546 1097 1547
147 4 2 1 1 1547 1097 1111 1112
148 4 2 1 1 1111 1546 1547 1561
149 4 2 1 1 1112 1111 1547 1561
150 4 2 1 1 1112 1547 1562 1561
151 4 2 1 1 1547 1097 1112 1098
152 4 2 1 1 1112 1547 1098 1548
153 4 2 1 1 1548 1098 1112 1113
154 4 2 1 1 1112 1547 1548 1562
155 4 2 1 1 1113 1112 1548 1562
156 4 2 1 1 1113 1548 1563 1562
157 4 2 1 1 1548 1098 1113 1099
158 4 2 1 1 1113 1548 1099 1549
159 4 2 1 1 1549 1099 1113 1114
160 4 2 1 1 1113 1548 1549 1563
161 4 2 1 1 1114 1113 1549 1563
162 4 2 1 1 1114 1549 1564 1563
163 4 2 1 1 1549 1099 1114 1100
164 4 2 1 1 1114 1549 1100 1550
165 4 2 1 1 1550 1100 1114 1115
166 4 2 1 1 1114 1549 1550 1564
167 4 2 1 1 1115 1114 1550 1564
168 4 2 1 1 1115 1550 1565 1564
169 4 2 1 1 1550 1100 1115 1101
170 4 2 1 1 1115 1550 1101 1551
171 4 2 1 1 1551 1101 1115 1116
172 4 2 1 1 1115 1550 1551 1565
173 4 2 1 1 1116 1115 1551 1565
174 4 2 1 1 1116 1551 1566 1565
175 4 2 1 1 1551 1101 1116 1102
176 4 2 1 1 1116 1551 1102 1552
177 4 2 1 1 1552 1102 1116 1117
178 4 2 1 1 1116 1551 1552 1566
179 4 2 1 1 1117 1116 1552 1566
180 4 2 1 1 1117 1552 1567 1566
181 4 2 1 1 1552 1102 1117 1103
182 4 2 1 1 1117 1552 1103 1553
183 4 2 1 1 1553 1103 1117 1118
184 4 2 1 1 1117 1552 1553 1567
185 4 2 1 1 1118 1117 1553 1567
186 4 2 1 1 1118 1553 1568 1567
187 4 2 1 1 1553 1103 1118 114
188 4 2 1 1 1118 1553 114 414
189 4 2 1 1 414 114 1118 115
190 4 2 1 1 1118 1553 414 1568
191 4 2 1 1 115 1118 414 1568
192 4 2 1 1 115 414 415 1568
193 4 2 1 1 190 55 56 1104
194 4 2 1 1 56 190 1104 1554
195 4 2 1 1 1554 1104 56 1119
196 4 2 1 1 56 190 1554 191
197 4 2 1 1 1119 56 1554 191
198 4 2 1 1 1119 1554 1569 191
199 4 2 1 1 1554 1104 1119 1105
200 4 2 1 1 1119 1554 1105 1555
201 4 2 1 1 1555 1105 1119 1120
202 4 2 1 1 1119 1554 1555 1569
203 4 2 1 1 1120 1119 1555 1569
204 4 2 1 1 1120 1555 1570 1569
205 4 2 1 1 1555 1105 1120 1106
206 4 2 1 1 1120 1555 1106 1556
207 4 2 1 1 1556 1106 1120 1121
208 4 2 1 1 1120 1555 1556 1570
209 4 2 1 1 1121 1120 1556 1570
210 4 2 1 1 1121 1556 1571 1570
211 4 2 1 1 1556 1106 1121 1107
212 4 2 1 1 1121 1556 1107 1557
213 4 2 1 1 1557 1107 1121 1122
214 4 2 1 1 1121 1556 1557 1571
215 4 2 1 1 1122 1121 1557 1571
216 4 2 1 1 1122 1557 1572 1571
217 4 2 1 1 1557 1107 1122 1108
218 4 2 1 1 1122 1557 1108 1558
219 4 2 1 1 1558 1108 1122 1123
220 4 2 1 1 1122 1557 1558 1572
221 4 2 1 1 1123 1122 1558 1572
222 4 2 1 1 1123 1558 1573 1572
223 4 2 1 1 1558 1108 1123 1109
224 4 2 1 1 1123 1558 1109 1559
225 4 2 1 1 1559 1109 1123 1124
226 4 2 1 1 1123 1558 1559 1573
227 4 2 1 1 1124 1123 1559 1573
228 4 2 1 1 1124 1559 1574 1573
229 4 2 1 1 1559 1109 1124 1110
230 4 2 1 1 1124 1559 1110 1560
231 4 2 1 1 1560 1110 1124 1125
232 4 2 1 1 1124 1559 1560 1574
233 4 2 1 1 1125 1124 1560 1574
234 4 2 1 1 1125 1560 1575 1574
235 4 2 1 1 1560 1110 1125 1111
236 4 2 1 1 1125 1560 1111 1561
237 4 2 1 1 1561 1111 1125 1126
238 4 2 1 1 1125 1560 1561 1575
239 4 2 1 1 1126 1125 1561 1575
240 4 2 1 1 1126 1561 1576 1575
241 4 2 1 1 1561 1111 1126 1112
242 4 2 1 1 1126 1561 1112 1562
243 4 2 1 1 1562 1112 1126 1127
244 4 2 1 1 1126 1561 1562 1576
245 4 2 1 1 1127 1126 1562 1576
246 4 2 1 1 1127 1562 1577 1576
247 4 2 1 1 1562 1112 1127 1113
248 4 2 1 1 1127 1562 1113 1563
249 4 2 1 1 1563 1113 1127 1128
250 4 2 1 1 1127 1562 1563 1577
251 4 2 1 1 1128 1127 1563 1577
252 4 2 1 1 1128 1563 1578 1577
253 4 2 1 1 1563 1113 1128 1114
254 4 2 1 1 1128 1563 1114 1564
255 4 2 1 1 1564 1114 1128 1129
256 4 2 1 1 1128 1563 1564 1578
257 4 2 1 1 1129 1128 1564 1578
258 4 2 1 1 1129 1564 1579 1578
259 4 2 1 1 1564 1114 1129 1115
260 4 2 1 1 1129 1564 1115 1565
261 4 2 1 1 1565 1115 1129 1130
262 4 2 1 1 1129 1564 1565 1579
263 4 2 1 1 1130 1129 1565 1579
264 4 2 1 1 1130 1565 1580 1579
265 4 2 1 1 1565 1115 1130 1116
266 4 2 1 1 1130 1565 1116 1566
267 4 2 1 1 1566 1116 1130 1131
268 4 2 1 1 1130 1565 1566 1580
269 4 2 1 1 1131 1130 1566 1580
270 4 2 1 1 1131 1566 1581 1580
271 4 2 1 1 1566 1116 1131 1117
272 4 2 1 1 1131 1566 1117 1567
273 4 2 1 1 1567 1117 1131 1132
274 4 2 1 1 1131 1566 1567 1581
275 4 2 1 1 1132 1131 1567 1581
276 4 2 1 1 1132 1567 1582 1581
277 4 2 1 1 1567 1117 1132 1118
278 4 2 1 1 1132 1567 1118 1568
279 4 2 1 1 1568 1118 1132 1133
280 4 2 1 1 1132 1567 1568 1582
281 4 2 1 1 1133 1132 1568 1582
282 4 2 1 1 1133 1568 1583 1582
283 4 2 1 1 1568 1118 1133 115
284 4 2 1 1 1133 1568 115 415
285 4 2 1 1 415 115 1133 116
286 4 2 1 1 1133 1568 415 1583
287 4 2 1 1 116 1133 415 1583
288 4 2 1 1 116 415 416 1583
289 4 2 1 1 191 56 57 1119
290 4 2 1 1 57 191 1119 1569
291 4 2 1 1 1569 1119 57 1134
292 4 2 1 1 57 191 1569 192
293 4 2 1 1 1134 57 1569 192
294 4 2 1 1 1134 1569 1584 192
295 4 2 1 1 1569 1119 1134 1120
296 4 2 1 1 1134 1569 1120 1570
297 4 2 1 1 1570 1120 1134 1135
298 4 2 1 1 1134 1569 1570 1584
299 4 2 1 1 1135 1134 1570 1584
300 4 2 1 1 1135 1570 1585 1584
301 4 2 1 1 1570 1120 1135 1121
302 4 2 1 1 1135 1570 1121 1571
303 4 2 1 1 1571 1121 1135 1136
304 4 2 1 1 1135 1570 1571 1585
305 4 2 1 1 1136 1135 1571 1585
306 4 2 1 1 1136 1571 1586 1585
307 4 2 1 1 1571 1121 1136 1122
308 4 2 1 1 1136 1571 1122 1572
309 4 2 1 1 1572 1122 1136 1137
310 4 2 1 1 1136 1571 1572 1586
311 4 2 1 1 1137 1136 1572 1586
312 4 2 1 1 1137 1572 1587 1586
313 4 2 1 1 1572 1122 1137 1123
314 4 2 1 1 1137 1572 1123 1573
315 4 2 1 1 1573 1123 1137 1138
316 4 2 1 1 1137 1572 1573 1587
317 4 2 1 1 1138 1137 1573 1587
318 4 2 1 1 1138 1573 1588 1587
319 4 2 1 1 1573 1123 1138 1124
320 4 2 1 1 1138 1573 1124 1574
321 4 2 1 1 1574 1124 1138 1139
322 4 2 1 1 1138 1573 1574 1588
323 4 2 1 1 1139 1138 1574 1588
324 4 2 1 1 1139 1574 1589 1588
325 4 2 1 1 1574 1124 1139 1125
326 4 2 1 1 1139 1574 1125 1575
327 4 2 1 1 1575 1125 1139 1140
328 4 2 1 1 1139 1574 1575 1589
329 4 2 1 1 1140 1139 1575 1589
330 4 2 1 1 1140 1575 1590 1589
331 4 2 1 1 1575 1125 1140 1126
332 4 2 1 1 1140 1575 1126 1576
333 4 2 1 1 1576 1126 1140 1141
334 4 2 1 1 1140 1575 1576 1590
335 4 2 1 1 1141 1140 1576 1590
336 4 2 1 1 1141 1576 1591 1590
337 4 2 1 1 1576 1126 1141 1127
338 4 2 1 1 1141 1576 1127 1577
339 4 2 1 1 1577 1127 1141 1142
340 4 2 1 1 1141 1576 1577 1591
341 4 2 1 1 1142 1141 1577 1591
342 4 2 1 1 1142 1577 1592 1591
343 4 2 1 1 1577 1127 1142 1128
344 4 2 1 1 1142 1577 1128 1578
345 4 2 1 1 1578 1128 1142 1143
346 4 2 1 1 1142 1577 1578 1592
347 4 2 1 1 1143 1142 1578 1592
348 4 2 1 1 1143 1578 1593 1592
349 4 2 1 1 1578 1128 1143 1129
350 4 2 1 1 1143 1578 1129 1579
351 4 2 1 1 1579 1129 1143 1144
352 4 2 1 1 1143 1578 1579 1593
353 4 2 1 1 1144 1143 1579 1593
354 4 2 1 1 1144 1579 1594 1593
355 4 2 1 1 1579 1129 1144 1130
356 4 2 1 1 1144 1579 1130 1580
357 4 2 1 1 1580 1130 1144 1145
358 4 2 1 1 1144 1579 1580 1594
359 4 2 1 1 1145 1144 1580 1594
360 4 2 1 1 1145 1580 1595 1594
361 4 2 1 1 1580 1130 1145 1131
362 4 2 1 1 1145 1580 1131 1581
363 4 2 1 1 1581 1131 1145 1146
364 4 2 1 1 1145 1580 1581 1595
365 4 2 1 1 1146 1145 1581 1595
366 4 2 1 1 1146 1581 1596 1595
367 4 2 1 1 1581 1131 1146 1132
368 4 2 1 1 1146 1581 1132 1582
369 4 2 1 1 1582 1132 1146 1147
370 4 2 1 1 1146 1581 1582 1596
371 4 2 1 1 1147 1146 1582 1596
372 4 2 1 1 1147 1582 1597 1596
373 4 2 1 1 1582 1132 1147 1133
374 4 2 1 1 1147 1582 1133 1583
375 4 2 1 1 1583 1133 1147 1148
376 4 2 1 1 1147 1582 1583 1597
377 4 2 1 1 1148 1147 1583 1597
378 4 2 1 1 1148 1583 1598 1597
379 4 2 1 1 1583 1133 1148 116
380 4 2 1 1 1148 1583 116 416
381 4 2 1 1 416 116 1148 117
382 4 2 1 1 1148 1583 416 1598
383 4 2 1 1 117 1148 416 1598
384 4 2 1 1 117 416 417 1598
385 4 2 1 1 192 57 58 1134
386 4 2 1 1 58 192 1134 1584
387 4 2 1 1 1584 1134 58 1149
388 4 2 1 1 58 192 1584 193
389 4 2 1 1 1149 58 1584 193
390 4 2 1 1 1149 1584 1599 193
391 4 2 1 1 1584 1134 1149 1135
392 4 2 1 1 1149 1584 1135 1585
393 4 2 1 1 1585 1135 1149 1150
394 4 2 1 1 1149 1584 1585 1599
395 4 2 1 1 1150 1149 1585 1599
396 4 2 1 1 1150 1585 1600 1599
397 4 2 1 1 1585 1135 1150 1136
398 4 2 1 1 1150 1585 1136 1586
399 4 2 1 1 1586 1136 1150 1151
400 4 2 1 1 1150 1585 1586 1600
401 4 2 1 1 1151 1150 1586 1600
402 4 2 1 1 1151 1586 1601 1600
403 4 2 1 1 1586 1136 1151 1137
404 4 2 1 1 1151 1586 1137 1587
405 4 2 1 1 1587 1137 1151 1152
406 4 2 1 1 1151 1586 1587 1601
407 4 2 1 1 1152 1151 1587 1601
408 4 2 1 1 1152 1587 1602 1601
409 4 2 1 1 1587 1137 1152 1138
410 4 2 1 1 1152 1587 1138 1588
411 4 2 1 1 1588 1138 1152 1153
412 4 2 1 1 1152 1587 1588 1602
413 4 2 1 1 1153 1152 1588 1602
414 4 2 1 1 1153 1588 1603 1602
415 4 2 1 1 1588 1138 1153 1139
416 4 2 1 1 1153 1588 1139 1589
417 4 2 1 1 1589 1139 1153 1154
418 4 2 1 1 1153 1588 1589 1603
419 4 2 1 1 1154 1153 1589 1603
420 4 2 1 1 1154 1589 1604 1603
421 4 2 1 1 1589 1139 1154 1140
422 4 2 1 1 1154 1589 1140 1590
423 4 2 1 1 1590 1140 1154 1155
424 4 2 1 1 1154 1589 1590 1604
425 4 2 1 1 1155 1154 1590 1604
426 4 2 1 1 1155 1590 1605 1604
427 4 2 1 1 1590 1140 1155 1141
428 4 2 1 1 1155 1590 1141 1591
429 4 2 1 1 1591 1141 1155 1156
430 4 2 1 1 1155 1590 1591 1605
431 4 2 1 1 1156 1155 1591 1605
432 4 2 1 1 1156 1591 1606 1605
433 4 2 1 1 1591 1141 1156 1142
434 4 2 1 1 1156 1591 1142 1592
435 4 2 1 1 1592 1142 1156 1157
436 4 2 1 1 1156 1591 1592 1606
437 4 2 1 1 1157 1156 1592 1606
438 4 2 1 1 1157 1592 1607 1606
439 4 2 1 1 1592 1142 1157 1143
440 4 2 1 1 1157 1592 1143 1593
441 4 2 1 1 1593 1143 1157 1158
442 4 2 1 1 1157 1592 1593 1607
443 4 2 1 1 1158 1157 1593 1607
444 4 2 1 1 1158 1593 1608 1607
445 4 2 1 1 1593 1143 1158 1144
446 4 2 1 1 1158 1593 1144 1594
447 4 2 1 1 1594 1144 1158 1159
448 4 2 1 1 1158 1593 1594 1608
449 4 2 1 1 1159 1158 1594 1608
450 4 2 1 1 1159 1594 1609 1608
451 4 2 1 1 1594 1144 1159 1145
452 4 2 1 1 1159 1594 1145 1595
453 4 2 1 1 1595 1145 1159 1160
454 4 2 1 1 1159 1594 1595 1609
455 4 2 1 1 1160 1159 1595 1609
456 4 2 1 1 1160 1595 1610 1609
457 4 2 1 1 1595 1145 1160 1146
458 4 2 1 1 1160 1595 1146 1596
459 4 2 1 1 1596 1146 1160 1161
460 4 2 1 1 1160 1595 1596 1610
461 4 2 1 1 1161 1160 1596 1610
462 4 2 1 1 1161 1596 1611 1610
463 4 2 1 1 1596 1146 1161 1147
464 4 2 1 1 1161 1596 1147 1597
465 4 2 1 1 1597 1147 1161 1162
466 4 2 1 1 1161 1596 1597 1611
467 4 2 1 1 1162 1161 1597 1611
468 4 2 1 1 1162 1597 1612 1611
469 4 2 1 1 1597 1147 1162 1148
470 4 2 1 1 1162 1597 1148 1598
471 4 2 1 1 1598 1148 1162 1163
472 4 2 1 1 1162 1597 1598 1612
473 4 2 1 1 1163 1162 1598 1612
474 4 2 1 1 1163 1598 1613 1612
475 4 2 1 1 1598 1148 1163 117
476 4 2 1 1 1163 1598 117 417
477 4 2 1 1 417 117 1163 118
478 4 2 1 1 1163 1598 417 1613
479 4 2 1 1 118 1163 417 1613
480 4 2 1 1 118 417 418 1613
481 4 2 1 1 193 58 59 1149
482 4 2 1 1 59 193 1149 1599
483 4 2 1 1 1599 1149 59 1164
484 4 2 1 1 59 193 1599 194
485 4 2 1 1 1164 59 1599 194
486 4 2 1 1 1164 1599 1614 194
487 4 2 1 1 1599 1149 1164 1150
488 4 2 1 1 1164 1599 1150 1600
489 4 2 1 1 1600 1150 1164 1165
490 4 2 1 1 1164 1599 1600 1614
491 4 2 1 1 1165 1164 1600 1614
492 4 2 1 1 1165 1600 1615 1614
493 4 2 1 1 1600 1150 1165 1151
494 4 2 1 1 1165 1600 1151 1601
495 4 2 1 1 1601 1151 1165 1166
496 4 2 1 1 1165 1600 1601 1615
497 4 2 1 1 1166 1165 1601 1615
498 4 2 1 1 1166 1601 1616 1615
499 4 2 1 1 1601 1151 1166 1152
500 4 2 1 1 1166 1601 1152 1602
501 4 2 1 1 1602 1152 1166 1167
502 4 2 1 1 1166 1601 1602 1616
503 4 2 1 1 1167 1166 1602 1616
504 4 2 1 1 1167 1602 1617 1616
505 4 2 1 1 1602 1152 1167 1153
506 4 2 1 1 1167 1602 1153 1603
507 4 2 1 1 1603 1153 1167 1168
508 4 2 1 1 1167 1602 1603 1617
509 4 2 1 1 1168 1167 1603 1617
510 4 2 1 1 1168 1603 1618 1617
511 4 2 1 1 1603 1153 1168 1154
512 4 2 1 1 1168 1603 1154 1604
513 4 2 1 1 1604 1154 1168 1169
514 4 2 1 1 1168 1603 1604 1618
515 4 2 1 1 1169 1168 1604 1618
516 4 2 1 1 1169 1604 1619 1618
517 4 2 1 1 1604 1154 1169 1155
518 4 2 1 1 1169 1604 1155 1605
519 4 2 1 1 1605 1155 1169 1170
520 4 2 1 1 1169 1604 1605 1619
521 4 2 1 1 1170 1169 1605 1619
522 4 2 1 1 1170 1605 1620 1619
523 4 2 1 1 1605 1155 1170 1156
524 4 2 1 1 1170 1605 1156 1606
525 4 2 1 1 1606 1156 1170 1171
526 4 2 1 1 1170 1605 1606 1620
527 4 2 1 1 1171 1170 1606 1620
528 4 2 1 1 1171 1606 1621 1620
529 4 2 1 1 1606 1156 1171 1157
530 4 2 1 1 1171 1606 1157 1607
531 4 2 1 1 1607 1157 1171 1172
532 4 2 1 1 1171 1606 1607 1621
533 4 2 1 1 1172 1171 1607 1621
534 4 2 1 1 1172 1607 1622 1621
535 4 2 1 1 1607 1157 1172 1158
536 4 2 1 1 1172 1607 1158 1608
537 4 2 1 1 1608 1158 1172 1173
538 4 2 1 1 1172 1607 1608 1622
539 4 2 1 1 1173 1172 1608 1622
540 4 2 1 1 1173 1608 1623 1622
541 4 2 1 1 1608 1158 1173 1159
542 4 2 1 1 1173 1608 1159 1609
543 4 2 1 1 1609 1159 1173 1174
544 4 2 1 1 1173 1608 1609 1623
545 4 2 1 1 1174 1173 1609 1623
546 4 2 1 1 1174 1609 1624 1623
547 4 2 1 1 1609 1159 1174 1160
548 4 2 1 1 1174 1609 1160 1610
549 4 2 1 1 1610 1160 1174 1175
550 4 2 1 1 1174 1609 1610 1624
551 4 2 1 1 1175 1174 1610 1624
552 4 2 1 1 1175 1610 1625 1624
553 4 2 1 1 1610 1160 1175 1161
554 4 2 1 1 1175 1610 1161 1611
555 4 2 1 1 1611 1161 1175 1176
556 4 2 1 1 1175 1610 1611 1625
557 4 2 1 1 1176 1175 1611 1625
558 4 2 1 1 1176 1611 1626 1625
559 4 2 1 1 1611 1161 1176 1162
560 4 2 1 1 1176 1611 1162 1612
561 4 2 1 1 1612 1162 1176 1177
562 4 2 1 1 1176 1611 1612 1626
563 4 2 1 1 1177 1176 1612 1626
564 4 2 1 1 1177 1612 1627 1626
565 4 2 1 1 1612 1162 1177 1163
566 4 2 1 1 1177 1612 1163 1613
567 4 2 1 1 1613 1163 1177 1178
568 4 2 1 1 1177 1612 1613 1627
569 4 2 1 1 1178 1177 1613 1627
570 4 2 1 1 1178 1613 1628 1627
571 4 2 1 1 1613 1163 1178 118
572 4 2 1 1 1178 1613 118 418
573 4 2 1 1 418 118 1178 119
574 4 2 1 1 1178 1613 418 1628
575 4 2 1 1 119 1178 418 1628
576 4 2 1 1 119 418 419 1628
577 4 2 1 1 194 59 60 1164
578 4 2 1 1 60 194 1164 1614
579 4 2 1 1 1614 1164 60 1179
580 4 2 1 1 60 194 1614 195
581 4 2 1 1 1179 60 1614 195
582 4 2 1 1 1179 1614 1629 195
583 4 2 1 1 1614 1164 1179 1165
584 4 2 1 1 1179 1614 1165 1615
585 4 2 1 1 1615 1165 1179 1180
586 4 2 1 1 1179 1614 1615 1629
587 4 2 1 1 1180 1179 1615 1629
588 4 2 1 1 1180 1615 1630 1629
589 4 2 1 1 1615 1165 1180 1166
590 4 2 1 1 1180 1615 1166 1616
591 4 2 1 1 1616 1166 1180 1181
592 4 2 1 1 1180 1615 1616 1630
593 4 2 1 1 1181 1180 1616 1630
594 4 2 1 1 1181 1616 1631 1630
595 4 2 1 1 1616 1166 1181 1167
596 4 2 1 1 1181 1616 1167 1617
597 4 2 1 1 1617 1167 1181 1182
598 4 2 1 1 1181 1616 1617 1631
599 4 2 1 1 1182 1181 1617 1631
600 4 2 1 1 1182 1617 1632 1631
601 4 2 1 1 1617 1167 1182 1168
602 4 2 1 1 1182 1617 1168 1618
603 4 2 1 1 1618 1168 1182 1183
604 4 2 1 1 1182 1617 1618 1632
605 4 2 1 1 1183 1182 1618 1632
606 4 2 1 1 1183 1618 1633 1632
607 4 2 1 1 1618 1168 1183 1169
608 4 2 1 1 1183 1618 1169 1619
609 4 2 1 1 1619 1169 1183 1184
610 4 2 1 1 1183 1618 1619 1633
611 4 2 1 1 1184 1183 1619 1633
612 4 2 1 1 1184 1619 1634 1633
613 4 2 1 1 1619 1169 1184 1170
614 4 2 1 1 1184 1619 1170 1620
615 4 2 1 1 1620 1170 1184 1185
616 4 2 1 1 1184 1619 1620 1634
617 4 2 1 1 1185 1184 1620 1634
618 4 2 1 1 1185 1620 1635 1634
619 4 2 1 1 1620 1170 1185 1171
620 4 2 1 1 1185 1620 1171 1621
621 4 2 1 1 1621 1171 1185 1186
622 4 2 1 1 1185 1620 1621 1635
623 4 2 1 1 1186 1185 1621 1635
624 4 2 1 1 1186 1621 1636 1635
625 4 2 1 1 1621 1171 1186 1172
626 4 2 1 1 1186 1621 1172 1622
627 4 2 1 1 1622 1172 1186 1187
628 4 2 1 1 1186 1621 1622 1636
629 4 2 1 1 1187 1186 1622 1636
630 4 2 1 1 1187 1622 1637 1636
631 4 2 1 1 1622 1172 1187 1173
632 4 2 1 1 1187 1622 1173 1623
633 4 2 1 1 1623 1173 1187 1188
634 4 2 1 1 1187 1622 1623 1637
635 4 2 1 1 1188 1187 1623 1637
636 4 2 1 1 1188 1623 1638 1637
637 4 2 1 1 1623 1173 1188 1174
638 4 2 1 1 1188 1623 1174 1624
639 4 2 1 1 1624 1174 1188 1189
640 4 2 1 1 1188 1623 1624 1638
641 4 2 1 1 1189 1188 1624 1638
642 4 2 1 1 1189 1624 1639 1638
643 4 2 1 1 1624 1174 1189 1175
644 4 2 1 1 1189 1624 1175 1625
645 4 2 1 1 1625 1175 1189 1190
646 4 2 1 1 1189 1624 1625 1639
647 4 2 1 1 1190 1189 1625 1639
648 4 2 1 1 1190 1625 1640 1639
649 4 2 1 1 1625 1175 1190 1176
650 4 2 1 1 1190 1625 1176 1626
651 4 2 1 1 1626 1176 1190 1191
652 4 2 1 1 1190 1625 1626 1640
653 4 2 1 1 1191 1190 1626 1640
654 4 2 1 1 1191 1626 1641 1640
655 4 2 1 1 1626 1176 1191 1177
656 4 2 1 1 1191 1626 1177 1627
657 4 2 1 1 1627 1177 1191 1192
658 4 2 1 1 1191 1626 1627 1641
659 4 2 1 1 1192 1191 1627 1641
660 4 2 1 1 1192 1627 1642 1641
661 4 2 1 1 1627 1177 1192 1178
662 4 2 1 1 1192 1627 1178 1628
663 4 2 1 1 1628 1178 1192 1193
664 4 2 1 1 1192 1627 1628 1642
665 4 2 1 1 1193 1192 1628 1642
666 4 2 1 1 1193 1628 1643 1642
667 4 2 1 1 1628 1178 1193 119
668 4 2 1 1 1193 1628 119 419
669 4 2 1 1 419 119 1193 120
670 4 2 1 1 1193 1628 419 1643
671 4 2 1 1 120 1193 419 1643
672 4 2 1 1 120 419 420 1643
673 4 2 1 1 195 60 61 1179
674 4 2 1 1 61 195 1179 1629
675 4 2 1 1 1629 1179 61 1194
676 4 2 1 1 61 195 1629 196
677 4 2 1 1 1194 61 1629 196
678 4 2 1 1 1194 1629 1644 196
679 4 2 1 1 1629 1179 1194 1180
680 4 2 1 1 1194 1629 1180 1630
681 4 2 1 1 1630 1180 1194 1195
682 4 2 1 1 1194 1629 1630 1644
683 4 2 1 1 1195 1194 1630 1644
684 4 2 1 1 1195 1630 1645 1644
685 4 2 1 1 1630 1180 1195 1181
686 4 2 1 1 1195 1630 1181 1631
687 4 2 1 1 1631 1181 1195 1196
688 4 2 1 1 1195 1630 1631 1645
689 4 2 1 1 1196 1195 1631 1645
690 4 2 1 1 1196 1631 1646 1645
691 4 2 1 1 1631 1181 1196 1182
692 4 2 1 1 1196 1631 1182 1632
693 4 2 1 1 1632 1182 1196 1197
694 4 2 1 1 1196 1631 1632 1646
695 4 2 1 1 1197 1196 1632 1646
696 4 2 1 1 1197 1632 1647 1646
697 4 2 1 1 1632 1182 1197 1183
698 4 2 1 1 1197 1632 1183 1633
699 4 2 1 1 1633 1183 1197 1198
700 4 2 1 1 1197 1632 1633 1647
701 4 2 1 1 1198 1197 1633 1647
702 4 2 1 1 1198 1633 1648 1647
703 4 2 1 1 1633 1183 1198 1184
704 4 2 1 1 1198 1633 1184 1634
705 4 2 1 1 1634 1184 1198 1199
706 4 2 1 1 1198 1633 1634 1648
707 4 2 1 1 1199 1198 1634 1648
708 4 2 1 1 1199 1634 1649 1648
709 4 2 1 1 1634 1184 1199 1185
710 4 2 1 1 1199 1634 1185 1635
711 4 2 1 1 1635 1185 1199 1200
712 4 2 1 1 1199 1634 1635 1649
713 4 2 1 1 1200 1199 1635 1649
714 4 2 1 1 1200 1635 1650 1649
715 4 2 1 1 1635 1185 1200 1186
716 4 2 1 1 1200 1635 1186 1636
717 4 2 1 1 1636 1186 1200 1201
718 4 2 1 1 1200 1635 1636 1650
719 4 2 1 1 1201 1200 1636 1650
720 4 2 1 1 1201 1636 1651 1650
721 4 2 1 1 1636 1186 1201 1187
722 4 2 1 1 1201 1636 1187 1637
723 4 2 1 1 1637 1187 1201 1202
724 4 2 1 1 1201 1636 1637 1651
725 4 2 1 1 1202 1201 1637 1651
726 4 2 1 1 1202 1637 1652 1651
727 4 2 1 1 1637 1187 1202 1188
728 4 2 1 1 1202 1637 1188 1638
729 4 2 1 1 1638 1188 1202 1203
730 4 2 1 1 1202 1637 1638 1652
731 4 2 1 1 1203 1202 1638 1652
732 4 2 1 1 1203 1638 1653 1652
733 4 2 1 1 1638 1188 1203 1189
734 4 2 1 1 1203 1638 1189 1639
735 4 2 1 1 1639 1189 1203 1204
736 4 2 1 1 1203 1638 1639 1653
737 4 2 1 1 1204 1203 1639 1653
738 4 2 1 1 1204 1639 1654 1653
739 4 2 1 1 1639 1189 1204 1190
740 4 2 1 1 1204 1639 1190 1640
741 4 2 1 1 1640 1190 1204 1205
742 4 2 1 1 1204 1639 1640 1654
743 4 2 1 1 1205 1204 1640 1654
744 4 2 1 1 1205 1640 1655 1654
745 4 2 1 1 1640 1190 1205 1191
746 4 2 1 1 1205 1640 1191 1641
747 4 2 1 1 1641 1191 1205 1206
748 4 2 1 1 1205 1640 1641 1655
749 4 2 1 1 1206 1205 1641 1655
750 4 2 1 1 1206 1641 1656 1655
751 4 2 1 1 1641 1191 1206 1192
752 4 2 1 1 1206 1641 1192 1642
753 4 2 1 1 1642 1192 1206 1207
754 4 2 1 1 1206 1641 1642 1656
755 4 2 1 1 1207 1206 1642 1656
756 4 2 1 1 1207 1642 1657 1656
757 4 2 1 1 1642 1192 1207 1193
758 4 2 1 1 1207 1642 1193 1643
759 4 2 1 1 1643 1193 1207 1208
760 4 2 1 1 1207 1642 1643 1657
761 4 2 1 1 1208 1207 1643 1657
762 4 2 1 1 1208 1643 1658 1657
763 4 2 1 1 1643 1193 1208 120
764 4 2 1 1 1208 1643 120 420
765 4 2 1 1 420 120 1208 121
766 4 2 1 1 1208 1643 420 1658
767 4 2 1 1 121 1208 420 1658
768 4 2 1 1 121 420 421 1658
769 4 2 1 1 196 61 62 1194
770 4 2 1 1 62 196 1194 1644
771 4 2 1 1 1644 1194 62 1209
772 4 2 1 1 62 196 1644 197
773 4 2 1 1 1209 62 1644 197
774 4 2 1 1 1209 1644 1659 197
775 4 2 1 1 1644 1194 1209 1195
776 4 2 1 1 1209 1644 1195 1645
777 4 2 1 1 1645 1195 1209 1210
778 4 2 1 1 1209 1644 1645 1659
779 4 2 1 1 1210 1209 1645 1659
780 4 2 1 1 1210 1645 1660 1659
781 4 2 1 1 1645 1195 1210 1196
782 4 2 1 1 1210 1645 1196 1646
783 4 2 1 1 1646 1196 1210 1211
784 4 2 1 1 1210 1645 1646 1660
785 4 2 1 1 1211 1210 1646 1660
786 4 2 1 1 1211 1646 1661 1660
787 4 2 1 1 1646 1196 1211 1197
788 4 2 1 1 1211 1646 1197 1647
789 4 2 1 1 1647 1197 1211 1212
790 4 2 1 1 1211 1646 1647 1661
791 4 2 1 1 1212 1211 1647 1661
792 4 2 1 1 1212 1647 1662 1661
793 4 2 1 1 1647 1197 1212 1198
794 4 2 1 1 1212 1647 1198 1648
795 4 2 1 1 1648 1198 1212 1213
796 4 2 1 1 1212 1647 1648 1662
797 4 2 1 1 1213 1212 1648 1662
798 4 2 1 1 1213 1648 1663 1662
799 4 2 1 1 1648 1198 1213 1199
800 4 2 1 1 1213 1648 1199 1649
801 4 2 1 1 1649 1199 1213 1214
802 4 2 1 1 1213 1648 1649 1663
803 4 2 1 1 1214 1213 1649 1663
804 4 2 1 1 1214 1649 1664 1663
805 4 2 1 1 1649 1199 1214 1200
806 4 2 1 1 1214 1649 1200 1650
807 4 2 1 1 1650 1200 1214 1215
808 4 2 1 1 1214 1649 1650 1664
809 4 2 1 1 1215 1214 1650 1664
810 4 2 1 1 1215 1650 1665 1664
811 4 2 1 1 1650 1200 1215 1201
812 4 2 1 1 1215 1650 1201 1651
813 4 2 1 1 1651 1201 1215 1216
814 4 2 1 1 1215 1650 1651 1665
815 4 2 1 1 1216 1215 1651 1665
816 4 2 1 1 1216 1651 1666 1665
817 4 2 1 1 1651 1201 1216 1202
818 4 2 1 1 1216 1651 1202 1652
819 4 2 1 1 1652 1202 1216 1217
820 4 2 1 1 1216 1651 1652 1666
821 4 2 1 1 1217 1216 1652 1666
822 4 2 1 1 1217 1652 1667 1666
823 4 2 1 1 1652 1202 1217 1203
824 4 2 1 1 1217 1652 1203 1653
825 4 2 1 1 1653 1203 1217 1218
826 4 2 1 1 1217 1652 1653 1667
827 4 2 1 1 1218 1217 1653 1667
828 4 2 1 1 1218 1653 1668 1667
829 4 2 1 1 1653 1203 1218 1204
830 4 2 1 1 1218 1653 1204 1654
831 4 2 1 1 1654 1204 1218 1219
832 4 2 1 1 1218 1653 1654 1668
833 4 2 1 1 1219 1218 1654 1668
834 4 2 1 1 1219 1654 1669 1668
835 4 2 1 1 1654 1204 1219 1205
836 4 2 1 1 1219 1654 1205 1655
837 4 2 1 1 1655 1205 1219 1220
838 4 2 1 1 1219 1654 1655 1669
839 4 2 1 1 1220 1219 1655 1669
840 4 2 1 1 1220 1655 1670 1669
841 4 2 1 1 1655 1205 1220 1206
842 4 2 1 1 1220 1655 1206 1656
843 4 2 1 1 1656 1206 1220 1221
844 4 2 1 1 1220 1655 1656 1670
845 4 2 1 1 1221 1220 1656 1670
846 4 2 1 1 1221 1656 1671 1670
847 4 2 1 1 1656 1206 1221 1207
848 4 2 1 1 1221 1656 1207 1657
849 4 2 1 1 1657 1207 1221 1222
850 4 2 1 1 1221 1656 1657 1671
851 4 2 1 1 1222 1221 1657 1671
852 4 2 1 1 1222 1657 1672 1671
853 4 2 1 1 1657 1207 1222 1208
854 4 2 1 1 1222 1657 1208 1658
855 4 2 1 1 1658 1208 1222 1223
856 4 2 1 1 1222 1657 1658 1672
857 4 2 1 1 1223 1222 1658 1672
858 4 2 1 1 1223 1658 1673 1672
859 4 2 1 1 1658 1208 1223 121
860 4 2 1 1 1223 1658 121 421
861 4 2 1 1 421 121 1223 122
862 4 2 1 1 1223 1658 421 1673
863 4 2 1 1 122 1223 421 1673
864 4 2 1 1 122 421 422 1673
865 4 2 1 1 197 62 63 1209
866 4 2 1 1 63 197 1209 1659
867 4 2 1 1 1659 1209 63 1224
868 4 2 1 1 63 197 1659 198
869 4 2 1 1 1224 63 1659 198
870 4 2 1 1 1224 1659 1674 198
871 4 2 1 1 1659 1209 1224 1210
872 4 2 1 1 1224 1659 1210 1660
873 4 2 1 1 1660 1210 1224 1225
874 4 2 1 1 1224 1659 1660 1674
875 4 2 1 1 1225 1224 1660 1674
876 4 2 1 1 1225 1660 1675 1674
877 4 2 1 1 1660 1210 1225 1211
878 4 2 1 1 1225 1660 1211 1661
879 4 2 1 1 1661 1211 1225 1226
880 4 2 1 1 1225 1660 1661 1675
881 4 2 1 1 1226 1225 1661 1675
882 4 2 1 1 1226 1661 1676 1675
883 4 2 1 1 1661 1211 1226 1212
884 4 2 1 1 1226 1661 1212 1662
885 4 2 1 1 1662 1212 1226 1227
886 4 2 1 1 1226 1661 1662 1676
887 4 2 1 1 1227 1226 1662 1676
888 4 2 1 1 1227 1662 1677 1676
889 4 2 1 1 1662 1212 1227 1213
890 4 2 1 1 1227 1662 1213 1663
891 4 2 1 1 1663 1213 1227 1228
892 4 2 1 1 1227 1662 1663 1677
893 4 2 1 1 1228 1227 1663 1677
894 4 2 1 1 1228 1663 1678 1677
895 4 2 1 1 1663 1213 1228 1214
896 4 2 1 1 1228 1663 1214 1664
897 4 2 1 1 1664 1214 1228 1229
898 4 2 1 1 1228 1663 1664 1678
899 4 2 1 1 1229 1228 1664 1678
900 4 2 1 1 1229 1664 1679 1678
901 4 2 1 1 1664 1214 1229 1215
902 4 2 1 1 1229 1664 1215 1665
903 4 2 1 1 1665 1215 1229 1230
904 4 2 1 1 1229 1664 1665 1679
905 4 2 1 1 1230 1229 1665 1679
906 4 2 1 1 1230 1665 1680 1679
907 4 2 1 1 1665 1215 1230 1216
908 4 2 1 1 1230 1665 1216 1666
909 4 2 1 1 1666 1216 1230 1231
910 4 2 1 1 1230 1665 1666 1680
911 4 2 1 1 1231 1230 1666 1680
912 4 2 1 1 1231 1666 1681 1680
913 4 2 1 1 1666 1216 1231 1217
914 4 2 1 1 1231 1666 1217 1667
915 4 2 1 1 1667 1217 1231 1232
916 4 2 1 1 1231 1666 1667 1681
917 4 2 1 1 1232 1231 1667 1681
918 4 2 1 1 1232 1667 1682 1681
919 4 2 1 1 1667 1217 1232 1218
920 4 2 1 1 1232 1667 1218 1668
921 4 2 1 1 1668 1218 1232 1233
922 4 2 1 1 1232 1667 1668 1682
923 4 2 1 1 1233 1232 1668 1682
924 4 2 1 1 1233 1668 1683 1682
925 4 2 1 1 1668 1218 1233 1219
926 4 2 1 1 1233 1668 1219 1669
927 4 2 1 1 1669 1219 1233 1234
928 4 2 1 1 1233 1668 1669 1683
929 4 2 1 1 1234 1233 1669 1683
930 4 2 1 1 1234 1669 1684 1683
931 4 2 1 1 1669 1219 1234 1220
932 4 2 1 1 1234 1669 1220 1670
933 4 2 1 1 1670 1220 1234 1235
934 4 2 1 1 1234 1669 1670 1684
935 4 2 1 1 1235 1234 1670 1684
936 4 2 1 1 1235 1670 1685 1684
937 4 2 1 1 1670 1220 1235 1221
938 4 2 1 1 1235 1670 1221 1671
939 4 2 1 1 1671 1221 1235 1236
940 4 2 1 1 1235 1670 1671 1685
941 4 2 1 1 1236 1235 1671 1685
942 4 2 1 1 1236 1671 1686 1685
943 4 2 1 1 1671 1221 1236 1222
944 4 2 1 1 1236 1671 1222 1672
945 4 2 1 1 1672 1222 1236 1237
946 4 2 1 1 1236 1671 1672 1686
947 4 2 1 1 1237 1236 1672 1686
948 4 2 1 1 1237 1672 1687 1686
949 4 2 1 1 1672 1222 1237 1223
950 4 2 1 1 1237 1672 1223 1673
951 4 2 1 1 1673 1223 1237 1238
952 4 2 1 1 1237 1672 1673 1687
953 4 2 1 1 1238 1237 1673 1687
954 4 2 1 1 1238 1673 1688 1687
955 4 2 1 1 1673 1223 1238 122
956 4 2 1 1 1238 1673 122 422
957 4 2 1 1 422 122 1238 123
958 4 2 1 1 1238 1673 422 1688
959 4 2 1 1 123 1238 422 1688
960 4 2 1 1 123 422 423 1688
961 4 2 1 1 198 63 64 1224
962 4 2 1 1 64 198 1224 1674
963 4 2 1 1 1674 1224 64 1239
964 4 2 1 1 64 198 1674 199
965 4 2 1 1 1239 64 1674 199
966 4 2 1 1 1239 1674 1689 199
967 4 2 1 1 1674 1224 1239 1225
968 4 2 1 1 1239 1674 1225 1675
969 4 2 1 1 1675 1225 1239 1240
970 4 2 1 1 1239 1674 1675 1689
971 4 2 1 1 1240 1239 1675 1689
972 4 2 1 1 1240 1675 1690 1689
973 4 2 1 1 1675 1225 1240 1226
974 4 2 1 1 1240 1675 1226 1676
975 4 2 1 1 1676 1226 1240 1241
976 4 2 1 1 1240 1675 1676 1690
977 4 2 1 1 1241 1240 1676 1690
978 4 2 1 1 1241 1676 1691 1690
979 4 2 1 1 1676 1226 1241 1227
980 4 2 1 1 1241 1676 1227 1677
981 4 2 1 1 1677 1227 1241 1242
982 4 2 1 1 1241 1676 1677 1691
983 4 2 1 1 1242 1241 1677 1691
984 4 2 1 1 1242 1677 1692 1691
985 4 2 1 1 1677 1227 1242 1228
986 4 2 1 1 1242 1677 1228 1678
987 4 2 1 1 1678 1228 1242 1243
988 4 2 1 1 1242 1677 1678 1692
989 4 2 1 1 1243 1242 1678 1692
990 4 2 1 1 1243 1678 1693 1692
991 4 2 1 1 1678 1228 1243 1229
992 4 2 1 1 1243 1678 1229 1679
993 4 2 1 1 1679 1229 1243 1244
994 4 2 1 1 1243 1678 1679 1693
995 4 2 1 1 1244 1243 1679 1693
996 4 2 1 1 1244 1679 1694 1693
997 4 2 1 1 1679 1229 1244 1230
998 4 2 1 1 1244 1679 1230 1680
999 4 2 1 1 1680 1230 1244 1245
1000 4 2 1 1 1244 1679 1680 1694
1001 4 2 1 1 1245 1244 1680 1694
1002 4 2 1 1 1245 1680 1695 1694
1003 4 2 1 1 1680 1230 1245 1231
1004 4 2 1 1 1245 1680 1231 1681
1005 4 2 1 1 1681 1231 1245 1246
1006 4 2 1 1 1245 1680 1681 1695
1007 4 2 1 1 1246 1245 1681 1695
1008 4 2 1 1 1246 1681 1696 1695
1009 4 2 1 1 1681 1231 1246 1232
1010 4 2 1 1 1246 1681 1232 1682
1011 4 2 1 1 1682 1232 1246 1247
1012 4 2 1 1 1246 1681 1682 1696
1013 4 2 1 1 1247 1246 1682 1696
1014 4 2 1 1 1247 1682 1697 1696
1015 4 2 1 1 1682 1232 1247 1233
1016 4 2 1 1 1247 1682 1233 1683
1017 4 2 1 1 1683 1233 1247 1248
1018 4 2 1 1 1247 1682 1683 1697
1019 4 2 1 1 1248 1247 1683 1697
1020 4 2 1 1 1248 1683 1698 1697
1021 4 2 1 1 1683 1233 1248 1234
1022 4 2 1 1 1248 1683 1234 1684
1023 4 2 1 1 1684 1234 1248 1249
1024 4 2 1 1 1248 1683 1684 1698
1025 4 2 1 1 1249 1248 1684 1698
1026 4 2 1 1 1249 1684 1699 1698
1027 4 2 1 1 1684 1234 1249 1235
1028 4 2 1 1 1249 1684 1235 1685
1029 4 2 1 1 1685 1235 1249 1250
1030 4 2 1 1 1249 1684 1685 1699
1031 4 2 1 1 1250 1249 1685 1699
1032 4 2 1 1 1250 1685 1700 1699
1033 4 2 1 1 1685 1235 1250 1236
1034 4 2 1 1 1250 1685 1236 1686
1035 4 2 1 1 1686 1236 1250 1251
1036 4 2 1 1 1250 1685 1686 1700
1037 4 2 1 1 1251 1250 1686 1700
1038 4 2 1 1 1251 1686 1701 1700
1039 4 2 1 1 1686 1236 1251 1237
1040 4 2 1 1 1251 1686 1237 1687
1041 4 2 1 1 1687 1237 1251 1252
1042 4 2 1 1 1251 1686 1687 1701
1043 4 2 1 1 1252 1251 1687 1701
1044 4 2 1 1 1252 1687 1702 1701
1045 4 2 1 1 1687 1237 1252 1238
1046 4 2 1 1 1252 1687 1238 1688
1047 4 2 1 1 1688 1238 1252 1253
1048 4 2 1 1 1252 1687 1688 1702
1049 4 2 1 1 1253 1252 1688 1702
1050 4 2 1 1 1253 1688 1703 1702
1051 4 2 1 1 1688 1238 1253 123
1052 4 2 1 1 1253 1688 123 423
1053 4 2 1 1 423 123 1253 124
1054 4 2 1 1 1253 1688 423 1703
1055 4 2 1 1 124 1253 423 1703
1056 4 2 1 1 124 423 424 1703
1057 4 2 1 1 199 64 65 1239
1058 4 2 1 1 65 199 1239 1689
1059 4 2 1 1 1689 1239 65 1254
1060 4 2 1 1 65 199 1689 200
1061 4 2 1 1 1254 65 1689 200
1062 4 2 1 1 1254 1689 1704 200
1063 4 2 1 1 1689 1239 1254 1240
1064 4 2 1 1 1254 1689 1240 1690
1065 4 2 1 1 1690 1240 1254 1255
1066 4 2 1 1 1254 1689 1690 1704
1067 4 2 1 1 1255 1254 1690 1704
1068 4 2 1 1 1255 1690 1705 1704
1069 4 2 1 1 1690 1240 1255 1241
1070 4 2 1 1 1255 1690 1241 1691
1071 4 2 1 1 1691 1241 1255 1256
1072 4 2 1 1 1255 1690 1691 1705
1073 4 2 1 1 1256 1255 1691 1705
1074 4 2 1 1 1256 1691 1706 1705
1075 4 2 1 1 1691 1241 1256 1242
1076 4 2 1 1 1256 1691 1242 1692
1077 4 2 1 1 1692 1242 1256 1257
1078 4 2 1 1 1256 1691 1692 1706
1079 4 2 1 1 1257 1256 1692 1706
1080 4 2 1 1 1257 1692 1707 1706
1081 4 2 1 1 1692 1242 1257 1243
1082 4 2 1 1 1257 1692 1243 1693
1083 4 2 1 1 1693 1243 1257 1258
1084 4 2 1 1 1257 1692 1693 1707
1085 4 2 1 1 1258 1257 1693 1707
1086 4 2 1 1 1258 1693 1708 1707
1087 4 2 1 1 1693 1243 1258 1244
1088 4 2 1 1 1258 1693 1244 1694
1089 4 2 1 1 1694 1244 1258 1259
1090 4 2 1 1 1258 1693 1694 1708
1091 4 2 1 1 1259 1258 1694 1708
1092 4 2 1 1 1259 1694 1709 1708
1093 4 2 1 1 1694 1244 1259 1245
1094 4 2 1 1 1259 1694 1245 1695
1095 4 2 1 1 1695 1245 1259 1260
1096 4 2 1 1 1259 1694 1695 1709
1097 4 2 1 1 1260 1259 1695 1709
1098 4 2 1 1 1260 1695 1710 1709
1099 4 2 1 1 1695 1245 1260 1246
1100 4 2 1 1 1260 1695 1246 1696
1101 4 2 1 1 1696 1246 1260 1261
1102 4 2 1 1 1260 1695 1696 1710
1103 4 2 1 1 1261 1260 1696 1710
1104 4 2 1 1 1261 1696 1711 1710
1105 4 2 1 1 1696 1246 1261 1247
1106 4 2 1 1 1261 1696 1247 1697
1107 4 2 1 1 1697 1247 1261 1262
1108 4 2 1 1 1261 1696 1697 1711
1109 4 2 1 1 1262 1261 1697 1711
1110 4 2 1 1 1262 1697 1712 1711
1111 4 2 1 1 1697 1247 1262 1248
1112 4 2 1 1 1262 1697 1248 1698
1113 4 2 1 1 1698 1248 1262 1263
1114 4 2 1 1 1262 1697 1698 1712
1115 4 2 1 1 1263 1262 1698 1712
1116 4 2 1 1 1263 1698 1713 1712
1117 4 2 1 1 1698 1248 1263 1249
1118 4 2 1 1 1263 1698 1249 1699
1119 4 2 1 1 1699 1249 1263 1264
1120 4 2 1 1 1263 1698 1699 1713
1121 4 2 1 1 1264 1263 1699 1713
1122 4 2 1 1 1264 1699 1714 1713
1123 4 2 1 1 1699 1249 1264 1250
1124 4 2 1 1 1264 1699 1250 1700
1125 4 2 1 1 1700 1250 1264 1265
1126 4 2 1 1 1264 1699 1700 1714
1127 4 2 1 1 1265 1264 1700 1714
1128 4 2 1 1 1265 1700 1715 1714
1129 4 2 1 1 1700 1250 1265 1251
1130 4 2 1 1 1265 1700 1251 1701
1131 4 2 1 1 1701 1251 1265 1266
1132 4 2 1 1 1265 1700 1701 1715
1133 4 2 1 1 1266 1265 1701 1715
1134 4 2 1 1 1266 1701 1716 1715
1135 4 2 1 1 1701 1251 1266 1252
1136 4 2 1 1 1266 1701 1252 1702
1137 4 2 1 1 1702 1252 1266 1267
1138 4 2 1 1 1266 1701 1702 1716
1139 4 2 1 1 1267 1266 1702 1716
1140 4 2 1 1 1267 1702 1717 1716
1141 4 2 1 1 1702 1252 1267 1253
1142 4 2 1 1 1267 1702 1253 1703
1143 4 2 1 1 1703 1253 1267 1268
1144 4 2 1 1 1267 1702 1703 1717
1145 4 2 1 1 1268 1267 1703 1717
1146 4 2 1 1 1268 1703 1718 1717
1147 4 2 1 1 1703 1253 1268 124
1148 4 2 1 1 1268 1703 124 424
1149 4 2 1 1 424 124 1268 125
1150 4 2 1 1 1268 1703 424 1718
1151 4 2 1 1 125 1268 424 1718
1152 4 2 1 1 125 424 425 1718
1153 4 2 1 1 200 65 66 1254
1154 4 2 1 1 66 200 1254 1704
1155 4 2 1 1 1704 1254 66 1269
1156 4 2 1 1 66 200 1704 201
1157 4 2 1 1 1269 66 1704 201
1158 4 2 1 1 1269 1704 1719 201
1159 4 2 1 1 1704 1254 1269 1255
1160 4 2 1 1 1269 1704 1255 1705
1161 4 2 1 1 1705 1255 1269 1270
1162 4 2 1 1 1269 1704 1705 1719
1163 4 2 1 1 1270 1269 1705 1719
1164 4 2 1 1 1270 1705 1720 1719
1165 4 2 1 1 1705 1255 1270 1256
1166 4 2 1 1 1270 1705 1256 1706
1167 4 2 1 1 1706 1256 1270 1271
1168 4 2 1 1 1270 1705 1706 1720
1169 4 2 1 1 1271 1270 1706 1720
1170 4 2 1 1 1271 1706 1721 1720
1171 4 2 1 1 1706 1256 1271 1257
1172 4 2 1 1 1271 1706 1257 1707
1173 4 2 1 1 1707 1257 1271 1272
1174 4 2 1 1 1271 1706 1707 1721
1175 4 2 1 1 1272 1271 1707 1721
1176 4 2 1 1 1272 1707 1722 1721
1177 4 2 1 1 1707 1257 1272 1258
1178 4 2 1 1 1272 1707 1258 1708
1179 4 2 1 1 1708 1258 1272 1273
1180 4 2 1 1 1272 1707 1708 1722
1181 4 2 1 1 1273 1272 1708 1722
1182 4 2 1 1 1273 1708 1723 1722
1183 4 2 1 1 1708 1258 1273 1259
1184 4 2 1 1 1273 1708 1259 1709
1185 4 2 1 1 1709 1259 1273 1274
1186 4 2 1 1 1273 1708 1709 1723
1187 4 2 1 1 1274 1273 1709 1723
1188 4 2 1 1 1274 1709 1724 1723
1189 4 2 1 1 1709 1259 1274 1260
1190 4 2 1 1 1274 1709 1260 1710
1191 4 2 1 1 1710 1260 1274 1275
1192 4 2 1 1 1274 1709 1710 1724
1193 4 2 1 1 1275 1274 1710 1724
1194 4 2 1 1 1275 1710 1725 1724
1195 4 2 1 1 1710 1260 1275 1261
1196 4 2 1 1 1275 1710 1261 1711
1197 4 2 1 1 1711 1261 1275 1276
1198 4 2 1 1 1275 1710 1711 1725
1199 4 2 1 1 1276 1275 1711 1725
1200 4 2 1 1 1276 1711 1726 1725
1201 4 2 1 1 1711 1261 1276 1262
1202 4 2 1 1 1276 1711 1262 1712
1203 4 2 1 1 1712 1262 1276 1277
1204 4 2 1 1 1276 1711 1712 1726
1205 4 2 1 1 1277 1276 1712 1726
1206 4 2 1 1 1277 1712 1727 1726
1207 4 2 1 1 1712 1262 1277 1263
1208 4 2 1 1 1277 1712 1263 1713
1209 4 2 1 1 1713 1263 1277 1278
1210 4 2 1 1 1277 1712 1713 1727
1211 4 2 1 1 1278 1277 1713 1727
1212 4 2 1 1 1278 1713 1728 1727
1213 4 2 1 1 1713 1263 1278 1264
1214 4 2 1 1 1278 1713 1264 1714
1215 4 2 1 1 1714 1264 1278 1279
1216 4 2 1 1 1278 1713 1714 1728
1217 4 2 1 1 1279 1278 1714 1728
1218 4 2 1 1 1279 1714 1729 1728
1219 4 2 1 1 1714 1264 1279 1265
1220 4 2 1 1 1279 1714 1265 1715
1221 4 2 1 1 1715 1265 1279 1280
1222 4 2 1 1 1279 1714 1715 1729
1223 4 2 1 1 1280 1279 1715 1729
1224 4 2 1 1 1280 1715 1730 1729
1225 4 2 1 1 1715 1265 1280 1266
1226 4 2 1 1 1280 1715 1266 1716
1227 4 2 1 1 1716 1266 1280 1281
1228 4 2 1 1 1280 1715 1716 1730
1229 4 2 1 1 1281 1280 1716 1730
1230 4 2 1 1 1281 1716 1731 1730
1231 4 2 1 1 1716 1266 1281 1267
1232 4 2 1 1 1281 1716 1267 1717
1233 4 2 1 1 1717 1267 1281 1282
1234 4 2 1 1 1281 1716 1717 1731
1235 4 2 1 1 1282 1281 1717 1731
1236 4 2 1 1 1282 1717 1732 1731
1237 4 2 1 1 1717 1267 1282 1268
1238 4 2 1 1 1282 1717 1268 1718
1239 4 2 1 1 1718 1268 1282 1283
1240 4 2 1 1 1282 1717 1718 1732
1241 4 2 1 1 1283 1282 1718 1732
1242 4 2 1 1 1283 1718 1733 1732
1243 4 2 1 1 1718 1268 1283 125
1244 4 2 1 1 1283 1718 125 425
1245 4 2 1 1 425 125 1283 126
1246 4 2 1 1 1283 1718 425 1733
1247 4 2 1 1 126 1283 425 1733
1248 4 2 1 1 126 425 426 1733
1249 4 2 1 1 201 66 67 1269
1250 4 2 1 1 67 201 1269 1719
1251 4 2 1 1 1719 1269 67 1284
1252 4 2 1 1 67 201 1719 202
1253 4 2 1 1 1284 67 1719 202
1254 4 2 1 1 1284 1719 1734 202
1255 4 2 1 1 1719 1269 1284 1270
1256 4 2 1 1 1284 1719 1270 1720
1257 4 2 1 1 1720 1270 1284 1285
1258 4 2 1 1 1284 1719 1720 1734
1259 4 2 1 1 1285 1284 1720 1734
1260 4 2 1 1 1285 1720 1735 1734
1261 4 2 1 1 1720 1270 1285 1271
1262 4 2 1 1 1285 1720 1271 1721
1263 4 2 1 1 1721 1271 1285 1286
1264 4 2 1 1 1285 1720 1721 1735
1265 4 2 1 1 1286 1285 1721 1735
1266 4 2 1 1 1286 1721 1736 1735
1267 4 2 1 1 1721 1271 1286 1272
1268 4 2 1 1 1286 1721 1272 1722
1269 4 2 1 1 1722 1272 1286 1287
1270 4 2 1 1 1286 1721 1722 1736
1271 4 2 1 1 1287 1286 1722 1736
1272 4 2 1 1 1287 1722 1737 1736
1273 4 2 1 1 1722 1272 1287 1273
1274 4 2 1 1 1287 1722 1273 1723
1275 4 2 1 1 1723 1273 1287 1288
1276 4 2 1 1 1287 1722 1723 1737
1277 4 2 1 1 1288 1287 1723 1737
1278 4 2 1 1 1288 1723 1738 1737
1279 4 2 1 1 1723 1273 1288 1274
1280 4 2 1 1 1288 1723 1274 1724
1281 4 2 1 1 1724 1274 1288 1289
1282 4 2 1 1 1288 1723 1724 1738
1283 4 2 1 1 1289 1288 1724 1738
1284 4 2 1 1 1289 1724 1739 1738
1285 4 2 1 1 1724 1274 1289 1275
1286 4 2 1 1 1289 1724 1275 1725
1287 4 2 1 1 1725 1275 1289 1290
1288 4 2 1 1 1289 1724 1725 1739
1289 4 2 1 1 1290 1289 1725 1739
1290 4 2 1 1 1290 1725 1740 1739
1291 4 2 1 1 1725 1275 1290 1276
1292 4 2 1 1 1290 1725 1276 1726
1293 4 2 1 1 1726 1276 1290 1291
1294 4 2 1 1 1290 1725 1726 1740
1295 4 2 1 1 1291 1290 1726 1740
1296 4 2 1 1 1291 1726 1741 1740
1297 4 2 1 1 1726 1276 1291 1277
1298 4 2 1 1 1291 1726 1277 1727
1299 4 2 1 1 1727 1277 1291 1292
1300 4 2 1 1 1291 1726 1727 1741
1301 4 2 1 1 1292 1291 1727 1741
1302 4 2 1 1 1292 1727 1742 1741
1303 4 2 1 1 1727 1277 1292 1278
1304 4 2 1 1 1292 1727 1278 1728
1305 4 2 1 1 1728 1278 1292 1293
1306 4 2 1 1 1292 1727 1728 1742
1307 4 2 1 1 1293 1292 1728 1742
1308 4 2 1 1 1293 1728 1743 1742
1309 4 2 1 1 1728 1278 1293 1279
1310 4 2 1 1 1293 1728 1279 1729
1311 4 2 1 1 1729 1279 1293 1294
1312 4 2 1 1 1293 1728 1729 1743
1313 4 2 1 1 1294 1293 1729 1743
1314 4 2 1 1 1294 1729 1744 1743
1315 4 2 1 1 1729 1279 1294 1280
1316 4 2 1 1 1294 1729 1280 1730
1317 4 2 1 1 1730 1280 1294 1295
1318 4 2 1 1 1294 1729 1730 1744
1319 4 2 1 1 1295 1294 1730 1744
1320 4 2 1 1 1295 1730 1745 1744
1321 4 2 1 1 1730 1280 1295 1281
1322 4 2 1 1 1295 1730 1281 1731
1323 4 2 1 1 1731 1281 1295 1296
1324 4 2 1 1 1295 1730 1731 1745
1325 4 2 1 1 1296 1295 1731 1745
1326 4 2 1 1 1296 1731 1746 1745
1327 4 2 1 1 1731 1281 1296 1282
1328 4 2 1 1 1296 1731 1282 1732
1329 4 2 1 1 1732 1282 1296 1297
1330 4 2 1 1 1296 1731 1732 1746
1331 4 2 1 1 1297 1296 1732 1746
1332 4 2 1 1 1297 1732 1747 1746
1333 4 2 1 1 1732 1282 1297 1283
1334 4 2 1 1 1297 1732 1283 1733
1335 4 2 1 1 1733 1283 1297 1298
1336 4 2 1 1 1297 1732 1733 1747
1337 4 2 1 1 1298 1297 1733 1747
1338 4 2 1 1 1298 1733 1748 1747
1339 4 2 1 1 1733 1283 1298 126
1340 4 2 1 1 1298 1733 126 426
1341 4 2 1 1 426 126 1298 127
1342 4 2 1 1 1298 1733 426 1748
1343 4 2 1 1 127 1298 426 1748
1344 4 2 1 1 127 426 427 1748
1345 4 2 1 1 202 67 68 1284
1346 4 2 1 1 68 202 1284 1734
1347 4 2 1 1 1734 1284 68 1299
1348 4 2 1 1 68 202 1734 203
1349 4 2 1 1 1299 68 1734 203
1350 4 2 1 1 1299 1734 1749 203
1351 4 2 1 1 1734 1284 1299 1285
1352 4 2 1 1 1299 1734 1285 1735
1353 4 2 1 1 1735 1285 1299 1300
1354 4 2 1 1 1299 1734 1735 1749
1355 4 2 1 1 1300 1299 1735 1749
1356 4 2 1 1 1300 1735 1750 1749
1357 4 2 1 1 1735 1285 1300 1286
1358 4 2 1 1 1300 1735 1286 1736
1359 4 2 1 1 1736 1286 1300 1301
1360 4 2 1 1 1300 1735 1736 1750
1361 4 2 1 1 1301 1300 1736 1750
1362 4 2 1 1 1301 1736 1751 1750
1363 4 2 1 1 1736 1286 1301 1287
1364 4 2 1 1 1301 1736 1287 1737
1365 4 2 1 1 1737 1287 1301 1302
1366 4 2 1 1 1301 1736 1737 1751
1367 4 2 1 1 1302 1301 1737 1751
1368 4 2 1 1 1302 1737 1752 1751
1369 4 2 1 1 1737 1287 1302 1288
1370 4 2 1 1 1302 1737 1288 1738
1371 4 2 1 1 1738 1288 1302 1303
1372 4 2 1 1 1302 1737 1738 1752
1373 4 2 1 1 1303 1302 1738 1752
1374 4 2 1 1 1303 1738 1753 1752
1375 4 2 1 1 1738 1288 1303 1289
1376 4 2 1 1 1303 1738 1289 1739
1377 4 2 1 1 1739 1289 1303 1304
1378 4 2 1 1 1303 1738 1739 1753
1379 4 2 1 1 1304 1303 1739 1753
1380 4 2 1 1 1304 1739 1754 1753
1381 4 2 1 1 1739 1289 1304 1290
1382 4 2 1 1 1304 1739 1290 1740
1383 4 2 1 1 1740 1290 1304 1305
1384 4 2 1 1 1304 1739 1740 1754
1385 4 2 1 1 1305 1304 1740 1754
1386 4 2 1 1 1305 1740 1755 1754
1387 4 2 1 1 1740 1290 1305 1291
1388 4 2 1 1 1305 1740 1291 1741
1389 4 2 1 1 1741 1291 1305 1306
1390 4 2 1 1 1305 1740 1741 1755
1391 4 2 1 1 1306 1305 1741 1755
1392 4 2 1 1 1306 1741 1756 1755
1393 4 2 1 1 1741 1291 1306 1292
1394 4 2 1 1 1306 1741 1292 1742
1395 4 2 1 1 1742 1292 1306 1307
1396 4 2 1 1 1306 1741 1742 1756
1397 4 2 1 1 1307 1306 1742 1756
1398 4 2 1 1 1307 1742 1757 1756
1399 4 2 1 1 1742 1292 1307 1293
1400 4 2 1 1 1307 1742 1293 1743
1401 4 2 1 1 1743 1293 1307 1308
1402 4 2 1 1 1307 1742 1743 1757
1403 4 2 1 1 1308 1307 1743 1757
1404 4 2 1 1 1308 1743 1758 1757
1405 4 2 1 1 1743 1293 1308 1294
1406 4 2 1 1 1308 1743 1294 1744
1407 4 2 1 1 1744 1294 1308 1309
1408 4 2 1 1 1308 1743 1744 1758
1409 4 2 1 1 1309 1308 1744 1758
1410 4 2 1 1 1309 1744 1759 1758
1411 4 2 1 1 1744 1294 1309 1295
1412 4 2 1 1 1309 1744 1295 1745
1413 4 2 1 1 1745 1295 1309 1310
1414 4 2 1 1 1309 1744 1745 1759
1415 4 2 1 1 1310 1309 1745 1759
1416 4 2 1 1 1310 1745 1760 1759
1417 4 2 1 1 1745 1295 1310 1296
1418 4 2 1 1 1310 1745 1296 1746
1419 4 2 1 1 1746 1296 1310 1311
1420 4 2 1 1 1310 1745 1746 1760
1421 4 2 1 1 1311 1310 1746 1760
1422 4 2 1 1 1311 1746 1761 1760
1423 4 2 1 1 1746 1296 1311 1297
1424 4 2 1 1 1311 1746 1297 1747
1425 4 2 1 1 1747 1297 1311 1312
1426 4 2 1 1 1311 1746 1747 1761
1427 4 2 1 1 1312 1311 1747 1761
1428 4 2 1 1 1312 1747 1762 1761
1429 4 2 1 1 1747 1297 1312 1298
1430 4 2 1 1 1312 1747 1298 1748
1431 4 2 1 1 1748 1298 1312 1313
1432 4 2 1 1 1312 1747 1748 1762
1433 4 2 1 1 1313 1312 1748 1762
1434 4 2 1 1 1313 1748 1763 1762
1435 4 2 1 1 1748 1298 1313 127
1436 4 2 1 1 1313 1748 127 427
1437 4 2 1 1 427 127 1313 128
1438 4 2 1 1 1313 1748 427 1763
1439 4 2 1 1 128 1313 427 1763
1440 4 2 1 1 128 427 428 1763
1441 4 2 1 1 203 68 4 1299
1442 4 2 1 1 4 203 1299 1749
1443 4 2 1 1 1749 1299 4 159
1444 4 2 1 1 4 203 1749 39
1445 4 2 1 1 159 4 1749 39
1446 4 2 1 1 159 1749 864 39
1447 4 2 1 1 1749 1299 159 1300
1448 4 2 1 1 159 1749 1300 1750
1449 4 2 1 1 1750 1300 159 160
1450 4 2 1 1 159 1749 1750 864
1451 4 2 1 1 160 159 1750 864
1452 4 2 1 1 160 1750 879 864
1453 4 2 1 1 1750 1300 160 1301
1454 4 2 1 1 160 1750 1301 1751
1455 4 2 1 1 1751 1301 160 161
1456 4 2 1 1 160 1750 1751 879
1457 4 2 1 1 161 160 1751 879
1458 4 2 1 1 161 1751 894 879
1459 4 2 1 1 1751 1301 161 1302
1460 4 2 1 1 161 1751 1302 1752
1461 4 2 1 1 1752 1302 161 162
1462 4 2 1 1 161 1751 1752 894
1463 4 2 1 1 162 161 1752 894
1464 4 2 1 1 162 1752 909 894
1465 4 2 1 1 1752 1302 162 1303
1466 4 2 1 1 162 1752 1303 1753
1467 4 2 1 1 1753 1303 162 163
1468 4 2 1 1 162 1752 1753 909
1469 4 2 1 1 163 162 1753 909
1470 4 2 1 1 163 1753 924 909
1471 4 2 1 1 1753 1303 163 1304
1472 4 2 1 1 163 1753 1304 1754
1473 4 2 1 1 1754 1304 163 164
1474 4 2 1 1 163 1753 1754 924
1475 4 2 1 1 164 163 1754 924
1476 4 2 1 1 164 1754 939 924
1477 4 2 1 1 1754 1304 164 1305
1478 4 2 1 1 164 1754 1305 1755
1479 4 2 1 1 1755 1305 164 165
1480 4 2 1 1 164 1754 1755 939
1481 4 2 1 1 165 164 1755 939
1482 4 2 1 1 165 1755 954 939
1483 4 2 1 1 1755 1305 165 1306
1484 4 2 1 1 165 1755 1306 1756
1485 4 2 1 1 1756 1306 165 166
1486 4 2 1 1 165 1755 1756 954
1487 4 2 1 1 166 165 1756 954
1488 4 2 1 1 166 1756 969 954
1489 4 2 1 1 1756 1306 166 1307
1490 4 2 1 1 166 1756 1307 1757
1491 4 2 1 1 1757 1307 166 167
1492 4 2 1 1 166 1756 1757 969
1493 4 2 1 1 167 166 1757 969
1494 4 2 1 1 167 1757 984 969
1495 4 2 1 1 1757 1307 167 1308
1496 4 2 1 1 167 1757 1308 1758
1497 4 2 1 1 1758 1308 167 168
1498 4 2 1 1 167 1757 1758 984
1499 4 2 1 1 168 167 1758 984
1500 4 2 1 1 168 1758 999 984
1501 4 2 1 1 1758 1308 168 1309
1502 4 2 1 1 168 1758 1309 1759
1503 4 2 1 1 1759 1309 168 169
1504 4 2 1 1 168 1758 1759 999
1505 4 2 1 1 169 168 1759 999
1506 4 2 1 1 169 1759 1014 999
1507 4 2 1 1 1759 1309 169 1310
1508 4 2 1 1 169 1759 1310 1760
1509 4 2 1 1 1760 1310 169 170
1510 4 2 1 1 169 1759 1760 1014
1511 4 2 1 1 170 169 1760 1014
1512 4 2 1 1 170 1760 1029 1014
1513 4 2 1 1 1760 1310 170 1311
1514 4 2 1 1 170 1760 1311 1761
1515 4 2 1 1 1761 1311 170 171
1516 4 2 1 1 170 1760 1761 1029
1517 4 2 1 1 171 170 1761 1029
1518 4 2 1 1 171 1761 1044 1029
1519 4 2 1 1 1761 1311 171 1312
1520 4 2 1 1 171 1761 1312 1762
1521 4 2 1 1 1762 1312 171 172
1522 4 2 1 1 171 1761 1762 1044
1523 4 2 1 1 172 171 1762 1044
1524 4 2 1 1 172 1762 1059 1044
1525 4 2 1 1 1762 1312 172 1313
1526 4 2 1 1 172 1762 1313 1763
1527 4 2 1 1 1763 1313 172 173
1528 4 2 1 1 172 1762 1763 1059
1529 4 2 1 1 173 172 1763 1059
1530 4 2 1 1 173 1763 1074 1059
1531 4 2 1 1 1763 1313 173 128
1532 4 2 1 1 173 1763 128 428
1533 4 2 1 1 428 128 173 8
1534 4 2 1 1 173 1763 428 1074
1535 4 2 1 1 8 173 428 1074
1536 4 2 1 1 8 428 99 1074
1537 4 2 1 1 10 9 189 639
1538 4 2 1 1 189 10 639 640
1539 4 2 1 1 640 639 189 1539
1540 4 2 1 1 189 10 640 204
1541 4 2 1 1 1539 189 640 204
1542 4 2 1 1 1539 640 1764 204
1543 4 2 1 1 640 639 1539 654
1544 4 2 1 1 1539 640 654 655
1545 4 2 1 1 655 654 1539 1540
1546 4 2 1 1 1539 640 655 1764
1547 4 2 1 1 1540 1539 655 1764
1548 4 2 1 1 1540 655 1765 1764
1549 4 2 1 1 655 654 1540 669
1550 4 2 1 1 1540 655 669 670
1551 4 2 1 1 670 669 1540 1541
1552 4 2 1 1 1540 655 670 1765
1553 4 2 1 1 1541 1540 670 1765
1554 4 2 1 1 1541 670 1766 1765
1555 4 2 1 1 670 669 1541 684
1556 4 2 1 1 1541 670 684 685
1557 4 2 1 1 685 684 1541 1542
1558 4 2 1 1 1541 670 685 1766
1559 4 2 1 1 1542 1541 685 1766
1560 4 2 1 1 1542 685 1767 1766
1561 4 2 1 1 685 684 1542 699
1562 4 2 1 1 1542 685 699 700
1563 4 2 1 1 700 699 1542 1543
1564 4 2 1 1 1542 685 700 1767
1565 4 2 1 1 1543 1542 700 1767
1566 4 2 1 1 1543 700 1768 1767
1567 4 2 1 1 700 699 1543 714
1568 4 2 1 1 1543 700 714 715
1569 4 2 1 1 715 714 1543 1544
1570 4 2 1 1 1543 700 715 1768
1571 4 2 1 1 1544 1543 715 1768
1572 4 2 1 1 1544 715 1769 1768
1573 4 2 1 1 715 714 1544 729
1574 4 2 1 1 1544 715 729 730
1575 4 2 1 1 730 729 1544 1545
1576 4 2 1 1 1544 715 730 1769
1577 4 2 1 1 1545 1544 730 1769
1578 4 2 1 1 1545 730 1770 1769
1579 4 2 1 1 730 729 1545 744
1580 4 2 1 1 1545 730 744 745
1581 4 2 1 1 745 744 1545 1546
1582 4 2 1 1 1545 730 745 1770
1583 4 2 1 1 1546 1545 745 1770
1584 4 2 1 1 1546 745 1771 1770
1585 4 2 1 1 745 744 1546 759
1586 4 2 1 1 1546 745 759 760
1587 4 2 1 1 760 759 1546 1547
1588 4 2 1 1 1546 745 760 1771
1589 4 2 1 1 1547 1546 760 1771
1590 4 2 1 1 1547 760 1772 1771
1591 4 2 1 1 760 759 1547 774
1592 4 2 1 1 1547 760 774 775
1593 4 2 1 1 775 774 1547 1548
1594 4 2 1 1 1547 760 775 1772
1595 4 2 1 1 1548 1547 775 1772
1596 4 2 1 1 1548 775 1773 1772
1597 4 2 1 1 775 774 1548 789
1598 4 2 1 1 1548 775 789 790
1599 4 2 1 1 790 789 1548 1549
1600 4 2 1 1 1548 775 790 1773
1601 4 2 1 1 1549 1548 790 1773
1602 4 2 1 1 1549 790 1774 1773
1603 4 2 1 1 790 789 1549 804
1604 4 2 1 1 1549 790 804 805
1605 4 2 1 1 805 804 1549 1550
1606 4 2 1 1 1549 790 805 1774
1607 4 2 1 1 1550 1549 805 1774
1608 4 2 1 1 1550 805 1775 1774
1609 4 2 1 1 805 804 1550 819
1610 4 2 1 1 1550 805 819 820
1611 4 2 1 1 820 819 1550 1551
1612 4 2 1 1 1550 805 820 1775
1613 4 2 1 1 1551 1550 820 1775
1614 4 2 1 1 1551 820 1776 1775
1615 4 2 1 1 820 819 1551 834
1616 4 2 1 1 1551 820 834 835
1617 4 2 1 1 835 834 1551 1552
1618 4 2 1 1 1551 820 835 1776
1619 4 2 1 1 1552 1551 835 1776
1620 4 2 1 1 1552 835 1777 1776
1621 4 2 1 1 835 834 1552 849
1622 4 2 1 1 1552 835 849 850
1623 4 2 1 1 850 849 1552 1553
1624 4 2 1 1 1552 835 850 1777
1625 4 2 1 1 1553 1552 850 1777
1626 4 2 1 1 1553 850 1778 1777
1627 4 2 1 1 850 849 1553 69
1628 4 2 1 1 1553 850 69 70
1629 4 2 1 1 70 69 1553 414
1630 4 2 1 1 1553 850 70 1778
1631 4 2 1 1 414 1553 70 1778
1632 4 2 1 1 414 70 429 1778
1633 4 2 1 1 204 189 190 1539
1634 4 2 1 1 190 204 1539 1764
1635 4 2 1 1 1764 1539 190 1554
1636 4 2 1 1 190 204 1764 205
1637 4 2 1 1 1554 190 1764 205
1638 4 2 1 1 1554 1764 1779 205
1639 4 2 1 1 1764 1539 1554 1540
1640 4 2 1 1 1554 1764 1540 1765
1641 4 2 1 1 1765 1540 1554 1555
1642 4 2 1 1 1554 1764 1765 1779
1643 4 2 1 1 1555 1554 1765 1779
1644 4 2 1 1 1555 1765 1780 1779
1645 4 2 1 1 1765 1540 1555 1541
1646 4 2 1 1 1555 1765 1541 1766
1647 4 2 1 1 1766 1541 1555 1556
1648 4 2 1 1 1555 1765 1766 1780
1649 4 2 1 1 1556 1555 1766 1780
1650 4 2 1 1 1556 1766 1781 1780
1651 4 2 1 1 1766 1541 1556 1542
1652 4 2 1 1 1556 1766 1542 1767
1653 4 2 1 1 1767 1542 1556 1557
1654 4 2 1 1 1556 1766 1767 1781
1655 4 2 1 1 1557 1556 1767 1781
1656 4 2 1 1 1557 1767 1782 1781
1657 4 2 1 1 1767 1542 1557 1543
1658 4 2 1 1 1557 1767 1543 1768
1659 4 2 1 1 1768 1543 1557 1558
1660 4 2 1 1 1557 1767 1768 1782
1661 4 2 1 1 1558 1557 1768 1782
1662 4 2 1 1 1558 1768 1783 1782
1663 4 2 1 1 1768 1543 1558 1544
1664 4 2 1 1 1558 1768 1544 1769
1665 4 2 1 1 1769 1544 1558 1559
1666 4 2 1 1 1558 1768 1769 1783
1667 4 2 1 1 1559 1558 1769 1783
1668 4 2 1 1 1559 1769 1784 1783
1669 4 2 1 1 1769 1544 1559 1545
1670 4 2 1 1 1559 1769 1545 1770
1671 4 2 1 1 1770 1545 1559 1560
1672 4 2 1 1 1559 1769 1770 1784
1673 4 2 1 1 1560 1559 1770 1784
1674 4 2 1 1 1560 1770 1785 1784
1675 4 2 1 1 1770 1545 1560 1546
1676 4 2 1 1 1560 1770 1546 1771
1677 4 2 1 1 1771 1546 1560 1561
1678 4 2 1 1 1560 1770 1771 1785
1679 4 2 1 1 1561 1560 1771 1785
1680 4 2 1 1 1561 1771 1786 1785
1681 4 2 1 1 1771 1546 1561 1547
1682 4 2 1 1 1561 1771 1547 1772
1683 4 2 1 1 1772 1547 1561 1562
1684 4 2 1 1 1561 1771 1772 1786
1685 4 2 1 1 1562 1561 1772 1786
1686 4 2 1 1 1562 1772 1787 1786
1687 4 2 1 1 1772 1547 1562 1548
1688 4 2 1 1 1562 1772 1548 1773
1689 4 2 1 1 1773 1548 1562 1563
1690 4 2 1 1 1562 1772 1773 1787
1691 4 2 1 1 1563 1562 1773 1787
1692 4 2 1 1 1563 1773 1788 1787
1693 4 2 1 1 1773 1548 1563 1549
1694 4 2 1 1 1563 1773 1549 1774
1695 4 2 1 1 1774 1549 1563 1564
1696 4 2 1 1 1563 1773 1774 1788
1697 4 2 1 1 1564 1563 1774 1788
1698 4 2 1 1 1564 1774 1789 1788
1699 4 2 1 1 1774 1549 1564 1550
1700 4 2 1 1 1564 1774 1550 1775
1701 4 2 1 1 1775 1550 1564 1565
1702 4 2 1 1 1564 1774 1775 1789
1703 4 2 1 1 1565 1564 1775 1789
1704 4 2 1 1 1565 1775 1790 1789
1705 4 2 1 1 1775 1550 1565 1551
1706 4 2 1 1 1565 1775 1551 1776
1707 4 2 1 1 1776 1551 1565 1566
1708 4 2 1 1 1565 1775 1776 1790
1709 4 2 1 1 1566 1565 1776 1790
1710 4 2 1 1 1566 1776 1791 1790
1711 4 2 1 1 1776 1551 1566 1552
1712 4 2 1 1 1566 1776 1552 1777
1713 4 2 1 1 1777 1552 1566 1567
1714 4 2 1 1 1566 1776 1777 1791
1715 4 2 1 1 1567 1566 1777 1791
1716 4 2 1 1 1567 1777 1792 1791
1717 4 2 1 1 1777 1552 1567 1553
1718 4 2 1 1 1567 1777 1553 1778
1719 4 2 1 1 1778 1553 1567 1568
1720 4 2 1 1 1567 1777 1778 1792
1721 4 2 1 1 1568 1567 1778 1792
1722 4 2 1 1 1568 1778 1793 1792
1723 4 2 1 1 1778 1553 1568 414
1724 4 2 1 1 1568 1778 414 429
1725 4 2 1 1 429 414 1568 415
1726 4 2 1 1 1568 1778 429 1793
1727 4 2 1 1 415 1568 429 1793
1728 4 2 1 1 415 429 430 1793
1729 4 2 1 1 205 190 191 1554
1730 4 2 1 1 191 205 1554 1779
1731 4 2 1 1 1779 1554 191 1569
1732 4 2 1 1 191 205 1779 206
1733 4 2 1 1 1569 191 1779 206
1734 4 2 1 1 1569 1779 1794 206
1735 4 2 1 1 1779 1554 1569 1555
1736 4 2 1 1 1569 1779 1555 1780
1737 4 2 1 1 1780 1555 1569 1570
1738 4 2 1 1 1569 1779 1780 1794
1739 4 2 1 1 1570 1569 1780 1794
1740 4 2 1 1 1570 1780 1795 1794
1741 4 2 1 1 1780 1555 1570 1556
1742 4 2 1 1 1570 1780 1556 1781
1743 4 2 1 1 1781 1556 1570 1571
1744 4 2 1 1 1570 1780 1781 1795
1745 4 2 1 1 1571 1570 1781 1795
1746 4 2 1 1 1571 1781 1796 1795
1747 4 2 1 1 1781 1556 1571 1557
1748 4 2 1 1 1571 1781 1557 1782
1749 4 2 1 1 1782 1557 1571 1572
1750 4 2 1 1 1571 1781 1782 1796
1751 4 2 1 1 1572 1571 1782 1796
1752 4 2 1 1 1572 1782 1797 1796
1753 4 2 1 1 1782 1557 1572 1558
1754 4 2 1 1 1572 1782 1558 1783
1755 4 2 1 1 1783 1558 1572 1573
1756 4 2 1 1 1572 1782 1783 1797
1757 4 2 1 1 1573 1572 1783 1797
1758 4 2 1 1 1573 1783 1798 1797
1759 4 2 1 1 1783 1558 1573 1559
1760 4 2 1 1 1573 1783 1559 1784
1761 4 2 1 1 1784 1559 1573 1574
1762 4 2 1 1 1573 1783 1784 1798
1763 4 2 1 1 1574 1573 1784 1798
1764 4 2 1 1 1574 1784 1799 1798
1765 4 2 1 1 1784 1559 1574 1560
1766 4 2 1 1 1574 1784 1560 1785
1767 4 2 1 1 1785 1560 1574 1575
1768 4 2 1 1 1574 1784 1785 1799
1769 4 2 1 1 1575 1574 1785 1799
1770 4 2 1 1 1575 1785 1800 1799
1771 4 2 1 1 1785 1560 1575 1561
1772 4 2 1 1 1575 1785 1561 1786
1773 4 2 1 1 1786 1561 1575 1576
1774 4 2 1 1 1575 1785 1786 1800
1775 4 2 1 1 1576 1575 1786 1800
1776 4 2 1 1 1576 1786 1801 1800
1777 4 2 1 1 1786 1561 1576 1562
1778 4 2 1 1 1576 1786 1562 1787
1779 4 2 1 1 1787 1562 1576 1577
1780 4 2 1 1 1576 1786 1787 1801
1781 4 2 1 1 1577 1576 1787 1801
1782 4 2 1 1 1577 1787 1802 1801
1783 4 2 1 1 1787 1562 1577 1563
1784 4 2 1 1 1577 1787 1563 1788
1785 4 2 1 1 1788 1563 1577 1578
1786 4 2 1 1 1577 1787 1788 1802
1787 4 2 1 1 1578 1577 1788 1802
1788 4 2 1 1 1578 1788 1803 1802
1789 4 2 1 1 1788 1563 1578 1564
1790 4 2 1 1 1578 1788 1564 1789
1791 4 2 1 1 1789 1564 1578 1579
1792 4 2 1 1 1578 1788 1789 1803
1793 4 2 1 1 1579 1578 1789 1803
1794 4 2 1 1 1579 1789 1804 1803
1795 4 2 1 1 1789 1564 1579 1565
1796 4 2 1 1 1579 1789 1565 1790
1797 4 2 1 1 1790 1565 1579 1580
1798 4 2 1 1 1579 1789 1790 1804
1799 4 2 1 1 1580 1579 1790 1804
1800 4 2 1 1 1580 1790 1805 1804
1801 4 2 1 1 1790 1565 1580 1566
1802 4 2 1 1 1580 1790 1566 1791
1803 4 2 1 1 1791 1566 1580 1581
1804 4 2 1 1 1580 1790 1791 1805
1805 4 2 1 1 1581 1580 1791 1805
1806 4 2 1 1 1581 1791 1806 1805
1807 4 2 1 1 1791 1566 1581 1567
1808 4 2 1 1 1581 1791 1567 1792
1809 4 2 1 1 1792 1567 1581 1582
1810 4 2 1 1 1581 1791 1792 1806
1811 4 2 1 1 1582 1581 1792 1806
1812 4 2 1 1 1582 1792 1807 1806
1813 4 2 1 1 1792 1567 1582 1568
1814 4 2 1 1 1582 1792 1568 1793
1815 4 2 1 1 1793 1568 1582 1583
1816 4 2 1 1 1582 1792 1793 1807
1817 4 2 1 1 1583 1582 1793 1807
1818 4 2 1 1 1583 1793 1808 1807
1819 4 2 1 1 1793 1568 1583 415
1820 4 2 1 1 1583 1793 415 430
1821 4 2 1 1 430 415 1583 416
1822 4 2 1 1 1583 1793 430 1808
1823 4 2 1 1 416 1583 430 1808
1824 4 2 1 1 416 430 431 1808
1825 4 2 1 1 206 191 192 1569
1826 4 2 1 1 192 206 1569 1794
1827 4 2 1 1 1794 1569 192 1584
1828 4 2 1 1 192 206 1794 207
1829 4 2 1 1 1584 192 1794 207
1830 4 2 1 1 1584 1794 1809 207
1831 4 2 1 1 1794 1569 1584 1570
1832 4 2 1 1 1584 1794 1570 1795
1833 4 2 1 1 1795 1570 1584 1585
1834 4 2 1 1 1584 1794 1795 1809
1835 4 2 1 1 1585 1584 1795 1809
1836 4 2 1 1 1585 1795 1810 1809
1837 4 2 1 1 1795 1570 1585 1571
1838 4 2 1 1 1585 1795 1571 1796
1839 4 2 1 1 1796 1571 1585 1586
1840 4 2 1 1 1585 1795 1796 1810
1841 4 2 1 1 1586 1585 1796 1810
1842 4 2 1 1 1586 1796 1811 1810
1843 4 2 1 1 1796 1571 1586 1572
1844 4 2 1 1 1586 1796 1572 1797
1845 4 2 1 1 1797 1572 1586 1587
1846 4 2 1 1 1586 1796 1797 1811
1847 4 2 1 1 1587 1586 1797 1811
1848 4 2 1 1 1587 1797 1812 1811
1849 4 2 1 1 1797 1572 1587 1573
1850 4 2 1 1 1587 1797 1573 1798
1851 4 2 1 1 1798 1573 1587 1588
1852 4 2 1 1 1587 1797 1798 1812
1853 4 2 1 1 1588 1587 1798 1812
1854 4 2 1 1 1588 1798 1813 1812
1855 4 2 1 1 1798 1573 1588 1574
1856 4 2 1 1 1588 1798 1574 1799
1857 4 2 1 1 1799 1574 1588 1589
1858 4 2 1 1 1588 1798 1799 1813
1859 4 2 1 1 1589 1588 1799 1813
1860 4 2 1 1 1589 1799 1814 1813
1861 4 2 1 1 1799 1574 1589 1575
1862 4 2 1 1 1589 1799 1575 1800
1863 4 2 1 1 1800 1575 1589 1590
1864 4 2 1 1 1589 1799 1800 1814
1865 4 2 1 1 1590 1589 1800 1814
1866 4 2 1 1 1590 1800 1815 1814
1867 4 2 1 1 1800 1575 1590 1576
1868 4 2 1 1 1590 1800 1576 1801
1869 4 2 1 1 1801 1576 1590 1591
1870 4 2 1 1 1590 1800 1801 1815
1871 4 2 1 1 1591 1590 1801 1815
1872 4 2 1 1 1591 1801 1816 1815
1873 4 2 1 1 1801 1576 1591 1577
1874 4 2 1 1 1591 1801 1577 1802
1875 4 2 1 1 1802 1577 1591 1592
1876 4 2 1 1 1591 1801 1802 1816
1877 4 2 1 1 1592 1591 1802 1816
1878 4 2 1 1 1592 1802 1817 1816
1879 4 2 1 1 1802 1577 1592 1578
1880 4 2 1 1 1592 1802 1578 1803
1881 4 2 1 1 1803 1578 1592 1593
1882 4 2 1 1 1592 1802 1803 1817
1883 4 2 1 1 1593 1592 1803 1817
1884 4 2 1 1 1593 1803 1818 1817
1885 4 2 1 1 1803 1578 1593 1579
1886 4 2 1 1 1593 1803 1579 1804
1887 4 2 1 1 1804 1579 1593 1594
1888 4 2 1 1 1593 1803 1804 1818
1889 4 2 1 1 1594 1593 1804 1818
1890 4 2 1 1 1594 1804 1819 1818
1891 4 2 1 1 1804 1579 1594 1580
1892 4 2 1 1 1594 1804 1580 1805
1893 4 2 1 1 1805 1580 1594 1595
1894 4 2 1 1 1594 1804 1805 1819
1895 4 2 1 1 1595 1594 1805 1819
1896 4 2 1 1 1595 1805 1820 1819
1897 4 2 1 1 1805 1580 1595 1581
1898 4 2 1 1 1595 1805 1581 1806
1899 4 2 1 1 1806 1581 1595 1596
1900 4 2 1 1 1595 1805 1806 1820
1901 4 2 1 1 1596 1595 1806 1820
1902 4 2 1 1 1596 1806 1821 1820
1903 4 2 1 1 1806 1581 1596 1582
1904 4 2 1 1 1596 1806 1582 1807
1905 4 2 1 1 1807 1582 1596 1597
1906 4 2 1 1 1596 1806 1807 1821
1907 4 2 1 1 1597 1596 1807 1821
1908 4 2 1 1 1597 1807 1822 1821
1909 4 2 1 1 1807 1582 1597 1583
1910 4 2 1 1 1597 1807 1583 1808
1911 4 2 1 1 1808 1583 1597 1598
1912 4 2 1 1 1597 1807 1808 1822
1913 4 2 1 1 1598 1597 1808 1822
1914 4 2 1 1 1598 1808 1823 1822
1915 4 2 1 1 1808 1583 1598 416
1916 4 2 1 1 1598 1808 416 431
1917 4 2 1 1 431 416 1598 417
1918 4 2 1 1 1598 1808 431 1823
1919 4 2 1 1 417 1598 431 1823
1920 4 2 1 1 417 431 432 1823
1921 4 2 1 1 207 192 193 1584
1922 4 2 1 1 193 207 1584 1809
1923 4 2 1 1 1809 1584 193 1599
1924 4 2 1 1 193 207 1809 208
1925 4 2 1 1 1599 193 1809 208
1926 4 2 1 1 1599 1809 1824 208
1927 4 2 1 1 1809 1584 1599 1585
1928 4 2 1 1 1599 1809 1585 1810
1929 4 2 1 1 1810 1585 1599 1600
1930 4 2 1 1 1599 1809 1810 1824
1931 4 2 1 1 1600 1599 1810 1824
1932 4 2 1 1 1600 1810 1825 1824
1933 4 2 1 1 1810 1585 1600 1586
1934 4 2 1 1 1600 1810 1586 1811
1935 4 2 1 1 1811 1586 1600 1601
1936 4 2 1 1 1600 1810 1811 1825
1937 4 2 1 1 1601 1600 1811 1825
1938 4 2 1 1 1601 1811 1826 1825
1939 4 2 1 1 1811 1586 1601 1587
1940 4 2 1 1 1601 1811 1587 1812
1941 4 2 1 1 1812 1587 1601 1602
1942 4 2 1 1 1601 1811 1812 1826
1943 4 2 1 1 1602 1601 1812 1826
1944 4 2 1 1 1602 1812 1827 1826
1945 4 2 1 1 1812 1587 1602 1588
1946 4 2 1 1 1602 1812 1588 1813
1947 4 2 1 1 1813 1588 1602 1603
1948 4 2 1 1 1602 1812 1813 1827
1949 4 2 1 1 1603 1602 1813 1827
1950 4 2 1 1 1603 1813 1828 1827
1951 4 2 1 1 1813 1588 1603 1589
1952 4 2 1 1 1603 1813 1589 1814
1953 4 2 1 1 1814 1589 1603 1604
1954 4 2 1 1 1603 1813 1814 1828
1955 4 2 1 1 1604 1603 1814 1828
1956 4 2 1 1 1604 1814 1829 1828
1957 4 2 1 1 1814 1589 1604 1590
1958 4 2 1 1 1604 1814 1590 1815
1959 4 2 1 1 1815 1590 1604 1605
1960 4 2 1 1 1604 1814 1815 1829
1961 4 2 1 1 1605 1604 1815 1829
1962 4 2 1 1 1605 1815 1830 1829
1963 4 2 1 1 1815 1590 1605 1591
1964 4 2 1 1 1605 1815 1591 1816
1965 4 2 1 1 1816 1591 1605 1606
1966 4 2 1 1 1605 1815 1816 1830
1967 4 2 1 1 1606 1605 1816 1830
1968 4 2 1 1 1606 1816 1831 1830
1969 4 2 1 1 1816 1591 1606 1592
1970 4 2 1 1 1606 1816 1592 1817
1971 4 2 1 1 1817 1592 1606 1607
1972 4 2 1 1 1606 1816 1817 1831
1973 4 2 1 1 1607 1606 1817 1831
1974 4 2 1 1 1607 1817 1832 1831
1975 4 2 1 1 1817 1592 1607 1593
1976 4 2 1 1 1607 1817 1593 1818
1977 4 2 1 1 1818 1593 1607 1608
1978 4 2 1 1 1607 1817 1818 1832
1979 4 2 1 1 1608 1607 1818 1832
1980 4 2 1 1 1608 1818 1833 1832
1981 4 2 1 1 1818 1593 1608 1594
1982 4 2 1 1 1608 1818 1594 1819
1983 4 2 1 1 1819 1594 1608 1609
1984 4 2 1 1 1608 1818 1819 1833
1985 4 2 1 1 1609 1608 1819 1833
1986 4 2 1 1 1609 1819 1834 1833
1987 4 2 1 1 1819 1594 1609 1595
1988 4 2 1 1 1609 1819 1595 1820
1989 4 2 1 1 1820 1595 1609 1610
1990 4 2 1 1 1609 1819 1820 1834
1991 4 2 1 1 1610 1609 1820 1834
1992 4 2 1 1 1610 1820 1835 1834
1993 4 2 1 1 1820 1595 1610 1596
1994 4 2 1 1 1610 1820 1596 1821
1995 4 2 1 1 1821 1596 1610 1611
1996 4 2 1 1 1610 1820 1821 1835
1997 4 2 1 1 1611 1610 1821 1835
1998 4 2 1 1 1611 1821 1836 1835
1999 4 2 1 1 1821 1596 1611 1597
2000 4 2 1 1 1611 1821 1597 1822
2001 4 2 1 1 1822 1597 1611 1612
2002 4 2 1 1 1611 1821 1822 1836
2003 4 2 1 1 1612 1611 1822 1836
2004 4 2 1 1 1612 1822 1837 1836
2005 4 2 1 1 1822 1597 1612 1598
2006 4 2 1 1 1612 1822 1598 1823
2007 4 2 1 1 1823 1598 1612 1613
2008 4 2 1 1 1612 1822 1823 1837
2009 4 2 1 1 1613 1612 1823 1837
2010 4 2 1 1 1613 1823 1838 1837
2011 4 2 1 1 1823 1598 1613 417
2012 4 2 1 1 1613 1823 417 432
2013 4 2 1 1 432 417 1613 418
2014 4 2 1 1 1613 1823 432 1838
2015 4 2 1 1 418 1613 432 1838
2016 4 2 1 1 418 432 433 1838
2017 4 2 1 1 208 193 194 1599
2018 4 2 1 1 194 208 1599 1824
2019 4 2 1 1 1824 1599 194 1614
2020 4 2 1 1 194 208 1824 209
2021 4 2 1 1 1614 194 1824 209
2022 4 2 1 1 1614 1824 1839 209
2023 4 2 1 1 1824 1599 1614 1600
2024 4 2 1 1 1614 1824 1600 1825
2025 4 2 1 1 1825 1600 1614 1615
2026 4 2 1 1 1614 1824 1825 1839
2027 4 2 1 1 1615 1614 1825 1839
2028 4 2 1 1 1615 1825 1840 1839
2029 4 2 1 1 1825 1600 1615 1601
2030 4 2 1 1 1615 1825 1601 1826
2031 4 2 1 1 1826 1601 1615 1616
2032 4 2 1 1 1615 1825 1826 1840
2033 4 2 1 1 1616 1615 1826 1840
2034 4 2 1 1 1616 1826 1841 1840
2035 4 2 1 1 1826 1601 1616 1602
2036 4 2 1 1 1616 1826 1602 1827
2037 4 2 1 1 1827 1602 1616 1617
2038 4 2 1 1 1616 1826 1827 1841
2039 4 2 1 1 1617 1616 1827 1841
2040 4 2 1 1 1617 1827 1842 1841
2041 4 2 1 1 1827 1602 1617 1603
2042 4 2 1 1 1617 1827 1603 1828
2043 4 2 1 1 1828 1603 1617 1618
2044 4 2 1 1 1617 1827 1828 1842
2045 4 2 1 1 1618 1617 1828 1842
2046 4 2 1 1 1618 1828 1843 1842
2047 4 2 1 1 1828 1603 1618 1604
2048 4 2 1 1 1618 1828 1604 1829
2049 4 2 1 1 1829 1604 1618 1619
2050 4 2 1 1 1618 1828 1829 1843
2051 4 2 1 1 1619 1618 1829 1843
2052 4 2 1 1 1619 1829 1844 1843
2053 4 2 1 1 1829 1604 1619 1605
2054 4 2 1 1 1619 1829 1605 1830
2055 4 2 1 1 1830 1605 1619 1620
2056 4 2 1 1 1619 1829 1830 1844
2057 4 2 1 1 1620 1619 1830 1844
2058 4 2 1 1 1620 1830 1845 1844
2059 4 2 1 1 1830 1605 1620 1606
2060 4 2 1 1 1620 1830 1606 1831
2061 4 2 1 1 1831 1606 1620 1621
2062 4 2 1 1 1620 1830 1831 1845
2063 4 2 1 1 1621 1620 1831 1845
2064 4 2 1 1 1621 1831 1846 1845
2065 4 2 1 1 1831 1606 1621 1607
2066 4 2 1 1 1621 1831 1607 1832
2067 4 2 1 1 1832 1607 1621 1622
2068 4 2 1 1 1621 1831 1832 1846
2069 4 2 1 1 1622 1621 1832 1846
2070 4 2 1 1 1622 1832 1847 1846
2071 4 2 1 1 1832 1607 1622 1608
2072 4 2 1 1 1622 1832 1608 1833
2073 4 2 1 1 1833 1608 1622 1623
2074 4 2 1 1 1622 1832 1833 1847
2075 4 2 1 1 1623 1622 1833 1847
2076 4 2 1 1 1623 1833 1848 1847
2077 4 2 1 1 1833 1608 1623 1609
2078 4 2 1 1 1623 1833 1609 1834
2079 4 2 1 1 1834 1609 1623 1624
2080 4 2 1 1 1623 1833 1834 1848
2081 4 2 1 1 1624 1623 1834 1848
2082 4 2 1 1 1624 1834 1849 1848
2083 4 2 1 1 1834 1609 1624 1610
2084 4 2 1 1 1624 1834 1610 1835
2085 4 2 1 1 1835 1610 1624 1625
2086 4 2 1 1 1624 1834 1835 1849
2087 4 2 1 1 1625 1624 1835 1849
2088 4 2 1 1 1625 1835 1850 1849
2089 4 2 1 1 1835 1610 1625 1611
2090 4 2 1 1 1625 1835 1611 1836
2091 4 2 1 1 1836 1611 1625 1626
2092 4 2 1 1 1625 1835 1836 1850
2093 4 2 1 1 1626 1625 1836 1850
2094 4 2 1 1 1626 1836 1851 1850
2095 4 2 1 1 1836 1611 1626 1612
2096 4 2 1 1 1626 1836 1612 1837
2097 4 2 1 1 1837 1612 1626 1627
2098 4 2 1 1 1626 1836 1837 1851
2099 4 2 1 1 1627 1626 1837 1851
2100 4 2 1 1 1627 1837 1852 1851
2101 4 2 1 1 1837 1612 1627 1613
2102 4 2 1 1 1627 1837 1613 1838
2103 4 2 1 1 1838 1613 1627 1628
2104 4 2 1 1 1627 1837 1838 1852
2105 4 2 1 1 1628 1627 1838 1852
2106 4 2 1 1 1628 1838 1853 1852
2107 4 2 1 1 1838 1613 1628 418
2108 4 2 1 1 1628 1838 418 433
2109 4 2 1 1 433 418 1628 419
2110 4 2 1 1 1628 1838 433 1853
2111 4 2 1 1 419 1628 433 1853
2112 4 2 1 1 419 433 434 1853
2113 4 2 1 1 209 194 195 1614
2114 4 2 1 1 195 209 1614 1839
2115 4 2 1 1 1839 1614 195 1629
2116 4 2 1 1 195 209 1839 210
2117 4 2 1 1 1629 195 1839 210
2118 4 2 1 1 1629 1839 1854 210
2119 4 2 1 1 1839 1614 1629 1615
2120 4 2 1 1 1629 1839 1615 1840
2121 4 2 1 1 1840 1615 1629 1630
2122 4 2 1 1 1629 1839 1840 1854
2123 4 2 1 1 1630 1629 1840 1854
2124 4 2 1 1 1630 1840 1855 1854
2125 4 2 1 1 1840 1615 1630 1616
2126 4 2 1 1 1630 1840 1616 1841
2127 4 2 1 1 1841 1616 1630 1631
2128 4 2 1 1 1630 1840 1841 1855
2129 4 2 1 1 1631 1630 1841 1855
2130 4 2 1 1 1631 1841 1856 1855
2131 4 2 1 1 1841 1616 1631 1617
2132 4 2 1 1 1631 1841 1617 1842
2133 4 2 1 1 1842 1617 1631 1632
2134 4 2 1 1 1631 1841 1842 1856
2135 4 2 1 1 1632 1631 1842 1856
2136 4 2 1 1 1632 1842 1857 1856
2137 4 2 1 1 1842 1617 1632 1618
2138 4 2 1 1 1632 1842 1618 1843
2139 4 2 1 1 1843 1618 1632 1633
2140 4 2 1 1 1632 1842 1843 1857
2141 4 2 1 1 1633 1632 1843 1857
2142 4 2 1 1 1633 1843 1858 1857
2143 4 2 1 1 1843 1618 1633 1619
2144 4 2 1 1 1633 1843 1619 1844
2145 4 2 1 1 1844 1619 1633 1634
2146 4 2 1 1 1633 1843 1844 1858
2147 4 2 1 1 1634 1633 1844 1858
2148 4 2 1 1 1634 1844 1859 1858
2149 4 2 1 1 1844 1619 1634 1620
2150 4 2 1 1 1634 1844 1620 1845
2151 4 2 1 1 1845 1620 1634 1635
2152 4 2 1 1 1634 1844 1845 1859
2153 4 2 1 1 1635 1634 1845 1859
2154 4 2 1 1 1635 1845 1860 1859
2155 4 2 1 1 1845 1620 1635 1621
2156 4 2 1 1 1635 1845 1621 1846
2157 4 2 1 1 1846 1621 1635 1636
2158 4 2 1 1 1635 1845 1846 1860
2159 4 2 1 1 1636 1635 1846 1860
2160 4 2 1 1 1636 1846 1861 1860
2161 4 2 1 1 1846 1621 1636 1622
2162 4 2 1 1 1636 1846 1622 1847
2163 4 2 1 1 1847 1622 1636 1637
2164 4 2 1 1 1636 1846 1847 1861
2165 4 2 1 1 1637 1636 1847 1861
2166 4 2 1 1 1637 1847 1862 1861
2167 4 2 1 1 1847 1622 1637 1623
2168 4 2 1 1 1637 1847 1623 1848
2169 4 2 1 1 1848 1623 1637 1638
2170 4 2 1 1 1637 1847 1848 1862
2171 4 2 1 1 1638 1637 1848 1862
2172 4 2 1 1 1638 1848 1863 1862
2173 4 2 1 1 1848 1623 1638 1624
2174 4 2 1 1 1638 1848 1624 1849
2175 4 2 1 1 1849 1624 1638 1639
2176 4 2 1 1 1638 1848 1849 1863
2177 4 2 1 1 1639 1638 1849 1863
2178 4 2 1 1 1639 1849 1864 1863
2179 4 2 1 1 1849 1624 1639 1625
2180 4 2 1 1 1639 1849 1625 1850
2181 4 2 1 1 1850 1625 1639 1640
2182 4 2 1 1 1639 1849 1850 1864
2183 4 2 1 1 1640 1639 1850 1864
2184 4 2 1 1 1640 1850 1865 1864
2185 4 2 1 1 1850 1625 1640 1626
2186 4 2 1 1 1640 1850 1626 1851
2187 4 2 1 1 1851 1626 1640 1641
2188 4 2 1 1 1640 1850 1851 1865
2189 4 2 1 1 1641 1640 1851 1865
2190 4 2 1 1 1641 1851 1866 1865
2191 4 2 1 1 1851 1626 1641 1627
2192 4 2 1 1 1641 1851 1627 1852
2193 4 2 1 1 1852 1627 1641 1642
2194 4 2 1 1 1641 1851 1852 1866
2195 4 2 1 1 1642 1641 1852 1866
2196 4 2 1 1 1642 1852 1867 1866
2197 4 2 1 1 1852 1627 1642 1628
2198 4 2 1 1 1642 1852 1628 1853
2199 4 2 1 1 1853 1628 1642 1643
2200 4 2 1 1 1642 1852 1853 1867
2201 4 2 1 1 1643 1642 1853 1867
2202 4 2 1 1 1643 1853 1868 1867
2203 4 2 1 1 1853 1628 1643 419
2204 4 2 1 1 1643 1853 419 434
2205 4 2 1 1 434 419 1643 420
2206 4 2 1 1 1643 1853 434 1868
2207 4 2 1 1 420 1643 434 1868
2208 4 2 1 1 420 434 435 1868
2209 4 2 1 1 210 195 196 1629
2210 4 2 1 1 196 210 1629 1854
2211 4 2 1 1 1854 1629 196 1644
2212 4 2 1 1 196 210 1854 211
2213 4 2 1 1 1644 196 1854 211
2214 4 2 1 1 1644 1854 1869 211
2215 4 2 1 1 1854 1629 1644 1630
2216 4 2 1 1 1644 1854 1630 1855
2217 4 2 1 1 1855 1630 1644 1645
2218 4 2 1 1 1644 1854 1855 1869
2219 4 2 1 1 1645 1644 1855 1869
2220 4 2 1 1 1645 1855 1870 1869
2221 4 2 1 1 1855 1630 1645 1631
2222 4 2 1 1 1645 1855 1631 1856
2223 4 2 1 1 1856 1631 1645 1646
2224 4 2 1 1 1645 1855 1856 1870
2225 4 2 1 1 1646 1645 1856 1870
2226 4 2 1 1 1646 1856 1871 1870
2227 4 2 1 1 1856 1631 1646 1632
2228 4 2 1 1 1646 1856 1632 1857
2229 4 2 1 1 1857 1632 1646 1647
2230 4 2 1 1 1646 1856 1857 1871
2231 4 2 1 1 1647 1646 1857 1871
2232 4 2 1 1 1647 1857 1872 1871
2233 4 2 1 1 1857 1632 1647 1633
2234 4 2 1 1 1647 1857 1633 1858
2235 4 2 1 1 1858 1633 1647 1648
2236 4 2 1 1 1647 1857 1858 1872
2237 4 2 1 1 1648 1647 1858 1872
2238 4 2 1 1 1648 1858 1873 1872
2239 4 2 1 1 1858 1633 1648 1634
2240 4 2 1 1 1648 1858 1634 1859
2241 4 2 1 1 1859 1634 1648 1649
2242 4 2 1 1 1648 1858 1859 1873
2243 4 2 1 1 1649 1648 1859 1873
2244 4 2 1 1 1649 1859 1874 1873
2245 4 2 1 1 1859 1634 1649 1635
2246 4 2 1 1 1649 1859 1635 1860
2247 4 2 1 1 1860 1635 1649 1650
2248 4 2 1 1 1649 1859 1860 1874
2249 4 2 1 1 1650 1649 1860 1874
2250 4 2 1 1 1650 1860 1875 1874
2251 4 2 1 1 1860 1635 1650 1636
2252 4 2 1 1 1650 1860 1636 1861
2253 4 2 1 1 1861 1636 1650 1651
2254 4 2 1 1 1650 1860 1861 1875
2255 4 2 1 1 1651 1650 1861 1875
2256 4 2 1 1 1651 1861 1876 1875
2257 4 2 1 1 1861 1636 1651 1637
2258 4 2 1 1 1651 1861 1637 1862
2259 4 2 1 1 1862 1637 1651 1652
2260 4 2 1 1 1651 1861 1862 1876
2261 4 2 1 1 1652 1651 1862 1876
2262 4 2 1 1 1652 1862 1877 1876
2263 4 2 1 1 1862 1637 1652 1638
2264 4 2 1 1 1652 1862 1638 1863
2265 4 2 1 1 1863 1638 1652 1653
2266 4 2 1 1 1652 1862 1863 1877
2267 4 2 1 1 1653 1652 1863 1877
2268 4 2 1 1 1653 1863 1878 1877
2269 4 2 1 1 1863 1638 1653 1639
2270 4 2 1 1 1653 1863 1639 1864
2271 4 2 1 1 1864 1639 1653 1654
2272 4 2 1 1 1653 1863 1864 1878
2273 4 2 1 1 1654 1653 1864 1878
2274 4 2 1 1 1654 1864 1879 1878
2275 4 2 1 1 1864 1639 1654 1640
2276 4 2 1 1 1654 1864 1640 1865
2277 4 2 1 1 1865 1640 1654 1655
2278 4 2 1 1 1654 1864 1865 1879
2279 4 2 1 1 1655 1654 1865 1879
2280 4 2 1 1 1655 1865 1880 1879
2281 4 2 1 1 1865 1640 1655 1641
2282 4 2 1 1 1655 1865 1641 1866
2283 4 2 1 1 1866 1641 1655 1656
2284 4 2 1 1 1655 1865 1866 1880
2285 4 2 1 1 1656 1655 1866 1880
2286 4 2 1 1 1656 1866 1881 1880
2287 4 2 1 1 1866 1641 1656 1642
2288 4 2 1 1 1656 1866 1642 1867
2289 4 2 1 1 1867 1642 1656 1657
2290 4 2 1 1 1656 1866 1867 1881
2291 4 2 1 1 1657 1656 1867 1881
2292 4 2 1 1 1657 1867 1882 1881
2293 4 2 1 1 1867 1642 1657 1643
2294 4 2 1 1 1657 1867 1643 1868
2295 4 2 1 1 1868 1643 1657 1658
2296 4 2 1 1 1657 1867 1868 1882
2297 4 2 1 1 1658 1657 1868 1882
2298 4 2 1 1 1658 1868 1883 1882
2299 4 2 1 1 1868 1643 1658 420
2300 4 2 1 1 1658 1868 420 435
2301 4 2 1 1 435 420 1658 421
2302 4 2 1 1 1658 1868 435 1883
2303 4 2 1 1 421 1658 435 1883
2304 4 2 1 1 421 435 436 1883
2305 4 2 1 1 211 196 197 1644
2306 4 2 1 1 197 211 1644 1869
2307 4 2 1 1 1869 1644 197 1659
2308 4 2 1 1 197 211 1869 212
2309 4 2 1 1 1659 197 1869 212
2310 4 2 1 1 1659 1869 1884 212
2311 4 2 1 1 1869 1644 1659 1645
2312 4 2 1 1 1659 1869 1645 1870
2313 4 2 1 1 1870 1645 1659 1660
2314 4 2 1 1 1659 1869 1870 1884
2315 4 2 1 1 1660 1659 1870 1884
2316 4 2 1 1 1660 1870 1885 1884
2317 4 2 1 1 1870 1645 1660 1646
2318 4 2 1 1 1660 1870 1646 1871
2319 4 2 1 1 1871 1646 1660 1661
2320 4 2 1 1 1660 1870 1871 1885
2321 4 2 1 1 1661 1660 1871 1885
2322 4 2 1 1 1661 1871 1886 1885
2323 4 2 1 1 1871 1646 1661 1647
2324 4 2 1 1 1661 1871 1647 1872
2325 4 2 1 1 1872 1647 1661 1662
2326 4 2 1 1 1661 1871 1872 1886
2327 4 2 1 1 1662 1661 1872 1886
2328 4 2 1 1 1662 1872 1887 1886
2329 4 2 1 1 1872 1647 1662 1648
2330 4 2 1 1 1662 1872 1648 1873
2331 4 2 1 1 1873 1648 1662 1663
2332 4 2 1 1 1662 1872 1873 1887
2333 4 2 1 1 1663 1662 1873 1887
2334 4 2 1 1 1663 1873 1888 1887
2335 4 2 1 1 1873 1648 1663 1649
2336 4 2 1 1 1663 1873 1649 1874
2337 4 2 1 1 1874 1649 1663 1664
2338 4 2 1 1 1663 1873 1874 1888
2339 4 2 1 1 1664 1663 1874 1888
2340 4 2 1 1 1664 1874 1889 1888
2341 4 2 1 1 1874 1649 1664 1650
2342 4 2 1 1 1664 1874 1650 1875
2343 4 2 1 1 1875 1650 1664 1665
2344 4 2 1 1 1664 1874 1875 1889
2345 4 2 1 1 1665 1664 1875 1889
2346 4 2 1 1 1665 1875 1890 1889
2347 4 2 1 1 1875 1650 1665 1651
2348 4 2 1 1 1665 1875 1651 1876
2349 4 2 1 1 1876 1651 1665 1666
2350 4 2 1 1 1665 1875 1876 1890
2351 4 2 1 1 1666 1665 1876 1890
2352 4 2 1 1 1666 1876 1891 1890
2353 4 2 1 1 1876 1651 1666 1652
2354 4 2 1 1 1666 1876 1652 1877
2355 4 2 1 1 1877 1652 1666 1667
2356 4 2 1 1 1666 1876 1877 1891
2357 4 2 1 1 1667 1666 1877 1891
2358 4 2 1 1 1667 1877 1892 1891
2359 4 2 1 1 1877 1652 1667 1653
2360 4 2 1 1 1667 1877 1653 1878
2361 4 2 1 1 1878 1653 1667 1668
2362 4 2 1 1 1667 1877 1878 1892
2363 4 2 1 1 1668 1667 1878 1892
2364 4 2 1 1 1668 1878 1893 1892
2365 4 2 1 1 1878 1653 1668 1654
2366 4 2 1 1 1668 1878 1654 1879
2367 4 2 1 1 1879 1654 1668 1669
2368 4 2 1 1 1668 1878 1879 1893
2369 4 2 1 1 1669 1668 1879 1893
2370 4 2 1 1 1669 1879 1894 1893
2371 4 2 1 1 1879 1654 1669 1655
2372 4 2 1 1 1669 1879 1655 1880
2373 4 2 1 1 1880 1655 1669 1670
2374 4 2 1 1 1669 1879 1880 1894
2375 4 2 1 1 1670 1669 1880 1894
2376 4 2 1 1 1670 1880 1895 1894
2377 4 2 1 1 1880 1655 1670 1656
2378 4 2 1 1 1670 1880 1656 1881
2379 4 2 1 1 1881 1656 1670 1671
2380 4 2 1 1 1670 1880 1881 1895
2381 4 2 1 1 1671 1670 1881 1895
2382 4 2 1 1 1671 1881 1896 1895
2383 4 2 1 1 1881 1656 1671 1657
2384 4 2 1 1 1671 1881 1657 1882
2385 4 2 1 1 1882 1657 1671 1672
2386 4 2 1 1 1671 1881 1882 1896
2387 4 2 1 1 1672 1671 1882 1896
2388 4 2 1 1 1672 1882 1897 1896
2389 4 2 1 1 1882 1657 1672 1658
2390 4 2 1 1 1672 1882 1658 1883
2391 4 2 1 1 1883 1658 1672 1673
2392 4 2 1 1 1672 1882 1883 1897
2393 4 2 1 1 1673 1672 1883 1897
2394 4 2 1 1 1673 1883 1898 1897
2395 4 2 1 1 1883 1658 1673 421
2396 4 2 1 1 1673 1883 421 436
2397 4 2 1 1 436 421 1673 422
2398 4 2 1 1 1673 1883 436 1898
2399 4 2 1 1 422 1673 436 1898
2400 4 2 1 1 422 436 437 1898
2401 4 2 1 1 212 197 198 1659
2402 4 2 1 1 198 212 1659 1884
2403 4 2 1 1 1884 1659 198 1674
2404 4 2 1 1 198 212 1884 213
2405 4 2 1 1 1674 198 1884 213
2406 4 2 1 1 1674 1884 1899 213
2407 4 2 1 1 1884 1659 1674 1660
2408 4 2 1 1 1674 1884 1660 1885
2409 4 2 1 1 1885 1660 1674 1675
2410 4 2 1 1 1674 1884 1885 1899
2411 4 2 1 1 1675 1674 1885 1899
2412 4 2 1 1 1675 1885 1900 1899
2413 4 2 1 1 1885 1660 1675 1661
2414 4 2 1 1 1675 1885 1661 1886
2415 4 2 1 1 1886 1661 1675 1676
2416 4 2 1 1 1675 1885 1886 1900
2417 4 2 1 1 1676 1675 1886 1900
2418 4 2 1 1 1676 1886 1901 1900
2419 4 2 1 1 1886 1661 1676 1662
2420 4 2 1 1 1676 1886 1662 1887
2421 4 2 1 1 1887 1662 1676 1677
2422 4 2 1 1 1676 1886 1887 1901
2423 4 2 1 1 1677 1676 1887 1901
2424 4 2 1 1 1677 1887 1902 1901
2425 4 2 1 1 1887 1662 1677 1663
2426 4 2 1 1 1677 1887 1663 1888
2427 4 2 1 1 1888 1663 1677 1678
2428 4 2 1 1 1677 1887 1888 1902
2429 4 2 1 1 1678 1677 1888 1902
2430 4 2 1 1 1678 1888 1903 1902
2431 4 2 1 1 1888 1663 1678 1664
2432 4 2 1 1 1678 1888 1664 1889
2433 4 2 1 1 1889 1664 1678 1679
2434 4 2 1 1 1678 1888 1889 1903
2435 4 2 1 1 1679 1678 1889 1903
2436 4 2 1 1 1679 1889 1904 1903
2437 4 2 1 1 1889 1664 1679 1665
2438 4 2 1 1 1679 1889 1665 1890
2439 4 2 1 1 1890 1665 1679 1680
2440 4 2 1 1 1679 1889 1890 1904
2441 4 2 1 1 1680 1679 1890 1904
2442 4 2 1 1 1680 1890 1905 1904
2443 4 2 1 1 1890 1665 1680 1666
2444 4 2 1 1 1680 1890 1666 1891
2445 4 2 1 1 1891 1666 1680 1681
2446 4 2 1 1 1680 1890 1891 1905
2447 4 2 1 1 1681 1680 1891 1905
2448 4 2 1 1 1681 1891 1906 1905
2449 4 2 1 1 1891 1666 1681 1667
2450 4 2 1 1 1681 1891 1667 1892
2451 4 2 1 1 1892 1667 1681 1682
2452 4 2 1 1 1681 1891 1892 1906
2453 4 2 1 1 1682 1681 1892 1906
2454 4 2 1 1 1682 1892 1907 1906
2455 4 2 1 1 1892 1667 1682 1668
2456 4 2 1 1 1682 1892 1668 1893
2457 4 2 1 1 1893 1668 1682 1683
2458 4 2 1 1 1682 1892 1893 1907
2459 4 2 1 1 1683 1682 1893 1907
2460 4 2 1 1 1683 1893 1908 1907
2461 4 2 1 1 1893 1668 1683 1669
2462 4 2 1 1 1683 1893 1669 1894
2463 4 2 1 1 1894 1669 1683 1684
2464 4 2 1 1 1683 1893 1894 1908
2465 4 2 1 1 1684 1683 1894 1908
2466 4 2 1 1 1684 1894 1909 1908
2467 4 2 1 1 1894 1669 1684 1670
2468 4 2 1 1 1684 1894 1670 1895
2469 4 2 1 1 1895 1670 1684 1685
2470 4 2 1 1 1684 1894 1895 1909
2471 4 2 1 1 1685 1684 1895 1909
2472 4 2 1 1 1685 1895 1910 1909
2473 4 2 1 1 1895 1670 1685 1671
2474 4 2 1 1 1685 1895 1671 1896
2475 4 2 1 1 1896 1671 1685 1686
2476 4 2 1 1 1685 1895 1896 1910
2477 4 2 1 1 1686 1685 1896 1910
2478 4 2 1 1 1686 1896 1911 1910
2479 4 2 1 1 1896 1671 1686 1672
2480 4 2 1 1 1686 1896 1672 1897
2481 4 2 1 1 1897 1672 1686 1687
2482 4 2 1 1 1686 1896 1897 1911
2483 4 2 1 1 1687 1686 1897 1911
2484 4 2 1 1 1687 1897 1912 1911
2485 4 2 1 1 1897 1672 1687 1673
2486 4 2 1 1 1687 1897 1673 1898
2487 4 2 1 1 1898 1673 1687 1688
2488 4 2 1 1 1687 1897 1898 1912
2489 4 2 1 1 1688 1687 1898 1912
2490 4 2 1 1 1688 1898 1913 1912
2491 4 2 1 1 1898 1673 1688 422
2492 4 2 1 1 1688 1898 422 437
2493 4 2 1 1 437 422 1688 423
2494 4 2 1 1 1688 1898 437 1913
2495 4 2 1 1 423 1688 437 1913
2496 4 2 1 1 423 437 438 1913
2497 4 2 1 1 213 198 199 1674
2498 4 2 1 1 199 213 1674 1899
2499 4 2 1 1 1899 1674 199 1689
2500 4 2 1 1 199 213 1899 214
2501 4 2 1 1 1689 199 1899 214
2502 4 2 1 1 1689 1899 1914 214
2503 4 2 1 1 1899 1674 1689 1675
2504 4 2 1 1 1689 1899 1675 1900
2505 4 2 1 1 1900 1675 1689 1690
2506 4 2 1 1 1689 1899 1900 1914
2507 4 2 1 1 1690 1689 1900 1914
2508 4 2 1 1 1690 1900 1915 1914
2509 4 2 1 1 1900 1675 1690 1676
2510 4 2 1 1 1690 1900 1676 1901
2511 4 2 1 1 1901 1676 1690 1691
2512 4 2 1 1 1690 1900 1901 1915
2513 4 2 1 1 1691 1690 1901 1915
2514 4 2 1 1 1691 1901 1916 1915
2515 4 2 1 1 1901 1676 1691 1677
2516 4 2 1 1 1691 1901 1677 1902
2517 4 2 1 1 1902 1677 1691 1692
2518 4 2 1 1 1691 1901 1902 1916
2519 4 2 1 1 1692 1691 1902 1916
2520 4 2 1 1 1692 1902 1917 1916
2521 4 2 1 1 1902 1677 1692 1678
2522 4 2 1 1 1692 1902 1678 1903
2523 4 2 1 1 1903 1678 1692 1693
2524 4 2 1 1 1692 1902 1903 1917
2525 4 2 1 1 1693 1692 1903 1917
2526 4 2 1 1 1693 1903 1918 1917
2527 4 2 1 1 1903 1678 1693 1679
2528 4 2 1 1 1693 1903 1679 1904
2529 4 2 1 1 1904 1679 1693 1694
2530 4 2 1 1 1693 1903 1904 1918
2531 4 2 1 1 1694 1693 1904 1918
2532 4 2 1 1 1694 1904 1919 1918
2533 4 2 1 1 1904 1679 1694 1680
2534 4 2 1 1 1694 1904 1680 1905
2535 4 2 1 1 1905 1680 1694 1695
2536 4 2 1 1 1694 1904 1905 1919
2537 4 2 1 1 1695 1694 1905 1919
2538 4 2 1 1 1695 1905 1920 1919
2539 4 2 1 1 1905 1680 1695 1681
2540 4 2 1 1 1695 1905 1681 1906
2541 4 2 1 1 1906 1681 1695 1696
2542 4 2 1 1 1695 1905 1906 1920
2543 4 2 1 1 1696 1695 1906 1920
2544 4 2 1 1 1696 1906 1921 1920
2545 4 2 1 1 1906 1681 1696 1682
2546 4 2 1 1 1696 1906 1682 1907
2547 4 2 1 1 1907 1682 1696 1697
2548 4 2 1 1 1696 1906 1907 1921
2549 4 2 1 1 1697 1696 1907 1921
2550 4 2 1 1 1697 1907 1922 1921
2551 4 2 1 1 1907 1682 1697 1683
2552 4 2 1 1 1697 1907 1683 1908
2553 4 2 1 1 1908 1683 1697 1698
2554 4 2 1 1 1697 1907 1908 1922
2555 4 2 1 1 1698 1697 1908 1922
2556 4 2 1 1 1698 1908 1923 1922
2557 4 2 1 1 1908 1683 1698 1684
2558 4 2 1 1 1698 1908 1684 1909
2559 4 2 1 1 1909 1684 1698 1699
2560 4 2 1 1 1698 1908 1909 1923
2561 4 2 1 1 1699 1698 1909 1923
2562 4 2 1 1 1699 1909 1924 1923
2563 4 2 1 1 1909 1684 1699 1685
2564 4 2 1 1 1699 1909 1685 1910
2565 4 2 1 1 1910 1685 1699 1700
2566 4 2 1 1 1699 1909 1910 1924
2567 4 2 1 1 1700 1699 1910 1924
2568 4 2 1 1 1700 1910 1925 1924
2569 4 2 1 1 1910 1685 1700 1686
2570 4 2 1 1 1700 1910 1686 1911
2571 4 2 1 1 1911 1686 1700 1701
2572 4 2 1 1 1700 1910 1911 1925
2573 4 2 1 1 1701 1700 1911 1925
2574 4 2 1 1 1701 1911 1926 1925
2575 4 2 1 1 1911 1686 1701 1687
2576 4 2 1 1 1701 1911 1687 1912
2577 4 2 1 1 1912 1687 1701 1702
2578 4 2 1 1 1701 1911 1912 1926
2579 4 2 1 1 1702 1701 1912 1926
2580 4 2 1 1 1702 1912 1927 1926
2581 4 2 1 1 1912 1687 1702 1688
2582 4 2 1 1 1702 1912 1688 1913
2583 4 2 1 1 1913 1688 1702 1703
2584 4 2 1 1 1702 1912 1913 1927
2585 4 2 1 1 1703 1702 1913 1927
2586 4 2 1 1 1703 1913 1928 1927
2587 4 2 1 1 1913 1688 1703 423
2588 4 2 1 1 1703 1913 423 438
2589 4 2 1 1 438 423 1703 424
2590 4 2 1 1 1703 1913 438 1928
2591 4 2 1 1 424 1703 438 1928
2592 4 2 1 1 424 438 439 1928
2593 4 2 1 1 214 199 200 1689
2594 4 2 1 1 200 214 1689 1914
2595 4 2 1 1 1914 1689 200 1704
2596 4 2 1 1 200 214 1914 215
2597 4 2 1 1 1704 200 1914 215
2598 4 2 1 1 1704 1914 1929 215
2599 4 2 1 1 1914 1689 1704 1690
2600 4 2 1 1 1704 1914 1690 1915
2601 4 2 1 1 1915 1690 1704 1705
2602 4 2 1 1 1704 1914 1915 1929
2603 4 2 1 1 1705 1704 1915 1929
2604 4 2 1 1 1705 1915 1930 1929
2605 4 2 1 1 1915 1690 1705 1691
2606 4 2 1 1 1705 1915 1691 1916
2607 4 2 1 1 1916 1691 1705 1706
2608 4 2 1 1 1705 1915 1916 1930
2609 4 2 1 1 1706 1705 1916 1930
2610 4 2 1 1 1706 1916 1931 1930
2611 4 2 1 1 1916 1691 1706 1692
2612 4 2 1 1 1706 1916 1692 1917
2613 4 2 1 1 1917 1692 1706 1707
2614 4 2 1 1 1706 1916 1917 1931
2615 4 2 1 1 1707 1706 1917 1931
2616 4 2 1 1 1707 1917 1932 1931
2617 4 2 1 1 1917 1692 1707 1693
2618 4 2 1 1 1707 1917 1693 1918
2619 4 2 1 1 1918 1693 1707 1708
2620 4 2 1 1 1707 1917 1918 1932
2621 4 2 1 1 1708 1707 1918 1932
2622 4 2 1 1 1708 1918 1933 1932
2623 4 2 1 1 1918 1693 1708 1694
2624 4 2 1 1 1708 1918 1694 1919
2625 4 2 1 1 1919 1694 1708 1709
2626 4 2 1 1 1708 1918 1919 1933
2627 4 2 1 1 1709 1708 1919 1933
2628 4 2 1 1 1709 1919 1934 1933
2629 4 2 1 1 1919 1694 1709 1695
2630 4 2 1 1 1709 1919 1695 1920
2631 4 2 1 1 1920 1695 1709 1710
2632 4 2 1 1 1709 1919 1920 1934
2633 4 2 1 1 1710 1709 1920 1934
2634 4 2 1 1 1710 1920 1935 1934
2635 4 2 1 1 1920 1695 1710 1696
2636 4 2 1 1 1710 1920 1696 1921
2637 4 2 1 1 1921 1696 1710 1711
2638 4 2 1 1 1710 1920 1921 1935
2639 4 2 1 1 1711 1710 1921 1935
2640 4 2 1 1 1711 1921 1936 1935
2641 4 2 1 1 1921 1696 1711 1697
2642 4 2 1 1 1711 1921 1697 1922
2643 4 2 1 1 1922 1697 1711 1712
2644 4 2 1 1 1711 1921 1922 1936
2645 4 2 1 1 1712 1711 1922 1936
2646 4 2 1 1 1712 1922 1937 1936
2647 4 2 1 1 1922 1697 1712 1698
2648 4 2 1 1 1712 1922 1698 1923
2649 4 2 1 1 1923 1698 1712 1713
2650 4 2 1 1 1712 1922 1923 1937
2651 4 2 1 1 1713 1712 1923 1937
2652 4 2 1 1 1713 1923 1938 1937
2653 4 2 1 1 1923 1698 1713 1699
2654 4 2 1 1 1713 1923 1699 1924
2655 4 2 1 1 1924 1699 1713 1714
2656 4 2 1 1 1713 1923 1924 1938
2657 4 2 1 1 1714 1713 1924 1938
2658 4 2 1 1 1714 1924 1939 1938
2659 4 2 1 1 1924 1699 1714 1700
2660 4 2 1 1 1714 1924 1700 1925
2661 4 2 1 1 1925 1700 1714 1715
2662 4 2 1 1 1714 1924 1925 1939
2663 4 2 1 1 1715 1714 1925 1939
2664 4 2 1 1 1715 1925 1940 1939
2665 4 2 1 1 1925 1700 1715 1701
2666 4 2 1 1 1715 1925 1701 1926
2667 4 2 1 1 1926 1701 1715 1716
2668 4 2 1 1 1715 1925 1926 1940
2669 4 2 1 1 1716 1715 1926 1940
2670 4 2 1 1 1716 1926 1941 1940
2671 4 2 1 1 1926 1701 1716 1702
2672 4 2 1 1 1716 1926 1702 1927
2673 4 2 1 1 1927 1702 1716 1717
2674 4 2 1 1 1716 1926 1927 1941
2675 4 2 1 1 1717 1716 1927 1941
2676 4 2 1 1 1717 1927 1942 1941
2677 4 2 1 1 1927 1702 1717 1703
2678 4 2 1 1 1717 1927 1703 1928
2679 4 2 1 1 1928 1703 1717 1718
2680 4 2 1 1 1717 1927 1928 1942
2681 4 2 1 1 1718 1717 1928 1942
2682 4 2 1 1 1718 1928 1943 1942
2683 4 2 1 1 1928 1703 1718 424
2684 4 2 1 1 1718 1928 424 439
2685 4 2 1 1 439 424 1718 425
2686 4 2 1 1 1718 1928 439 1943
2687 4 2 1 1 425 1718 439 1943
2688 4 2 1 1 425 439 440 1943
2689 4 2 1 1 215 200 201 1704
2690 4 2 1 1 201 215 1704 1929
2691 4 2 1 1 1929 1704 201 1719
2692 4 2 1 1 201 215 1929 216
2693 4 2 1 1 1719 201 1929 216
2694 4 2 1 1 1719 1929 1944 216
2695 4 2 1 1 1929 1704 1719 1705
2696 4 2 1 1 1719 1929 1705 1930
2697 4 2 1 1 1930 1705 1719 1720
2698 4 2 1 1 1719 1929 1930 1944
2699 4 2 1 1 1720 1719 1930 1944
2700 4 2 1 1 1720 1930 1945 1944
2701 4 2 1 1 1930 1705 1720 1706
2702 4 2 1 1 1720 1930 1706 1931
2703 4 2 1 1 1931 1706 1720 1721
2704 4 2 1 1 1720 1930 1931 1945
2705 4 2 1 1 1721 1720 1931 1945
2706 4 2 1 1 1721 1931 1946 1945
2707 4 2 1 1 1931 1706 1721 1707
2708 4 2 1 1 1721 1931 1707 1932
2709 4 2 1 1 1932 1707 1721 1722
2710 4 2 1 1 1721 1931 1932 1946
2711 4 2 1 1 1722 1721 1932 1946
2712 4 2 1 1 1722 1932 1947 1946
2713 4 2 1 1 1932 1707 1722 1708
2714 4 2 1 1 1722 1932 1708 1933
2715 4 2 1 1 1933 1708 1722 1723
2716 4 2 1 1 1722 1932 1933 1947
2717 4 2 1 1 1723 1722 1933 1947
2718 4 2 1 1 1723 1933 1948 1947
2719 4 2 1 1 1933 1708 1723 1709
2720 4 2 1 1 1723 1933 1709 1934
2721 4 2 1 1 1934 1709 1723 1724
2722 4 2 1 1 1723 1933 1934 1948
2723 4 2 1 1 1724 1723 1934 1948
2724 4 2 1 1 1724 1934 1949 1948
2725 4 2 1 1 1934 1709 1724 1710
2726 4 2 1 1 1724 1934 1710 1935
2727 4 2 1 1 1935 1710 1724 1725
2728 4 2 1 1 1724 1934 1935 1949
2729 4 2 1 1 1725 1724 1935 1949
2730 4 2 1 1 1725 1935 1950 1949
2731 4 2 1 1 1935 1710 1725 1711
2732 4 2 1 1 1725 1935 1711 1936
2733 4 2 1 1 1936 1711 1725 1726
2734 4 2 1 1 1725 1935 1936 1950
2735 4 2 1 1 1726 1725 1936 1950
2736 4 2 1 1 1726 1936 1951 1950
2737 4 2 1 1 1936 1711 1726 1712
2738 4 2 1 1 1726 1936 1712 1937
2739 4 2 1 1 1937 1712 1726 1727
2740 4 2 1 1 1726 1936 1937 1951
2741 4 2 1 1 1727 1726 1937 1951
2742 4 2 1 1 1727 1937 1952 1951
2743 4 2 1 1 1937 1712 1727 1713
2744 4 2 1 1 1727 1937 1713 1938
2745 4 2 1 1 1938 1713 1727 1728
2746 4 2 1 1 1727 1937 1938 1952
2747 4 2 1 1 1728 1727 1938 1952
2748 4 2 1 1 1728 1938 1953 1952
2749 4 2 1 1 1938 1713 1728 1714
2750 4 2 1 1 1728 1938 1714 1939
2751 4 2 1 1 1939 1714 1728 1729
2752 4 2 1 1 1728 1938 1939 1953
2753 4 2 1 1 1729 1728 1939 1953
2754 4 2 1 1 1729 1939 1954 1953
2755 4 2 1 1 1939 1714 1729 1715
2756 4 2 1 1 1729 1939 1715 1940
2757 4 2 1 1 1940 1715 1729 1730
2758 4 2 1 1 1729 1939 1940 1954
2759 4 2 1 1 1730 1729 1940 1954
2760 4 2 1 1 1730 1940 1955 1954
2761 4 2 1 1 1940 1715 1730 1716
2762 4 2 1 1 1730 1940 1716 1941
2763 4 2 1 1 1941 1716 1730 1731
2764 4 2 1 1 1730 1940 1941 1955
2765 4 2 1 1 1731 1730 1941 1955
2766 4 2 1 1 1731 1941 1956 1955
2767 4 2 1 1 1941 1716 1731 1717
2768 4 2 1 1 1731 1941 1717 1942
2769 4 2 1 1 1942 1717 1731 1732
2770 4 2 1 1 1731 1941 1942 1956
2771 4 2 1 1 1732 1731 1942 1956
2772 4 2 1 1 1732 1942 1957 1956
2773 4 2 1 1 1942 1717 1732 1718
2774 4 2 1 1 1732 1942 1718 1943
2775 4 2 1 1 1943 1718 1732 1733
2776 4 2 1 1 1732 1942 1943 1957
2777 4 2 1 1 1733 1732 1943 1957
2778 4 2 1 1 1733 1943 1958 1957
2779 4 2 1 1 1943 1718 1733 425
2780 4 2 1 1 1733 1943 425 440
2781 4 2 1 1 440 425 1733 426
2782 4 2 1 1 1733 1943 440 1958
2783 4 2 1 1 426 1733 440 1958
2784 4 2 1 1 426 440 441 1958
2785 4 2 1 1 216 201 202 1719
2786 4 2 1 1 202 216 1719 1944
2787 4 2 1 1 1944 1719 202 1734
2788 4 2 1 1 202 216 1944 217
2789 4 2 1 1 1734 202 1944 217
2790 4 2 1 1 1734 1944 1959 217
2791 4 2 1 1 1944 1719 1734 1720
2792 4 2 1 1 1734 1944 1720 1945
2793 4 2 1 1 1945 1720 1734 1735
2794 4 2 1 1 1734 1944 1945 1959
2795 4 2 1 1 1735 1734 1945 1959
2796 4 2 1 1 1735 1945 1960 1959
2797 4 2 1 1 1945 1720 1735 1721
2798 4 2 1 1 1735 1945 1721 1946
2799 4 2 1 1 1946 1721 1735 1736
2800 4 2 1 1 1735 1945 1946 1960
2801 4 2 1 1 1736 1735 1946 1960
2802 4 2 1 1 1736 1946 1961 1960
2803 4 2 1 1 1946 1721 1736 1722
2804 4 2 1 1 1736 1946 1722 1947
2805 4 2 1 1 1947 1722 1736 1737
2806 4 2 1 1 1736 1946 1947 1961
2807 4 2 1 1 1737 1736 1947 1961
2808 4 2 1 1 1737 1947 1962 1961
2809 4 2 1 1 1947 1722 1737 1723
2810 4 2 1 1 1737 1947 1723 1948
2811 4 2 1 1 1948 1723 1737 1738
2812 4 2 1 1 1737 1947 1948 1962
2813 4 2 1 1 1738 1737 1948 1962
2814 4 2 1 1 1738 1948 1963 1962
2815 4 2 1 1 1948 1723 1738 1724
2816 4 2 1 1 1738 1948 1724 1949
2817 4 2 1 1 1949 1724 1738 1739
2818 4 2 1 1 1738 1948 1949 1963
2819 4 2 1 1 1739 1738 1949 1963
2820 4 2 1 1 1739 1949 1964 1963
2821 4 2 1 1 1949 1724 1739 1725
2822 4 2 1 1 1739 1949 1725 1950
2823 4 2 1 1 1950 1725 1739 1740
2824 4 2 1 1 1739 1949 1950 1964
2825 4 2 1 1 1740 1739 1950 1964
2826 4 2 1 1 1740 1950 1965 1964
2827 4 2 1 1 1950 1725 1740 1726
2828 4 2 1 1 1740 1950 1726 1951
2829 4 2 1 1 1951 1726 1740 1741
2830 4 2 1 1 1740 1950 1951 1965
2831 4 2 1 1 1741 1740 1951 1965
2832 4 2 1 1 1741 1951 1966 1965
2833 4 2 1 1 1951 1726 1741 1727
2834 4 2 1 1 1741 1951 1727 1952
2835 4 2 1 1 1952 1727 1741 1742
2836 4 2 1 1 1741 1951 1952 1966
2837 4 2 1 1 1742 1741 1952 1966
2838 4 2 1 1 1742 1952 1967 1966
2839 4 2 1 1 1952 1727 1742 1728
2840 4 2 1 1 1742 1952 1728 1953
2841 4 2 1 1 1953 1728 1742 1743
2842 4 2 1 1 1742 1952 1953 1967
2843 4 2 1 1 1743 1742 1953 1967
2844 4 2 1 1 1743 1953 1968 1967
2845 4 2 1 1 1953 1728 1743 1729
2846 4 2 1 1 1743 1953 1729 1954
2847 4 2 1 1 1954 1729 1743 1744
2848 4 2 1 1 1743 1953 1954 1968
2849 4 2 1 1 1744 1743 1954 1968
2850 4 2 1 1 1744 1954 1969 1968
2851 4 2 1 1 1954 1729 1744 1730
2852 4 2 1 1 1744 1954 1730 1955
2853 4 2 1 1 1955 1730 1744 1745
2854 4 2 1 1 1744 1954 1955 1969
2855 4 2 1 1 1745 1744 1955 1969
2856 4 2 1 1 1745 1955 1970 1969
2857 4 2 1 1 1955 1730 1745 1731
2858 4 2 1 1 1745 1955 1731 1956
2859 4 2 1 1 1956 1731 1745 1746
2860 4 2 1 1 1745 1955 1956 1970
2861 4 2 1 1 1746 1745 1956 1970
2862 4 2 1 1 1746 1956 1971 1970
2863 4 2 1 1 1956 1731 1746 1732
2864 4 2 1 1 1746 1956 1732 1957
2865 4 2 1 1 1957 1732 1746 1747
2866 4 2 1 1 1746 1956 1957 1971
2867 4 2 1 1 1747 1746 1957 1971
2868 4 2 1 1 1747 1957 1972 1971
2869 4 2 1 1 1957 1732 1747 1733
2870 4 2 1 1 1747 1957 1733 1958
2871 4 2 1 1 1958 1733 1747 1748
2872 4 2 1 1 1747 1957 1958 1972
2873 4 2 1 1 1748 1747 1958 1972
2874 4 2 1 1 1748 1958 1973 1972
2875 4 2 1 1 1958 1733 1748 426
2876 4 2 1 1 1748 1958 426 441
2877 4 2 1 1 441 426 1748 427
2878 4 2 1 1 1748 1958 441 1973
2879 4 2 1 1 427 1748 441 1973
2880 4 2 1 1 427 441 442 1973
2881 4 2 1 1 217 202 203 1734
2882 4 2 1 1 203 217 1734 1959
2883 4 2 1 1 1959 1734 203 1749
2884 4 2 1 1 203 217 1959 218
2885 4 2 1 1 1749 203 1959 218
2886 4 2 1 1 1749 1959 1974 218
2887 4 2 1 1 1959 1734 1749 1735
2888 4 2 1 1 1749 1959 1735 1960
2889 4 2 1 1 1960 1735 1749 1750
2890 4 2 1 1 1749 1959 1960 1974
2891 4 2 1 1 1750 1749 1960 1974
2892 4 2 1 1 1750 1960 1975 1974
2893 4 2 1 1 1960 1735 1750 1736
2894 4 2 1 1 1750 1960 1736 1961
2895 4 2 1 1 1961 1736 1750 1751
2896 4 2 1 1 1750 1960 1961 1975
2897 4 2 1 1 1751 1750 1961 1975
2898 4 2 1 1 1751 1961 1976 1975
2899 4 2 1 1 1961 1736 1751 1737
2900 4 2 1 1 1751 1961 1737 1962
2901 4 2 1 1 1962 1737 1751 1752
2902 4 2 1 1 1751 1961 1962 1976
2903 4 2 1 1 1752 1751 1962 1976
2904 4 2 1 1 1752 1962 1977 1976
2905 4 2 1 1 1962 1737 1752 1738
2906 4 2 1 1 1752 1962 1738 1963
2907 4 2 1 1 1963 1738 1752 1753
2908 4 2 1 1 1752 1962 1963 1977
2909 4 2 1 1 1753 1752 1963 1977
2910 4 2 1 1 1753 1963 1978 1977
2911 4 2 1 1 1963 1738 1753 1739
2912 4 2 1 1 1753 1963 1739 1964
2913 4 2 1 1 1964 1739 1753 1754
2914 4 2 1 1 1753 1963 1964 1978
2915 4 2 1 1 1754 1753 1964 1978
2916 4 2 1 1 1754 1964 1979 1978
2917 4 2 1 1 1964 1739 1754 1740
2918 4 2 1 1 1754 1964 1740 1965
2919 4 2 1 1 1965 1740 1754 1755
2920 4 2 1 1 1754 1964 1965 1979
2921 4 2 1 1 1755 1754 1965 1979
2922 4 2 1 1 1755 1965 1980 1979
2923 4 2 1 1 1965 1740 1755 1741
2924 4 2 1 1 1755 1965 1741 1966
2925 4 2 1 1 1966 1741 1755 1756
2926 4 2 1 1 1755 1965 1966 1980
2927 4 2 1 1 1756 1755 1966 1980
2928 4 2 1 1 1756 1966 1981 1980
2929 4 2 1 1 1966 1741 1756 1742
2930 4 2 1 1 1756 1966 1742 1967
2931 4 2 1 1 1967 1742 1756 1757
2932 4 2 1 1 1756 1966 1967 1981
2933 4 2 1 1 1757 1756 1967 1981
2934 4 2 1 1 1757 1967 1982 1981
2935 4 2 1 1 1967 1742 1757 1743
2936 4 2 1 1 1757 1967 1743 1968
2937 4 2 1 1 1968 1743 1757 1758
2938 4 2 1 1 1757 1967 1968 1982
2939 4 2 1 1 1758 1757 1968 1982
2940 4 2 1 1 1758 1968 1983 1982
2941 4 2 1 1 1968 1743 1758 1744
2942 4 2 1 1 1758 1968 1744 1969
2943 4 2 1 1 1969 1744 1758 1759
2944 4 2 1 1 1758 1968 1969 1983
2945 4 2 1 1 1759 1758 1969 1983
2946 4 2 1 1 1759 1969 1984 1983
2947 4 2 1 1 1969 1744 1759 1745
2948 4 2 1 1 1759 1969 1745 1970
2949 4 2 1 1 1970 1745 1759 1760
2950 4 2 1 1 1759 1969 1970 1984
2951 4 2 1 1 1760 1759 1970 1984
2952 4 2 1 1 1760 1970 1985 1984
2953 4 2 1 1 1970 1745 1760 1746
2954 4 2 1 1 1760 1970 1746 1971
2955 4 2 1 1 1971 1746 1760 1761
2956 4 2 1 1 1760 1970 1971 1985
2957 4 2 1 1 1761 1760 1971 1985
2958 4 2 1 1 1761 1971 1986 1985
2959 4 2 1 1 1971 1746 1761 1747
2960 4 2 1 1 1761 1971 1747 1972
2961 4 2 1 1 1972 1747 1761 1762
2962 4 2 1 1 1761 1971 1972 1986
2963 4 2 1 1 1762 1761 1972 1986
2964 4 2 1 1 1762 1972 1987 1986
2965 4 2 1 1 1972 1747 1762 1748
2966 4 2 1 1 1762 1972 1748 1973
2967 4 2 1 1 1973 1748 1762 1763
2968 4 2 1 1 1762 1972 1973 1987
2969 4 2 1 1 1763 1762 1973 1987
2970 4 2 1 1 1763 1973 1988 1987
2971 4 2 1 1 1973 1748 1763 427
2972 4 2 1 1 1763 1973 427 442
2973 4 2 1 1 442 427 1763 428
2974 4 2 1 1 1763 1973 442 1988
2975 4 2 1 1 428 1763 442 1988
2976 4 2 1 1 428 442 443 1988
2977 4 2 1 1 218 203 39 1749
2978 4 2 1 1 39 218 1749 1974
2979 4 2 1 1 1974 1749 39 864
2980 4 2 1 1 39 218 1974 40
2981 4 2 1 1 864 39 1974 40
2982 4 2 1 1 864 1974 865 40
2983 4 2 1 1 1974 1749 864 1750
2984 4 2 1 1 864 1974 1750 1975
2985 4 2 1 1 1975 1750 864 879
2986 4 2 1 1 864 1974 1975 865
2987 4 2 1 1 879 864 1975 865
2988 4 2 1 1 879 1975 880 865
2989 4 2 1 1 1975 1750 879 1751
2990 4 2 1 1 879 1975 1751 1976
2991 4 2 1 1 1976 1751 879 894
2992 4 2 1 1 879 1975 1976 880
2993 4 2 1 1 894 879 1976 880
2994 4 2 1 1 894 1976 895 880
2995 4 2 1 1 1976 1751 894 1752
2996 4 2 1 1 894 1976 1752 1977
2997 4 2 1 1 1977 1752 894 909
2998 4 2 1 1 894 1976 1977 895
2999 4 2 1 1 909 894 1977 895
3000 4 2 1 1 909 1977 910 895
3001 4 2 1 1 1977 1752 909 1753
3002 4 2 1 1 909 1977 1753 1978
3003 4 2 1 1 1978 1753 909 924
3004 4 2 1 1 909 1977 1978 910
3005 4 2 1 1 924 909 1978 910
3006 4 2 1 1 924 1978 925 910
3007 4 2 1 1 1978 1753 924 1754
3008 4 2 1 1 924 1978 1754 1979
3009 4 2 1 1 1979 1754 924 939
3010 4 2 1 1 924 1978 1979 925
3011 4 2 1 1 939 924 1979 925
3012 4 2 1 1 939 1979 940 925
3013 4 2 1 1 1979 1754 939 1755
3014 4 2 1 1 939 1979 1755 1980
3015 4 2 1 1 1980 1755 939 954
3016 4 2 1 1 939 1979 1980 940
3017 4 2 1 1 954 939 1980 940
3018 4 2 1 1 954 1980 955 940
3019 4 2 1 1 1980 1755 954 1756
3020 4 2 1 1 954 1980 1756 1981
3021 4 2 1 1 1981 1756 954 969
3022 4 2 1 1 954 1980 1981 955
3023 4 2 1 1 969 954 1981 955
3024 4 2 1 1 969 1981 970 955
3025 4 2 1 1 1981 1756 969 1757
3026 4 2 1 1 969 1981 1757 1982
3027 4 2 1 1 1982 1757 969 984
3028 4 2 1 1 969 1981 1982 970
3029 4 2 1 1 984 969 1982 970
3030 4 2 1 1 984 1982 985 970
3031 4 2 1 1 1982 1757 984 1758
3032 4 2 1 1 984 1982 1758 1983
3033 4 2 1 1 1983 1758 984 999
3034 4 2 1 1 984 1982 1983 985
3035 4 2 1 1 999 984 1983 985
3036 4 2 1 1 999 1983 1000 985
3037 4 2 1 1 1983 1758 999 1759
3038 4 2 1 1 999 1983 1759 1984
3039 4 2 1 1 1984 1759 999 1014
3040 4 2 1 1 999 1983 1984 1000
3041 4 2 1 1 1014 999 1984 1000
3042 4 2 1 1 1014 1984 1015 1000
3043 4 2 1 1 1984 1759 1014 1760
3044 4 2 1 1 1014 1984 1760 1985
3045 4 2 1 1 1985 1760 1014 1029
3046 4 2 1 1 1014 1984 1985 1015
3047 4 2 1 1 1029 1014 1985 1015
3048 4 2 1 1 1029 1985 1030 1015
3049 4 2 1 1 1985 1760 1029 1761
3050 4 2 1 1 1029 1985 1761 1986
3051 4 2 1 1 1986 1761 1029 1044
3052 4 2 1 1 1029 1985 1986 1030
3053 4 2 1 1 1044 1029 1986 1030
3054 4 2 1 1 1044 1986 1045 1030
3055 4 2 1 1 1986 1761 1044 1762
3056 4 2 1 1 1044 1986 1762 1987
3057 4 2 1 1 1987 1762 1044 1059
3058 4 2 1 1 1044 1986 1987 1045
3059 4 2 1 1 1059 1044 1987 1045
3060 4 2 1 1 1059 1987 1060 1045
3061 4 2 1 1 1987 1762 1059 1763
3062 4 2 1 1 1059 1987 1763 1988
3063 4 2 1 1 1988 1763 1059 1074
3064 4 2 1 1 1059 1987 1988 1060
3065 4 2 1 1 1074 1059 1988 1060
3066 4 2 1 1 1074 1988 1075 1060
3067 4 2 1 1 1988 1763 1074 428
3068 4 2 1 1 1074 1988 428 443
3069 4 2 1 1 443 428 1074 99
3070 4 2 1 1 1074 1988 443 1075
3071 4 2 1 1 99 1074 443 1075
3072 4 2 1 1 99 443 100 1075
3073 4 2 1 1 11 10 204 640
3074 4 2 1 1 204 11 640 641
3075 4 2 1 1 641 640 204 1764
3076 4 2 1 1 204 11 641 219
3077 4 2 1 1 1764 204 641 219
3078 4 2 1 1 1764 641 1989 219
3079 4 2 1 1 641 640 1764 655
3080 4 2 1 1 1764 641 655 656
3081 4 2 1 1 656 655 1764 1765
3082 4 2 1 1 1764 641 656 1989
3083 4 2 1 1 1765 1764 656 1989
3084 4 2 1 1 1765 656 1990 1989
3085 4 2 1 1 656 655 1765 670
3086 4 2 1 1 1765 656 670 671
3087 4 2 1 1 671 670 1765 1766
3088 4 2 1 1 1765 656 671 1990
3089 4 2 1 1 1766 1765 671 1990
3090 4 2 1 1 1766 671 1991 1990
3091 4 2 1 1 671 670 1766 685
3092 4 2 1 1 1766 671 685 686
3093 4 2 1 1 686 685 1766 1767
3094 4 2 1 1 1766 671 686 1991
3095 4 2 1 1 1767 1766 686 1991
3096 4 2 1 1 1767 686 1992 1991
3097 4 2 1 1 686 685 1767 700
3098 4 2 1 1 1767 686 700 701
3099 4 2 1 1 701 700 1767 1768
3100 4 2 1 1 1767 686 701 1992
3101 4 2 1 1 1768 1767 701 1992
3102 4 2 1 1 1768 701 1993 1992
3103 4 2 1 1 701 700 1768 715
3104 4 2 1 1 1768 701 715 716
3105 4 2 1 1 716 715 1768 1769
3106 4 2 1 1 1768 701 716 1993
3107 4 2 1 1 1769 1768 716 1993
3108 4 2 1 1 1769 716 1994 1993
3109 4 2 1 1 716 715 1769 730
3110 4 2 1 1 1769 716 730 731
3111 4 2 1 1 731 730 1769 1770
3112 4 2 1 1 1769 716 731 1994
3113 4 2 1 1 1770 1769 731 1994
3114 4 2 1 1 1770 731 1995 1994
3115 4 2 1 1 731 730 1770 745
3116 4 2 1 1 1770 731 745 746
3117 4 2 1 1 746 745 1770 1771
3118 4 2 1 1 1770 731 746 1995
3119 4 2 1 1 1771 1770 746 1995
3120 4 2 1 1 1771 746 1996 1995
3121 4 2 1 1 746 745 1771 760
3122 4 2 1 1 1771 746 760 761
3123 4 2 1 1 761 760 1771 1772
3124 4 2 1 1 1771 746 761 1996
3125 4 2 1 1 1772 1771 761 1996
3126 4 2 1 1 1772 761 1997 1996
3127 4 2 1 1 761 760 1772 775
3128 4 2 1 1 1772 761 775 776
3129 4 2 1 1 776 775 1772 1773
3130 4 2 1 1 1772 761 776 1997
3131 4 2 1 1 1773 1772 776 1997
3132 4 2 1 1 1773 776 1998 1997
3133 4 2 1 1 776 775 1773 790
3134 4 2 1 1 1773 776 790 791
3135 4 2 1 1 791 790 1773 1774
3136 4 2 1 1 1773 776 791 1998
3137 4 2 1 1 1774 1773 791 1998
3138 4 2 1 1 1774 791 1999 1998
3139 4 2 1 1 791 790 1774 805
3140 4 2 1 1 1774 791 805 806
3141 4 2 1 1 806 805 1774 1775
3142 4 2 1 1 1774 791 806 1999
3143 4 2 1 1 1775 1774 806 1999
3144 4 2 1 1 1775 806 2000 1999
3145 4 2 1 1 806 805 1775 820
3146 4 2 1 1 1775 806 820 821
3147 4 2 1 1 821 820 1775 1776
3148 4 2 1 1 1775 806 821 2000
3149 4 2 1 1 1776 1775 821 2000
3150 4 2 1 1 1776 821 2001 2000
3151 4 2 1 1 821 820 1776 835
3152 4 2 1 1 1776 821 835 836
3153 4 2 1 1 836 835 1776 1777
3154 4 2 1 1 1776 821 836 2001
3155 4 2 1 1 1777 1776 836 2001
3156 4 2 1 1 1777 836 2002 2001
3157 4 2 1 1 836 835 1777 850
3158 4 2 1 1 1777 836 850 851
3159 4 2 1 1 851 850 1777 1778
3160 4 2 1 1 1777 836 851 2002
3161 4 2 1 1 1778 1777 851 2002
3162 4 2 1 1 1778 851 2003 2002
3163 4 2 1 1 851 850 1778 70
3164 4 2 1 1 1778 851 70 71
3165 4 2 1 1 71 70 1778 429
3166 4 2 1 1 1778 851 71 2003
3167 4 2 1 1 429 1778 71 2003
3168 4 2 1 1 429 71 444 2003
3169 4 2 1 1 219 204 205 1764
3170 4 2 1 1 205 219 1764 1989
3171 4 2 1 1 1989 1764 205 1779
3172 4 2 1 1 205 219 1989 220
3173 4 2 1 1 1779 205 1989 220
3174 4 2 1 1 1779 1989 2004 220
3175 4 2 1 1 1989 1764 1779 1765
3176 4 2 1 1 1779 1989 1765 1990
3177 4 2 1 1 1990 1765 1779 1780
3178 4 2 1 1 1779 1989 1990 2004
3179 4 2 1 1 1780 1779 1990 2004
3180 4 2 1 1 1780 1990 2005 2004
3181 4 2 1 1 1990 1765 1780 1766
3182 4 2 1 1 1780 1990 1766 1991
3183 4 2 1 1 1991 1766 1780 1781
3184 4 2 1 1 1780 1990 1991 2005
3185 4 2 1 1 1781 1780 1991 2005
3186 4 2 1 1 1781 1991 2006 2005
3187 4 2 1 1 1991 1766 1781 1767
3188 4 2 1 1 1781 1991 1767 1992
3189 4 2 1 1 1992 1767 1781 1782
3190 4 2 1 1 1781 1991 1992 2006
3191 4 2 1 1 1782 1781 1992 2006
3192 4 2 1 1 1782 1992 2007 2006
3193 4 2 1 1 1992 1767 1782 1768
3194 4 2 1 1 1782 1992 1768 1993
3195 4 2 1 1 1993 1768 1782 1783
3196 4 2 1 1 1782 1992 1993 2007
3197 4 2 1 1 1783 1782 1993 2007
3198 4 2 1 1 1783 1993 2008 2007
3199 4 2 1 1 1993 1768 1783 1769
3200 4 2 1 1 1783 1993 1769 1994
3201 4 2 1 1 1994 1769 1783 1784
3202 4 2 1 1 1783 1993 1994 2008
3203 4 2 1 1 1784 1783 1994 2008
3204 4 2 1 1 1784 1994 2009 2008
3205 4 2 1 1 1994 1769 1784 1770
3206 4 2 1 1 1784 1994 1770 1995
3207 4 2 1 1 1995 1770 1784 1785
3208 4 2 1 1 1784 1994 1995 2009
3209 4 2 1 1 1785 1784 1995 2009
3210 4 2 1 1 1785 1995 2010 2009
3211 4 2 1 1 1995 1770 1785 1771
3212 4 2 1 1 1785 1995 1771 1996
3213 4 2 1 1 1996 1771 1785 1786
3214 4 2 1 1 1785 1995 1996 2010
3215 4 2 1 1 1786 1785 1996 2010
3216 4 2 1 1 1786 1996 2011 2010
3217 4 2 1 1 1996 1771 1786 1772
3218 4 2 1 1 1786 1996 1772 1997
3219 4 2 1 1 1997 1772 1786 1787
3220 4 2 1 1 1786 1996 1997 2011
3221 4 2 1 1 1787 1786 1997 2011
3222 4 2 1 1 1787 1997 2012 2011
3223 4 2 1 1 1997 1772 1787 1773
3224 4 2 1 1 1787 1997 1773 1998
3225 4 2 1 1 1998 1773 1787 1788
3226 4 2 1 1 1787 1997 1998 2012
3227 4 2 1 1 1788 1787 1998 2012
3228 4 2 1 1 1788 1998 2013 2012
3229 4 2 1 1 1998 1773 1788 1774
3230 4 2 1 1 1788 1998 1774 1999
3231 4 2 1 1 1999 1774 1788 1789
3232 4 2 1 1 1788 1998 1999 2013
3233 4 2 1 1 1789 1788 1999 2013
3234 4 2 1 1 1789 1999 2014 2013
3235 4 2 1 1 1999 1774 1789 1775
3236 4 2 1 1 1789 1999 1775 2000
3237 4 2 1 1 2000 1775 1789 1790
3238 4 2 1 1 1789 1999 2000 2014
3239 4 2 1 1 1790 1789 2000 2014
3240 4 2 1 1 1790 2000 2015 2014
3241 4 2 1 1 2000 1775 1790 1776
3242 4 2 1 1 1790 2000 1776 2001
3243 4 2 1 1 2001 1776 1790 1791
3244 4 2 1 1 1790 2000 2001 2015
3245 4 2 1 1 1791 1790 2001 2015
3246 4 2 1 1 1791 2001 2016 2015
3247 4 2 1 1 2001 1776 1791 1777
3248 4 2 1 1 1791 2001 1777 2002
3249 4 2 1 1 2002 1777 1791 1792
3250 4 2 1 1 1791 2001 2002 2016
3251 4 2 1 1 1792 1791 2002 2016
3252 4 2 1 1 1792 2002 2017 2016
3253 4 2 1 1 2002 1777 1792 1778
3254 4 2 1 1 1792 2002 1778 2003
3255 4 2 1 1 2003 1778 1792 1793
3256 4 2 1 1 1792 2002 2003 2017
3257 4 2 1 1 1793 1792 2003 2017
3258 4 2 1 1 1793 2003 2018 2017
3259 4 2 1 1 2003 1778 1793 429
3260 4 2 1 1 1793 2003 429 444
3261 4 2 1 1 444 429 1793 430
3262 4 2 1 1 1793 2003 444 2018
3263 4 2 1 1 430 1793 444 2018
3264 4 2 1 1 430 444 445 2018
3265 4 2 1 1 220 205 206 1779
3266 4 2 1 1 206 220 1779 2004
3267 4 2 1 1 2004 1779 206 1794
3268 4 2 1 1 206 220 2004 221
3269 4 2 1 1 1794 206 2004 221
3270 4 2 1 1 1794 2004 2019 221
3271 4 2 1 1 2004 1779 1794 1780
3272 4 2 1 1 1794 2004 1780 2005
3273 4 2 1 1 2005 1780 1794 1795
3274 4 2 1 1 1794 2004 2005 2019
3275 4 2 1 1 1795 1794 2005 2019
3276 4 2 1 1 1795 2005 2020 2019
3277 4 2 1 1 2005 1780 1795 1781
3278 4 2 1 1 1795 2005 1781 2006
3279 4 2 1 1 2006 1781 1795 1796
3280 4 2 1 1 1795 2005 2006 2020
3281 4 2 1 1 1796 1795 2006 2020
3282 4 2 1 1 1796 2006 2021 2020
3283 4 2 1 1 2006 1781 1796 1782
3284 4 2 1 1 1796 2006 1782 2007
3285 4 2 1 1 2007 1782 1796 1797
3286 4 2 1 1 1796 2006 2007 2021
3287 4 2 1 1 1797 1796 2007 2021
3288 4 2 1 1 1797 2007 2022 2021
3289 4 2 1 1 2007 1782 1797 1783
3290 4 2 1 1 1797 2007 1783 2008
3291 4 2 1 1 2008 1783 1797 1798
3292 4 2 1 1 1797 2007 2008 2022
3293 4 2 1 1 1798 1797 2008 2022
3294 4 2 1 1 1798 2008 2023 2022
3295 4 2 1 1 2008 1783 1798 1784
3296 4 2 1 1 1798 2008 1784 2009
3297 4 2 1 1 2009 1784 1798 1799
3298 4 2 1 1 1798 2008 2009 2023
3299 4 2 1 1 1799 1798 2009 2023
3300 4 2 1 1 1799 2009 2024 2023
3301 4 2 1 1 2009 1784 1799 1785
3302 4 2 1 1 1799 2009 1785 2010
3303 4 2 1 1 2010 1785 1799 1800
3304 4 2 1 1 1799 2009 2010 2024
3305 4 2 1 1 1800 1799 2010 2024
3306 4 2 1 1 1800 2010 2025 2024
3307 4 2 1 1 2010 1785 1800 1786
3308 4 2 1 1 1800 2010 1786 2011
3309 4 2 1 1 2011 1786 1800 1801
3310 4 2 1 1 1800 2010 2011 2025
3311 4 2 1 1 1801 1800 2011 2025
3312 4 2 1 1 1801 2011 2026 2025
3313 4 2 1 1 2011 1786 1801 1787
3314 4 2 1 1 1801 2011 1787 2012
3315 4 2 1 1 2012 1787 1801 1802
3316 4 2 1 1 1801 2011 2012 2026
3317 4 2 1 1 1802 1801 2012 2026
3318 4 2 1 1 1802 2012 2027 2026
3319 4 2 1 1 2012 1787 1802 1788
3320 4 2 1 1 1802 2012 1788 2013
3321 4 2 1 1 2013 1788 1802 1803
3322 4 2 1 1 1802 2012 2013 2027
3323 4 2 1 1 1803 1802 2013 2027
3324 4 2 1 1 1803 2013 2028 2027
3325 4 2 1 1 2013 1788 1803 1789
3326 4 2 1 1 1803 2013 1789 2014
3327 4 2 1 1 2014 1789 1803 1804
3328 4 2 1 1 1803 2013 2014 2028
3329 4 2 1 1 1804 1803 2014 2028
3330 4 2 1 1 1804 2014 2029 2028
3331 4 2 1 1 2014 1789 1804 1790
3332 4 2 1 1 1804 2014 1790 2015
3333 4 2 1 1 2015 1790 1804 1805
3334 4 2 1 1 1804 2014 2015 2029
3335 4 2 1 1 1805 1804 2015 2029
3336 4 2 1 1 1805 2015 2030 2029
3337 4 2 1 1 2015 1790 1805 1791
3338 4 2 1 1 1805 2015 1791 2016
3339 4 2 1 1 2016 1791 1805 1806
3340 4 2 1 1 1805 2015 2016 2030
3341 4 2 1 1 1806 1805 2016 2030
3342 4 2 1 1 1806 2016 2031 2030
3343 4 2 1 1 2016 1791 1806 1792
3344 4 2 1 1 1806 2016 1792 2017
3345 4 2 1 1 2017 1792 1806 1807
3346 4 2 1 1 1806 2016 2017 2031
3347 4 2 1 1 1807 1806 2017 2031
3348 4 2 1 1 1807 2017 2032 2031
3349 4 2 1 1 2017 1792 1807 1793
3350 4 2 1 1 1807 2017 1793 2018
3351 4 2 1 1 2018 1793 1807 1808
3352 4 2 1 1 1807 2017 2018 2032
3353 4 2 1 1 1808 1807 2018 2032
3354 4 2 1 1 1808 2018 2033 2032
3355 4 2 1 1 2018 1793 1808 430
3356 4 2 1 1 1808 2018 430 445
3357 4 2 1 1 445 430 1808 431
3358 4 2 1 1 1808 2018 445 2033
3359 4 2 1 1 431 1808 445 2033
3360 4 2 1 1 431 445 446 2033
3361 4 2 1 1 221 206 207 1794
3362 4 2 1 1 207 221 1794 2019
3363 4 2 1 1 2019 1794 207 1809
3364 4 2 1 1 207 221 2019 222
3365 4 2 1 1 1809 207 2019 222
3366 4 2 1 1 1809 2019 2034 222
3367 4 2 1 1 2019 1794 1809 1795
3368 4 2 1 1 1809 2019 1795 2020
3369 4 2 1 1 2020 1795 1809 1810
3370 4 2 1 1 1809 2019 2020 2034
3371 4 2 1 1 1810 1809 2020 2034
3372 4 2 1 1 1810 2020 2035 2034
3373 4 2 1 1 2020 1795 1810 1796
3374 4 2 1 1 1810 2020 1796 2021
3375 4 2 1 1 2021 1796 1810 1811
3376 4 2 1 1 1810 2020 2021 2035
3377 4 2 1 1 1811 1810 2021 2035
3378 4 2 1 1 1811 2021 2036 2035
3379 4 2 1 1 2021 1796 1811 1797
3380 4 2 1 1 1811 2021 1797 2022
3381 4 2 1 1 2022 1797 1811 1812
3382 4 2 1 1 1811 2021 2022 2036
3383 4 2 1 1 1812 1811 2022 2036
3384 4 2 1 1 1812 2022 2037 2036
3385 4 2 1 1 2022 1797 1812 1798
3386 4 2 1 1 1812 2022 1798 2023
3387 4 2 1 1 2023 1798 1812 1813
3388 4 2 1 1 1812 2022 2023 2037
3389 4 2 1 1 1813 1812 2023 2037
3390 4 2 1 1 1813 2023 2038 2037
3391 4 2 1 1 2023 1798 1813 1799
3392 4 2 1 1 1813 2023 1799 2024
3393 4 2 1 1 2024 1799 1813 1814
3394 4 2 1 1 1813 2023 2024 2038
3395 4 2 1 1 1814 1813 2024 2038
3396 4 2 1 1 1814 2024 2039 2038
3397 4 2 1 1 2024 1799 1814 1800
3398 4 2 1 1 1814 2024 1800 2025
3399 4 2 1 1 2025 1800 1814 1815
3400 4 2 1 1 1814 2024 2025 2039
3401 4 2 1 1 1815 1814 2025 2039
3402 4 2 1 1 1815 2025 2040 2039
3403 4 2 1 1 2025 1800 1815 1801
3404 4 2 1 1 1815 2025 1801 2026
3405 4 2 1 1 2026 1801 1815 1816
3406 4 2 1 1 1815 2025 2026 2040
3407 4 2 1 1 1816 1815 2026 2040
3408 4 2 1 1 1816 2026 2041 2040
3409 4 2 1 1 2026 1801 1816 1802
3410 4 2 1 1 1816 2026 1802 2027
3411 4 2 1 1 2027 1802 1816 1817
3412 4 2 1 1 1816 2026 2027 2041
3413 4 2 1 1 1817 1816 2027 2041
3414 4 2 1 1 1817 2027 2042 2041
3415 4 2 1 1 2027 1802 1817 1803
3416 4 2 1 1 1817 2027 1803 2028
3417 4 2 1 1 2028 1803 1817 1818
3418 4 2 1 1 1817 2027 2028 2042
3419 4 2 1 1 1818 1817 2028 2042
3420 4 2 1 1 1818 2028 2043 2042
3421 4 2 1 1 2028 1803 1818 1804
3422 4 2 1 1 1818 2028 1804 2029
3423 4 2 1 1 2029 1804 1818 1819
3424 4 2 1 1 1818 2028 2029 2043
3425 4 2 1 1 1819 1818 2029 2043
3426 4 2 1 1 1819 2029 2044 2043
3427 4 2 1 1 2029 1804 1819 1805
3428 4 2 1 1 1819 2029 1805 2030
3429 4 2 1 1 2030 1805 1819 1820
3430 4 2 1 1 1819 2029 2030 2044
3431 4 2 1 1 1820 1819 2030 2044
3432 4 2 1 1 1820 2030 2045 2044
3433 4 2 1 1 2030 1805 1820 1806
3434 4 2 1 1 1820 2030 1806 2031
3435 4 2 1 1 2031 1806 1820 1821
3436 4 2 1 1 1820 2030 2031 2045
3437 4 2 1 1 1821 1820 2031 2045
3438 4 2 1 1 1821 2031 2046 2045
3439 4 2 1 1 2031 1806 1821 1807
3440 4 2 1 1 1821 2031 1807 2032
3441 4 2 1 1 2032 1807 1821 1822
3442 4 2 1 1 1821 2031 2032 2046
3443 4 2 1 1 1822 1821 2032 2046
3444 4 2 1 1 1822 2032 2047 2046
3445 4 2 1 1 2032 1807 1822 1808
3446 4 2 1 1 1822 2032 1808 2033
3447 4 2 1 1 2033 1808 1822 1823
3448 4 2 1 1 1822 2032 2033 2047
3449 4 2 1 1 1823 1822 2033 2047
3450 4 2 1 1 1823 2033 2048 2047
3451 4 2 1 1 2033 1808 1823 431
3452 4 2 1 1 1823 2033 431 446
3453 4 2 1 1 446 431 1823 432
3454 4 2 1 1 1823 2033 446 2048
3455 4 2 1 1 432 1823 446 2048
3456 4 2 1 1 432 446 447 2048
3457 4 2 1 1 222 207 208 1809
3458 4 2 1 1 208 222 1809 2034
3459 4 2 1 1 2034 1809 208 1824
3460 4 2 1 1 208 222 2034 223
3461 4 2 1 1 1824 208 2034 223
3462 4 2 1 1 1824 2034 2049 223
3463 4 2 1 1 2034 1809 1824 1810
3464 4 2 1 1 1824 2034 1810 2035
3465 4 2 1 1 2035 1810 1824 1825
3466 4 2 1 1 1824 2034 2035 2049
3467 4 2 1 1 1825 1824 2035 2049
3468 4 2 1 1 1825 2035 2050 2049
3469 4 2 1 1 2035 1810 1825 1811
3470 4 2 1 1 1825 2035 1811 2036
3471 4 2 1 1 2036 1811 1825 1826
3472 4 2 1 1 1825 2035 2036 2050
3473 4 2 1 1 1826 1825 2036 2050
3474 4 2 1 1 1826 2036 2051 2050
3475 4 2 1 1 2036 1811 1826 1812
3476 4 2 1 1 1826 2036 1812 2037
3477 4 2 1 1 2037 1812 1826 1827
3478 4 2 1 1 1826 2036 2037 2051
3479 4 2 1 1 1827 1826 2037 2051
3480 4 2 1 1 1827 2037 2052 2051
3481 4 2 1 1 2037 1812 1827 1813
3482 4 2 1 1 1827 2037 1813 2038
3483 4 2 1 1 2038 1813 1827 1828
3484 4 2 1 1 1827 2037 2038 2052
3485 4 2 1 1 1828 1827 2038 2052
3486 4 2 1 1 1828 2038 2053 2052
3487 4 2 1 1 2038 1813 1828 1814
3488 4 2 1 1 1828 2038 1814 2039
3489 4 2 1 1 2039 1814 1828 1829
3490 4 2 1 1 1828 2038 2039 2053
3491 4 2 1 1 1829 1828 2039 2053
3492 4 2 1 1 1829 2039 2054 2053
3493 4 2 1 1 2039 1814 1829 1815
3494 4 2 1 1 1829 2039 1815 2040
3495 4 2 1 1 2040 1815 1829 1830
3496 4 2 1 1 1829 2039 2040 2054
3497 4 2 1 1 1830 1829 2040 2054
3498 4 2 1 1 1830 2040 2055 2054
3499 4 2 1 1 2040 1815 1830 1816
3500 4 2 1 1 1830 2040 1816 2041
3501 4 2 1 1 2041 1816 1830 1831
3502 4 2 1 1 1830 2040 2041 2055
3503 4 2 1 1 1831 1830 2041 2055
3504 4 2 1 1 1831 2041 2056 2055
3505 4 2 1 1 2041 1816 1831 1817
3506 4 2 1 1 1831 2041 1817 2042
3507 4 2 1 1 2042 1817 1831 1832
3508 4 2 1 1 1831 2041 2042 2056
3509 4 2 1 1 1832 1831 2042 2056
3510 4 2 1 1 1832 2042 2057 2056
3511 4 2 1 1 2042 1817 1832 1818
3512 4 2 1 1 1832 2042 1818 2043
3513 4 2 1 1 2043 1818 1832 1833
3514 4 2 1 1 1832 2042 2043 2057
3515 4 2 1 1 1833 1832 2043 2057
3516 4 2 1 1 1833 2043 2058 2057
3517 4 2 1 1 2043 1818 1833 1819
3518 4 2 1 1 1833 2043 1819 2044
3519 4 2 1 1 2044 1819 1833 1834
3520 4 2 1 1 1833 2043 2044 2058
3521 4 2 1 1 1834 1833 2044 2058
3522 4 2 1 1 1834 2044 2059 2058
3523 4 2 1 1 2044 1819 1834 1820
3524 4 2 1 1 1834 2044 1820 2045
3525 4 2 1 1 2045 1820 1834 1835
3526 4 2 1 1 1834 2044 2045 2059
3527 4 2 1 1 1835 1834 2045 2059
3528 4 2 1 1 1835 2045 2060 2059
3529 4 2 1 1 2045 1820 1835 1821
3530 4 2 1 1 1835 2045 1821 2046
3531 4 2 1 1 2046 1821 1835 1836
3532 4 2 1 1 1835 2045 2046 2060
3533 4 2 1 1 1836 1835 2046 2060
3534 4 2 1 1 1836 2046 2061 2060
3535 4 2 1 1 2046 1821 1836 1822
3536 4 2 1 1 1836 2046 1822 2047
3537 4 2 1 1 2047 1822 1836 1837
3538 4 2 1 1 1836 2046 2047 2061
3539 4 2 1 1 1837 1836 2047 2061
3540 4 2 1 1 1837 2047 2062 2061
3541 4 2 1 1 2047 1822 1837 1823
3542 4 2 1 1 1837 2047 1823 2048
3543 4 2 1 1 2048 1823 1837 1838
3544 4 2 1 1 1837 2047 2048 2062
3545 4 2 1 1 1838 1837 2048 2062
3546 4 2 1 1 1838 2048 2063 2062
3547 4 2 1 1 2048 1823 1838 432
3548 4 2 1 1 1838 2048 432 447
3549 4 2 1 1 447 432 1838 433
3550 4 2 1 1 1838 2048 447 2063
3551 4 2 1 1 433 1838 447 2063
3552 4 2 1 1 433 447 448 2063
3553 4 2 1 1 223 208 209 1824
3554 4 2 1 1 209 223 1824 2049
3555 4 2 1 1 2049 1824 209 1839
3556 4 2 1 1 209 223 2049 224
3557 4 2 1 1 1839 209 2049 224
3558 4 2 1 1 1839 2049 2064 224
3559 4 2 1 1 2049 1824 1839 1825
3560 4 2 1 1 1839 2049 1825 2050
3561 4 2 1 1 2050 1825 1839 1840
3562 4 2 1 1 1839 2049 2050 2064
3563 4 2 1 1 1840 1839 2050 2064
3564 4 2 1 1 1840 2050 2065 2064
3565 4 2 1 1 2050 1825 1840 1826
3566 4 2 1 1 1840 2050 1826 2051
3567 4 2 1 1 2051 1826 1840 1841
3568 4 2 1 1 1840 2050 2051 2065
3569 4 2 1 1 1841 1840 2051 2065
3570 4 2 1 1 1841 2051 2066 2065
3571 4 2 1 1 2051 1826 1841 1827
3572 4 2 1 1 1841 2051 1827 2052
3573 4 2 1 1 2052 1827 1841 1842
3574 4 2 1 1 1841 2051 2052 2066
3575 4 2 1 1 1842 1841 2052 2066
3576 4 2 1 1 1842 2052 2067 2066
3577 4 2 1 1 2052 1827 1842 1828
3578 4 2 1 1 1842 2052 1828 2053
3579 4 2 1 1 2053 1828 1842 1843
3580 4 2 1 1 1842 2052 2053 2067
3581 4 2 1 1 1843 1842 2053 2067
3582 4 2 1 1 1843 2053 2068 2067
3583 4 2 1 1 2053 1828 1843 1829
3584 4 2 1 1 1843 2053 1829 2054
3585 4 2 1 1 2054 1829 1843 1844
3586 4 2 1 1 1843 2053 2054 2068
3587 4 2 1 1 1844 1843 2054 2068
3588 4 2 1 1 1844 2054 2069 2068
3589 4 2 1 1 2054 1829 1844 1830
3590 4 2 1 1 1844 2054 1830 2055
3591 4 2 1 1 2055 1830 1844 1845
3592 4 2 1 1 1844 2054 2055 2069
3593 4 2 1 1 1845 1844 2055 2069
3594 4 2 1 1 1845 2055 2070 2069
3595 4 2 1 1 2055 1830 1845 1831
3596 4 2 1 1 1845 2055 1831 2056
3597 4 2 1 1 2056 1831 1845 1846
3598 4 2 1 1 1845 2055 2056 2070
3599 4 2 1 1 1846 1845 2056 2070
3600 4 2 1 1 1846 2056 2071 2070
3601 4 2 1 1 2056 1831 1846 1832
3602 4 2 1 1 1846 2056 1832 2057
3603 4 2 1 1 2057 1832 1846 1847
3604 4 2 1 1 1846 2056 2057 2071
3605 4 2 1 1 1847 1846 2057 2071
3606 4 2 1 1 1847 2057 2072 2071
3607 4 2 1 1 2057 1832 1847 1833
3608 4 2 1 1 1847 2057 1833 2058
3609 4 2 1 1 2058 1833 1847 1848
3610 4 2 1 1 1847 2057 2058 2072
3611 4 2 1 1 1848 1847 2058 2072
3612 4 2 1 1 1848 2058 2073 2072
3613 4 2 1 1 2058 1833 1848 1834
3614 4 2 1 1 1848 2058 1834 2059
3615 4 2 1 1 2059 1834 1848 1849
3616 4 2 1 1 1848 2058 2059 2073
3617 4 2 1 1 1849 1848 2059 2073
3618 4 2 1 1 1849 2059 2074 2073
3619 4 2 1 1 2059 1834 1849 1835
3620 4 2 1 1 1849 2059 1835 2060
3621 4 2 1 1 2060 1835 1849 1850
3622 4 2 1 1 1849 2059 2060 2074
3623 4 2 1 1 1850 1849 2060 2074
3624 4 2 1 1 1850 2060 2075 2074
3625 4 2 1 1 2060 1835 1850 1836
3626 4 2 1 1 1850 2060 1836 2061
3627 4 2 1 1 2061 1836 1850 1851
3628 4 2 1 1 1850 2060 2061 2075
3629 4 2 1 1 1851 1850 2061 2075
3630 4 2 1 1 1851 2061 2076 2075
3631 4 2 1 1 2061 1836 1851 1837
3632 4 2 1 1 1851 2061 1837 2062
3633 4 2 1 1 2062 1837 1851 1852
3634 4 2 1 1 1851 2061 2062 2076
3635 4 2 1 1 1852 1851 2062 2076
3636 4 2 1 1 1852 2062 2077 2076
3637 4 2 1 1 2062 1837 1852 1838
3638 4 2 1 1 1852 2062 1838 2063
3639 4 2 1 1 2063 1838 1852 1853
3640 4 2 1 1 1852 2062 2063 2077
3641 4 2 1 1 1853 1852 2063 2077
3642 4 2 1 1 1853 2063 2078 2077
3643 4 2 1 1 2063 1838 1853 433
3644 4 2 1 1 1853 2063 433 448
3645 4 2 1 1 448 433 1853 434
3646 4 2 1 1 1853 2063 448 2078
3647 4 2 1 1 434 1853 448 2078
3648 4 2 1 1 434 448 449 2078
3649 4 2 1 1 224 209 210 1839
3650 4 2 1 1 210 224 1839 2064
3651 4 2 1 1 2064 1839 210 1854
3652 4 2 1 1 210 224 2064 225
3653 4 2 1 1 1854 210 2064 225
3654 4 2 1 1 1854 2064 2079 225
3655 4 2 1 1 2064 1839 1854 1840
3656 4 2 1 1 1854 2064 1840 2065
3657 4 2 1 1 2065 1840 1854 1855
3658 4 2 1 1 1854 2064 2065 2079
3659 4 2 1 1 1855 1854 2065 2079
3660 4 2 1 1 1855 2065 2080 2079
3661 4 2 1 1 2065 1840 1855 1841
3662 4 2 1 1 1855 2065 1841 2066
3663 4 2 1 1 2066 1841 1855 1856
3664 4 2 1 1 1855 2065 2066 2080
3665 4 2 1 1 1856 1855 2066 2080
3666 4 2 1 1 1856 2066 2081 2080
3667 4 2 1 1 2066 1841 1856 1842
3668 4 2 1 1 1856 2066 1842 2067
3669 4 2 1 1 2067 1842 1856 1857
3670 4 2 1 1 1856 2066 2067 2081
3671 4 2 1 1 1857 1856 2067 2081
3672 4 2 1 1 1857 2067 2082 2081
3673 4 2 1 1 2067 1842 1857 1843
3674 4 2 1 1 1857 2067 1843 2068
3675 4 2 1 1 2068 1843 1857 1858
3676 4 2 1 1 1857 2067 2068 2082
3677 4 2 1 1 1858 1857 2068 2082
3678 4 2 1 1 1858 2068 2083 2082
3679 4 2 1 1 2068 1843 1858 1844
3680 4 2 1 1 1858 2068 1844 2069
3681 4 2 1 1 2069 1844 1858 1859
3682 4 2 1 1 1858 2068 2069 2083
3683 4 2 1 1 1859 1858 2069 2083
3684 4 2 1 1 1859 2069 2084 2083
3685 4 2 1 1 2069 1844 1859 1845
3686 4 2 1 1 1859 2069 1845 2070
3687 4 2 1 1 2070 1845 1859 1860
3688 4 2 1 1 1859 2069 2070 2084
3689 4 2 1 1 1860 1859 2070 2084
3690 4 2 1 1 1860 2070 2085 2084
3691 4 2 1 1 2070 1845 1860 1846
3692 4 2 1 1 1860 2070 1846 2071
3693 4 2 1 1 2071 1846 1860 1861
3694 4 2 1 1 1860 2070 2071 2085
3695 4 2 1 1 1861 1860 2071 2085
3696 4 2 1 1 1861 2071 2086 2085
3697 4 2 1 1 2071 1846 1861 1847
3698 4 2 1 1 1861 2071 1847 2072
3699 4 2 1 1 2072 1847 1861 1862
3700 4 2 1 1 1861 2071 2072 2086
3701 4 2 1 1 1862 1861 2072 2086
3702 4 2 1 1 1862 2072 2087 2086
3703 4 2 1 1 2072 1847 1862 1848
3704 4 2 1 1 1862 2072 1848 2073
3705 4 2 1 1 2073 1848 1862 1863
3706 4 2 1 1 1862 2072 2073 2087
3707 4 2 1 1 1863 1862 2073 2087
3708 4 2 1 1 1863 2073 2088 2087
3709 4 2 1 1 2073 1848 1863 1849
3710 4 2 1 1 1863 2073 1849 2074
3711 4 2 1 1 2074 1849 1863 1864
3712 4 2 1 1 1863 2073 2074 2088
3713 4 2 1 1 1864 1863 2074 2088
3714 4 2 1 1 1864 2074 2089 2088
3715 4 2 1 1 2074 1849 1864 1850
3716 4 2 1 1 1864 2074 1850 2075
3717 4 2 1 1 2075 1850 1864 1865
3718 4 2 1 1 1864 2074 2075 2089
3719 4 2 1 1 1865 1864 2075 2089
3720 4 2 1 1 1865 2075 2090 2089
3721 4 2 1 1 2075 1850 1865 1851
3722 4 2 1 1 1865 2075 1851 2076
3723 4 2 1 1 2076 1851 1865 1866
3724 4 2 1 1 1865 2075 2076 2090
3725 4 2 1 1 1866 1865 2076 2090
3726 4 2 1 1 1866 2076 2091 2090
3727 4 2 1 1 2076 1851 1866 1852
3728 4 2 1 1 1866 2076 1852 2077
3729 4 2 1 1 2077 1852 1866 1867
3730 4 2 1 1 1866 2076 2077 2091
3731 4 2 1 1 1867 1866 2077 2091
3732 4 2 1 1 1867 2077 2092 2091
3733 4 2 1 1 2077 1852 1867 1853
3734 4 2 1 1 1867 2077 1853 2078
3735 4 2 1 1 2078 1853 1867 1868
3736 4 2 1 1 1867 2077 2078 2092
3737 4 2 1 1 1868 1867 2078 2092
3738 4 2 1 1 1868 2078 2093 2092
3739 4 2 1 1 2078 1853 1868 434
3740 4 2 1 1 1868 2078 434 449
3741 4 2 1 1 449 434 1868 435
3742 4 2 1 1 1868 2078 449 2093
3743 4 2 1 1 435 1868 449 2093
3744 4 2 1 1 435 449 450 2093
3745 4 2 1 1 225 210 211 1854
3746 4 2 1 1 211 225 1854 2079
3747 4 2 1 1 2079 1854 211 1869
3748 4 2 1 1 211 225 2079 226
3749 4 2 1 1 1869 211 2079 226
3750 4 2 1 1 1869 2079 2094 226
3751 4 2 1 1 2079 1854 1869 1855
3752 4 2 1 1 1869 2079 1855 2080
3753 4 2 1 1 2080 1855 1869 1870
3754 4 2 1 1 1869 2079 2080 2094
3755 4 2 1 1 1870 1869 2080 2094
3756 4 2 1 1 1870 2080 2095 2094
3757 4 2 1 1 2080 1855 1870 1856
3758 4 2 1 1 1870 2080 1856 2081
3759 4 2 1 1 2081 1856 1870 1871
3760 4 2 1 1 1870 2080 2081 2095
3761 4 2 1 1 1871 1870 2081 2095
3762 4 2 1 1 1871 2081 2096 2095
3763 4 2 1 1 2081 1856 1871 1857
3764 4 2 1 1 1871 2081 1857 2082
3765 4 2 1 1 2082 1857 1871 1872
3766 4 2 1 1 1871 2081 2082 2096
3767 4 2 1 1 1872 1871 2082 2096
3768 4 2 1 1 1872 2082 2097 2096
3769 4 2 1 1 2082 1857 1872 1858
3770 4 2 1 1 1872 2082 1858 2083
3771 4 2 1 1 2083 1858 1872 1873
3772 4 2 1 1 1872 2082 2083 2097
3773 4 2 1 1 1873 1872 2083 2097
3774 4 2 1 1 1873 2083 2098 2097
3775 4 2 1 1 2083 1858 1873 1859
3776 4 2 1 1 1873 2083 1859 2084
3777 4 2 1 1 2084 1859 1873 1874
3778 4 2 1 1 1873 2083 2084 2098
3779 4 2 1 1 1874 1873 2084 2098
3780 4 2 1 1 1874 2084 2099 2098
3781 4 2 1 1 2084 1859 1874 1860
3782 4 2 1 1 1874 2084 1860 2085
3783 4 2 1 1 2085 1860 1874 1875
3784 4 2 1 1 1874 2084 2085 2099
3785 4 2 1 1 1875 1874 2085 2099
3786 4 2 1 1 1875 2085 2100 2099
3787 4 2 1 1 2085 1860 1875 1861
3788 4 2 1 1 1875 2085 1861 2086
3789 4 2 1 1 2086 1861 1875 1876
3790 4 2 1 1 1875 2085 2086 2100
3791 4 2 1 1 1876 1875 2086 2100
3792 4 2 1 1 1876 2086 2101 2100
3793 4 2 1 1 2086 1861 1876 1862
3794 4 2 1 1 1876 2086 1862 2087
3795 4 2 1 1 2087 1862 1876 1877
3796 4 2 1 1 1876 2086 2087 2101
3797 4 2 1 1 1877 1876 2087 2101
3798 4 2 1 1 1877 2087 2102 2101
3799 4 2 1 1 2087 1862 1877 1863
3800 4 2 1 1 1877 2087 1863 2088
3801 4 2 1 1 2088 1863 1877 1878
3802 4 2 1 1 1877 2087 2088 2102
3803 4 2 1 1 1878 1877 2088 2102
3804 4 2 1 1 1878 2088 2103 2102
3805 4 2 1 1 2088 1863 1878 1864
3806 4 2 1 1 1878 2088 1864 2089
3807 4 2 1 1 2089 1864 1878 1879
3808 4 2 1 1 1878 2088 2089 2103
3809 4 2 1 1 1879 1878 2089 2103
3810 4 2 1 1 1879 2089 2104 2103
3811 4 2 1 1 2089 1864 1879 1865
3812 4 2 1 1 1879 2089 1865 2090
3813 4 2 1 1 2090 1865 1879 1880
3814 4 2 1 1 1879 2089 2090 2104
3815 4 2 1 1 1880 1879 2090 2104
3816 4 2 1 1 1880 2090 2105 2104
3817 4 2 1 1 2090 1865 1880 1866
3818 4 2 1 1 1880 2090 1866 2091
3819 4 2 1 1 2091 1866 1880 1881
3820 4 2 1 1 1880 2090 2091 2105
3821 4 2 1 1 1881 1880 2091 2105
3822 4 2 1 1 1881 2091 2106 2105
3823 4 2 1 1 2091 1866 1881 1867
3824 4 2 1 1 1881 2091 1867 2092
3825 4 2 1 1 2092 1867 1881 1882
3826 4 2 1 1 1881 2091 2092 2106
3827 4 2 1 1 1882 1881 2092 2106
3828 4 2 1 1 1882 2092 2107 2106
3829 4 2 1 1 2092 1867 1882 1868
3830 4 2 1 1 1882 2092 1868 2093
3831 4 2 1 1 2093 1868 1882 1883
3832 4 2 1 1 1882 2092 2093 2107
3833 4 2 1 1 1883 1882 2093 2107
3834 4 2 1 1 1883 2093 2108 2107
3835 4 2 1 1 2093 1868 1883 435
3836 4 2 1 1 1883 2093 435 450
3837 4 2 1 1 450 435 1883 436
3838 4 2 1 1 1883 2093 450 2108
3839 4 2 1 1 436 1883 450 2108
3840 4 2 1 1 436 450 451 2108
3841 4 2 1 1 226 211 212 1869
3842 4 2 1 1 212 226 1869 2094
3843 4 2 1 1 2094 1869 212 1884
3844 4 2 1 1 212 226 2094 227
3845 4 2 1 1 1884 212 2094 227
3846 4 2 1 1 1884 2094 2109 227
3847 4 2 1 1 2094 1869 1884 1870
3848 4 2 1 1 1884 2094 1870 2095
3849 4 2 1 1 2095 1870 1884 1885
3850 4 2 1 1 1884 2094 2095 2109
3851 4 2 1 1 1885 1884 2095 2109
3852 4 2 1 1 1885 2095 2110 2109
3853 4 2 1 1 2095 1870 1885 1871
3854 4 2 1 1 1885 2095 1871 2096
3855 4 2 1 1 2096 1871 1885 1886
3856 4 2 1 1 1885 2095 2096 2110
3857 4 2 1 1 1886 1885 2096 2110
3858 4 2 1 1 1886 2096 2111 2110
3859 4 2 1 1 2096 1871 1886 1872
3860 4 2 1 1 1886 2096 1872 2097
3861 4 2 1 1 2097 1872 1886 1887
3862 4 2 1 1 1886 2096 2097 2111
3863 4 2 1 1 1887 1886 2097 2111
3864 4 2 1 1 1887 2097 2112 2111
3865 4 2 1 1 2097 1872 1887 1873
3866 4 2 1 1 1887 2097 1873 2098
3867 4 2 1 1 2098 1873 1887 1888
3868 4 2 1 1 1887 2097 2098 2112
3869 4 2 1 1 1888 1887 2098 2112
3870 4 2 1 1 1888 2098 2113 2112
3871 4 2 1 1 2098 1873 1888 1874
3872 4 2 1 1 1888 2098 1874 2099
3873 4 2 1 1 2099 1874 1888 1889
3874 4 2 1 1 1888 2098 2099 2113
3875 4 2 1 1 1889 1888 2099 2113
3876 4 2 1 1 1889 2099 2114 2113
3877 4 2 1 1 2099 1874 1889 1875
3878 4 2 1 1 1889 2099 1875 2100
3879 4 2 1 1 2100 1875 1889 1890
3880 4 2 1 1 1889 2099 2100 2114
3881 4 2 1 1 1890 1889 2100 2114
3882 4 2 1 1 1890 2100 2115 2114
3883 4 2 1 1 2100 1875 1890 1876
3884 4 2 1 1 1890 2100 1876 2101
3885 4 2 1 1 2101 1876 1890 1891
3886 4 2 1 1 1890 2100 2101 2115
3887 4 2 1 1 1891 1890 2101 2115
3888 4 2 1 1 1891 2101 2116 2115
3889 4 2 1 1 2101 1876 1891 1877
3890 4 2 1 1 1891 2101 1877 2102
3891 4 2 1 1 2102 1877 1891 1892
3892 4 2 1 1 1891 2101 2102 2116
3893 4 2 1 1 1892 1891 2102 2116
3894 4 2 1 1 1892 2102 2117 2116
3895 4 2 1 1 2102 1877 1892 1878
3896 4 2 1 1 1892 2102 1878 2103
3897 4 2 1 1 2103 1878 1892 1893
3898 4 2 1 1 1892 2102 2103 2117
3899 4 2 1 1 1893 1892 2103 2117
3900 4 2 1 1 1893 2103 2118 2117
3901 4 2 1 1 2103 1878 1893 1879
3902 4 2 1 1 1893 2103 1879 2104
3903 4 2 1 1 2104 1879 1893 1894
3904 4 2 1 1 1893 2103 2104 2118
3905 4 2 1 1 1894 1893 2104 2118
3906 4 2 1 1 1894 2104 2119 2118
3907 4 2 1 1 2104 1879 1894 1880
3908 4 2 1 1 1894 2104 1880 2105
3909 4 2 1 1 2105 1880 1894 1895
3910 4 2 1 1 1894 2104 2105 2119
3911 4 2 1 1 1895 1894 2105 2119
3912 4 2 1 1 1895 2105 2120 2119
3913 4 2 1 1 2105 1880 1895 1881
3914 4 2 1 1 1895 2105 1881 2106
3915 4 2 1 1 2106 1881 1895 1896
3916 4 2 1 1 1895 2105 2106 2120
3917 4 2 1 1 1896 1895 2106 2120
3918 4 2 1 1 1896 2106 2121 2120
3919 4 2 1 1 2106 1881 1896 1882
3920 4 2 1 1 1896 2106 1882 2107
3921 4 2 1 1 2107 1882 1896 1897
3922 4 2 1 1 1896 2106 2107 2121
3923 4 2 1 1 1897 1896 2107 2121
3924 4 2 1 1 1897 2107 2122 2121
3925 4 2 1 1 2107 1882 1897 1883
3926 4 2 1 1 1897 2107 1883 2108
3927 4 2 1 1 2108 1883 1897 1898
3928 4 2 1 1 1897 2107 2108 2122
3929 4 2 1 1 1898 1897 2108 2122
3930 4 2 1 1 1898 2108 2123 2122
3931 4 2 1 1 2108 1883 1898 436
3932 4 2 1 1 1898 2108 436 451
3933 4 2 1 1 451 436 1898 437
3934 4 2 1 1 1898 2108 451 2123
3935 4 2 1 1 437 1898 451 2123
3936 4 2 1 1 437 451 452 2123
3937 4 2 1 1 227 212 213 1884
3938 4 2 1 1 213 227 1884 2109
3939 4 2 1 1 2109 1884 213 1899
3940 4 2 1 1 213 227 2109 228
3941 4 2 1 1 1899 213 2109 228
3942 4 2 1 1 1899 2109 2124 228
3943 4 2 1 1 2109 1884 1899 1885
3944 4 2 1 1 1899 2109 1885 2110
3945 4 2 1 1 2110 1885 1899 1900
3946 4 2 1 1 1899 2109 2110 2124
3947 4 2 1 1 1900 1899 2110 2124
3948 4 2 1 1 1900 2110 2125 2124
3949 4 2 1 1 2110 1885 1900 1886
3950 4 2 1 1 1900 2110 1886 2111
3951 4 2 1 1 2111 1886 1900 1901
3952 4 2 1 1 1900 2110 2111 2125
3953 4 2 1 1 1901 1900 2111 2125
3954 4 2 1 1 1901 2111 2126 2125
3955 4 2 1 1 2111 1886 1901 1887
3956 4 2 1 1 1901 2111 1887 2112
3957 4 2 1 1 2112 1887 1901 1902
3958 4 2 1 1 1901 2111 2112 2126
3959 4 2 1 1 1902 1901 2112 2126
3960 4 2 1 1 1902 2112 2127 2126
3961 4 2 1 1 2112 1887 1902 1888
3962 4 2 1 1 1902 2112 1888 2113
3963 4 2 1 1 2113 1888 1902 1903
3964 4 2 1 1 1902 2112 2113 2127
3965 4 2 1 1 1903 1902 2113 2127
3966 4 2 1 1 1903 2113 2128 2127
3967 4 2 1 1 2113 1888 1903 1889
3968 4 2 1 1 1903 2113 1889 2114
3969 4 2 1 1 2114 1889 1903 1904
3970 4 2 1 1 1903 2113 2114 2128
3971 4 2 1 1 1904 1903 2114 2128
3972 4 2 1 1 1904 2114 2129 2128
3973 4 2 1 1 2114 1889 1904 1890
3974 4 2 1 1 1904 2114 1890 2115
3975 4 2 1 1 2115 1890 1904 1905
3976 4 2 1 1 1904 2114 2115 2129
3977 4 2 1 1 1905 1904 2115 2129
3978 4 2 1 1 1905 2115 2130 2129
3979 4 2 1 1 2115 1890 1905 1891
3980 4 2 1 1 1905 2115 1891 2116
3981 4 2 1 1 2116 1891 1905 1906
3982 4 2 1 1 1905 2115 2116 2130
3983 4 2 1 1 1906 1905 2116 2130
3984 4 2 1 1 1906 2116 2131 2130
3985 4 2 1 1 2116 1891 1906 1892
3986 4 2 1 1 1906 2116 1892 2117
3987 4 2 1 1 2117 1892 1906 1907
3988 4 2 1 1 1906 2116 2117 2131
3989 4 2 1 1 1907 1906 2117 2131
3990 4 2 1 1 1907 2117 2132 2131
3991 4 2 1 1 2117 1892 1907 1893
3992 4 2 1 1 1907 2117 1893 2118
3993 4 2 1 1 2118 1893 1907 1908
3994 4 2 1 1 1907 2117 2118 2132
3995 4 2 1 1 1908 1907 2118 2132
3996 4 2 1 1 1908 2118 2133 2132
3997 4 2 1 1 2118 1893 1908 1894
3998 4 2 1 1 1908 2118 1894 2119
3999 4 2 1 1 2119 1894 1908 1909
4000 4 2 1 1 1908 2118 2119 2133
4001 4 2 1 1 1909 1908 2119 2133
4002 4 2 1 1 1909 2119 2134 2133
4003 4 2 1 1 2119 1894 1909 1895
4004 4 2 1 1 1909 2119 1895 2120
4005 4 2 1 1 2120 1895 1909 1910
4006 4 2 1 1 1909 2119 2120 2134
4007 4 2 1 1 1910 1909 2120 2134
4008 4 2 1 1 1910 2120 2135 2134
4009 4 2 1 1 2120 1895 1910 1896
4010 4 2 1 1 1910 2120 1896 2121
4011 4 2 1 1 2121 1896 1910 1911
4012 4 2 1 1 1910 2120 2121 2135
4013 4 2 1 1 1911 1910 2121 2135
4014 4 2 1 1 1911 2121 2136 2135
4015 4 2 1 1 2121 1896 1911 1897
4016 4 2 1 1 1911 2121 1897 2122
4017 4 2 1 1 2122 1897 1911 1912
4018 4 2 1 1 1911 2121 2122 2136
4019 4 2 1 1 1912 1911 2122 2136
4020 4 2 1 1 1912 2122 2137 2136
4021 4 2 1 1 2122 1897 1912 1898
4022 4 2 1 1 1912 2122 1898 2123
4023 4 2 1 1 2123 1898 1912 1913
4024 4 2 1 1 1912 2122 2123 2137
4025 4 2 1 1 1913 1912 2123 2137
4026 4 2 1 1 1913 2123 2138 2137
4027 4 2 1 1 2123 1898 1913 437
4028 4 2 1 1 1913 2123 437 452
4029 4 2 1 1 452 437 1913 438
4030 4 2 1 1 1913 2123 452 2138
4031 4 2 1 1 438 1913 452 2138
4032 4 2 1 1 438 452 453 2138
4033 4 2 1 1 228 213 214 1899
4034 4 2 1 1 214 228 1899 2124
4035 4 2 1 1 2124 1899 214 1914
4036 4 2 1 1 214 228 2124 229
4037 4 2 1 1 1914 214 2124 229
4038 4 2 1 1 1914 2124 2139 229
4039 4 2 1 1 2124 1899 1914 1900
4040 4 2 1 1 1914 2124 1900 2125
4041 4 2 1 1 2125 1900 1914 1915
4042 4 2 1 1 1914 2124 2125 2139
4043 4 2 1 1 1915 1914 2125 2139
4044 4 2 1 1 1915 2125 2140 2139
4045 4 2 1 1 2125 1900 1915 1901
4046 4 2 1 1 1915 2125 1901 2126
4047 4 2 1 1 2126 1901 1915 1916
4048 4 2 1 1 1915 2125 2126 2140
4049 4 2 1 1 1916 1915 2126 2140
4050 4 2 1 1 1916 2126 2141 2140
4051 4 2 1 1 2126 1901 1916 1902
4052 4 2 1 1 1916 2126 1902 2127
4053 4 2 1 1 2127 1902 1916 1917
4054 4 2 1 1 1916 2126 2127 2141
4055 4 2 1 1 1917 1916 2127 2141
4056 4 2 1 1 1917 2127 2142 2141
4057 4 2 1 1 2127 1902 1917 1903
4058 4 2 1 1 1917 2127 1903 2128
4059 4 2 1 1 2128 1903 1917 1918
4060 4 2 1 1 1917 2127 2128 2142
4061 4 2 1 1 1918 1917 2128 2142
4062 4 2 1 1 1918 2128 2143 2142
4063 4 2 1 1 2128 1903 1918 1904
4064 4 2 1 1 1918 2128 1904 2129
4065 4 2 1 1 2129 1904 1918 1919
4066 4 2 1 1 1918 2128 2129 2143
4067 4 2 1 1 1919 1918 2129 2143
4068 4 2 1 1 1919 2129 2144 2143
4069 4 2 1 1 2129 1904 1919 1905
4070 4 2 1 1 1919 2129 1905 2130
4071 4 2 1 1 2130 1905 1919 1920
4072 4 2 1 1 1919 2129 2130 2144
4073 4 2 1 1 1920 1919 2130 2144
4074 4 2 1 1 1920 2130 2145 2144
4075 4 2 1 1 2130 1905 1920 1906
4076 4 2 1 1 1920 2130 1906 2131
4077 4 2 1 1 2131 1906 1920 1921
4078 4 2 1 1 1920 2130 2131 2145
4079 4 2 1 1 1921 1920 2131 2145
4080 4 2 1 1 1921 2131 2146 2145
4081 4 2 1 1 2131 1906 1921 1907
4082 4 2 1 1 1921 2131 1907 2132
4083 4 2 1 1 2132 1907 1921 1922
4084 4 2 1 1 1921 2131 2132 2146
4085 4 2 1 1 1922 1921 2132 2146
4086 4 2 1 1 1922 2132 2147 2146
4087 4 2 1 1 2132 1907 1922 1908
4088 4 2 1 1 1922 2132 1908 2133
4089 4 2 1 1 2133 1908 1922 1923
4090 4 2 1 1 1922 2132 2133 2147
4091 4 2 1 1 1923 1922 2133 2147
4092 4 2 1 1 1923 2133 2148 2147
4093 4 2 1 1 2133 1908 1923 1909
4094 4 2 1 1 1923 2133 1909 2134
4095 4 2 1 1 2134 1909 1923 1924
4096 4 2 1 1 1923 2133 2134 2148
4097 4 2 1 1 1924 1923 2134 2148
4098 4 2 1 1 1924 2134 2149 2148
4099 4 2 1 1 2134 1909 1924 1910
4100 4 2 1 1 1924 2134 1910 2135
4101 4 2 1 1 2135 1910 1924 1925
4102 4 2 1 1 1924 2134 2135 2149
4103 4 2 1 1 1925 1924 2135 2149
4104 4 2 1 1 1925 2135 2150 2149
4105 4 2 1 1 2135 1910 1925 1911
4106 4 2 1 1 1925 2135 1911 2136
4107 4 2 1 1 2136 1911 1925 1926
4108 4 2 1 1 1925 2135 2136 2150
4109 4 2 1 1 1926 1925 2136 2150
4110 4 2 1 1 1926 2136 2151 2150
4111 4 2 1 1 2136 1911 1926 1912
4112 4 2 1 1 1926 2136 1912 2137
4113 4 2 1 1 2137 1912 1926 1927
4114 4 2 1 1 1926 2136 2137 2151
4115 4 2 1 1 1927 1926 2137 2151
4116 4 2 1 1 1927 2137 2152 2151
4117 4 2 1 1 2137 1912 1927 1913
4118 4 2 1 1 1927 2137 1913 2138
4119 4 2 1 1 2138 1913 1927 1928
4120 4 2 1 1 1927 2137 2138 2152
4121 4 2 1 1 1928 1927 2138 2152
4122 4 2 1 1 1928 2138 2153 2152
4123 4 2 1 1 2138 1913 1928 438
4124 4 2 1 1 1928 2138 438 453
4125 4 2 1 1 453 438 1928 439
4126 4 2 1 1 1928 2138 453 2153
4127 4 2 1 1 439 1928 453 2153
4128 4 2 1 1 439 453 454 2153
4129 4 2 1 1 229 214 215 1914
4130 4 2 1 1 215 229 1914 2139
4131 4 2 1 1 2139 1914 215 1929
4132 4 2 1 1 215 229 2139 230
4133 4 2 1 1 1929 215 2139 230
4134 4 2 1 1 1929 2139 2154 230
4135 4 2 1 1 2139 1914 1929 1915
4136 4 2 1 1 1929 2139 1915 2140
4137 4 2 1 1 2140 1915 1929 1930
4138 4 2 1 1 1929 2139 2140 2154
4139 4 2 1 1 1930 1929 2140 2154
4140 4 2 1 1 1930 2140 2155 2154
4141 4 2 1 1 2140 1915 1930 1916
4142 4 2 1 1 1930 2140 1916 2141
4143 4 2 1 1 2141 1916 1930 1931
4144 4 2 1 1 1930 2140 2141 2155
4145 4 2 1 1 1931 1930 2141 2155
4146 4 2 1 1 1931 2141 2156 2155
4147 4 2 1 1 2141 1916 1931 1917
4148 4 2 1 1 1931 2141 1917 2142
4149 4 2 1 1 2142 1917 1931 1932
4150 4 2 1 1 1931 2141 2142 2156
4151 4 2 1 1 1932 1931 2142 2156
4152 4 2 1 1 1932 2142 2157 2156
4153 4 2 1 1 2142 1917 1932 1918
4154 4 2 1 1 1932 2142 1918 2143
4155 4 2 1 1 2143 1918 1932 1933
4156 4 2 1 1 1932 2142 2143 2157
4157 4 2 1 1 1933 1932 2143 2157
4158 4 2 1 1 1933 2143 2158 2157
4159 4 2 1 1 2143 1918 1933 1919
4160 4 2 1 1 1933 2143 1919 2144
4161 4 2 1 1 2144 1919 1933 1934
4162 4 2 1 1 1933 2143 2144 2158
4163 4 2 1 1 1934 1933 2144 2158
4164 4 2 1 1 1934 2144 2159 2158
4165 4 2 1 1 2144 1919 1934 1920
4166 4 2 1 1 1934 2144 1920 2145
4167 4 2 1 1 2145 1920 1934 1935
4168 4 2 1 1 1934 2144 2145 2159
4169 4 2 1 1 1935 1934 2145 2159
4170 4 2 1 1 1935 2145 2160 2159
4171 4 2 1 1 2145 1920 1935 1921
4172 4 2 1 1 1935 2145 1921 2146
4173 4 2 1 1 2146 1921 1935 1936
4174 4 2 1 1 1935 2145 2146 2160
4175 4 2 1 1 1936 1935 2146 2160
4176 4 2 1 1 1936 2146 2161 2160
4177 4 2 1 1 2146 1921 1936 1922
4178 4 2 1 1 1936 2146 1922 2147
4179 4 2 1 1 2147 1922 1936 1937
4180 4 2 1 1 1936 2146 2147 2161
4181 4 2 1 1 1937 1936 2147 2161
4182 4 2 1 1 1937 2147 2162 2161
4183 4 2 1 1 2147 1922 1937 1923
4184 4 2 1 1 1937 2147 1923 2148
4185 4 2 1 1 2148 1923 1937 1938
4186 4 2 1 1 1937 2147 2148 2162
4187 4 2 1 1 1938 1937 2148 2162
4188 4 2 1 1 1938 2148 2163 2162
4189 4 2 1 1 2148 1923 1938 1924
4190 4 2 1 1 1938 2148 1924 2149
4191 4 2 1 1 2149 1924 1938 1939
4192 4 2 1 1 1938 2148 2149 2163
4193 4 2 1 1 1939 1938 2149 2163
4194 4 2 1 1 1939 2149 2164 2163
4195 4 2 1 1 2149 1924 1939 1925
4196 4 2 1 1 1939 2149 1925 2150
4197 4 2 1 1 2150 1925 1939 1940
4198 4 2 1 1 1939 2149 2150 2164
4199 4 2 1 1 1940 1939 2150 2164
4200 4 2 1 1 1940 2150 2165 2164
4201 4 2 1 1 2150 1925 1940 1926
4202 4 2 1 1 1940 2150 1926 2151
4203 4 2 1 1 2151 1926 1940 1941
4204 4 2 1 1 1940 2150 2151 2165
4205 4 2 1 1 1941 1940 2151 2165
4206 4 2 1 1 1941 2151 2166 2165
4207 4 2 1 1 2151 1926 1941 1927
4208 4 2 1 1 1941 2151 1927 2152
4209 4 2 1 1 2152 1927 1941 1942
4210 4 2 1 1 1941 2151 2152 2166
4211 4 2 1 1 1942 1941 2152 2166
4212 4 2 1 1 1942 2152 2167 2166
4213 4 2 1 1 2152 1927 1942 1928
4214 4 2 1 1 1942 2152 1928 2153
4215 4 2 1 1 2153 1928 1942 1943
4216 4 2 1 1 1942 2152 2153 2167
4217 4 2 1 1 1943 1942 2153 2167
4218 4 2 1 1 1943 2153 2168 2167
4219 4 2 1 1 2153 1928 1943 439
4220 4 2 1 1 1943 2153 439 454
4221 4 2 1 1 454 439 1943 440
4222 4 2 1 1 1943 2153 454 2168
4223 4 2 1 1 440 1943 454 2168
4224 4 2 1 1 440 454 455 2168
4225 4 2 1 1 230 215 216 1929
4226 4 2 1 1 216 230 1929 2154
4227 4 2 1 1 2154 1929 216 1944
4228 4 2 1 1 216 230 2154 231
4229 4 2 1 1 1944 216 2154 231
4230 4 2 1 1 1944 2154 2169 231
4231 4 2 1 1 2154 1929 1944 1930
4232 4 2 1 1 1944 2154 1930 2155
4233 4 2 1 1 2155 1930 1944 1945
4234 4 2 1 1 1944 2154 2155 2169
4235 4 2 1 1 1945 1944 2155 2169
4236 4 2 1 1 1945 2155 2170 2169
4237 4 2 1 1 2155 1930 1945 1931
4238 4 2 1 1 1945 2155 1931 2156
4239 4 2 1 1 2156 1931 1945 1946
4240 4 2 1 1 1945 2155 2156 2170
4241 4 2 1 1 1946 1945 2156 2170
4242 4 2 1 1 1946 2156 2171 2170
4243 4 2 1 1 2156 1931 1946 1932
4244 4 2 1 1 1946 2156 1932 2157
4245 4 2 1 1 2157 1932 1946 1947
4246 4 2 1 1 1946 2156 2157 2171
4247 4 2 1 1 1947 1946 2157 2171
4248 4 2 1 1 1947 2157 2172 2171
4249 4 2 1 1 2157 1932 1947 1933
4250 4 2 1 1 1947 2157 1933 2158
4251 4 2 1 1 2158 1933 1947 1948
4252 4 2 1 1 1947 2157 2158 2172
4253 4 2 1 1 1948 1947 2158 2172
4254 4 2 1 1 1948 2158 2173 2172
4255 4 2 1 1 2158 1933 1948 1934
4256 4 2 1 1 1948 2158 1934 2159
4257 4 2 1 1 2159 1934 1948 1949
4258 4 2 1 1 1948 2158 2159 2173
4259 4 2 1 1 1949 1948 2159 2173
4260 4 2 1 1 1949 2159 2174 2173
4261 4 2 1 1 2159 1934 1949 1935
4262 4 2 1 1 1949 2159 1935 2160
4263 4 2 1 1 2160 1935 1949 1950
4264 4 2 1 1 1949 2159 2160 2174
4265 4 2 1 1 1950 1949 2160 2174
4266 4 2 1 1 1950 2160 2175 2174
4267 4 2 1 1 2160 1935 1950 1936
4268 4 2 1 1 1950 2160 1936 2161
4269 4 2 1 1 2161 1936 1950 1951
4270 4 2 1 1 1950 2160 2161 2175
4271 4 2 1 1 1951 1950 2161 2175
4272 4 2 1 1 1951 2161 2176 2175
4273 4 2 1 1 2161 1936 1951 1937
4274 4 2 1 1 1951 2161 1937 2162
4275 4 2 1 1 2162 1937 1951 1952
4276 4 2 1 1 1951 2161 2162 2176
4277 4 2 1 1 1952 1951 2162 2176
4278 4 2 1 1 1952 2162 2177 2176
4279 4 2 1 1 2162 1937 1952 1938
4280 4 2 1 1 1952 2162 1938 2163
4281 4 2 1 1 2163 1938 1952 1953
4282 4 2 1 1 1952 2162 2163 2177
4283 4 2 1 1 1953 1952 2163 2177
4284 4 2 1 1 1953 2163 2178 2177
4285 4 2 1 1 2163 1938 1953 1939
4286 4 2 1 1 1953 2163 1939 2164
4287 4 2 1 1 2164 1939 1953 1954
4288 4 2 1 1 1953 2163 2164 2178
4289 4 2 1 1 1954 1953 2164 2178
4290 4 2 1 1 1954 2164 2179 2178
4291 4 2 1 1 2164 1939 1954 1940
4292 4 2 1 1 1954 2164 1940 2165
4293 4 2 1 1 2165 1940 1954 1955
4294 4 2 1 1 1954 2164 2165 2179
4295 4 2 1 1 1955 1954 2165 2179
4296 4 2 1 1 1955 2165 2180 2179
4297 4 2 1 1 2165 1940 1955 1941
4298 4 2 1 1 1955 2165 1941 2166
4299 4 2 1 1 2166 1941 1955 1956
4300 4 2 1 1 1955 2165 2166 2180
4301 4 2 1 1 1956 1955 2166 2180
4302 4 2 1 1 1956 2166 2181 2180
4303 4 2 1 1 2166 1941 1956 1942
4304 4 2 1 1 1956 2166 1942 2167
4305 4 2 1 1 2167 1942 1956 1957
4306 4 2 1 1 1956 2166 2167 2181
4307 4 2 1 1 1957 1956 2167 2181
4308 4 2 1 1 1957 2167 2182 2181
4309 4 2 1 1 2167 1942 1957 1943
4310 4 2 1 1 1957 2167 1943 2168
4311 4 2 1 1 2168 1943 1957 1958
4312 4 2 1 1 1957 2167 2168 2182
4313 4 2 1 1 1958 1957 2168 2182
4314 4 2 1 1 1958 2168 2183 2182
4315 4 2 1 1 2168 1943 1958 440
4316 4 2 1 1 1958 2168 440 455
4317 4 2 1 1 455 440 1958 441
4318 4 2 1 1 1958 2168 455 2183
4319 4 2 1 1 441 1958 455 2183
4320 4 2 1 1 441 455 456 2183
4321 4 2 1 1 231 216 217 1944
4322 4 2 1 1 217 231 1944 2169
4323 4 2 1 1 2169 1944 217 1959
4324 4 2 1 1 217 231 2169 232
4325 4 2 1 1 1959 217 2169 232
4326 4 2 1 1 1959 2169 2184 232
4327 4 2 1 1 2169 1944 1959 1945
4328 4 2 1 1 1959 2169 1945 2170
4329 4 2 1 1 2170 1945 1959 1960
4330 4 2 1 1 1959 2169 2170 2184
4331 4 2 1 1 1960 1959 2170 2184
4332 4 2 1 1 1960 2170 2185 2184
4333 4 2 1 1 2170 1945 1960 1946
4334 4 2 1 1 1960 2170 1946 2171
4335 4 2 1 1 2171 1946 1960 1961
4336 4 2 1 1 1960 2170 2171 2185
4337 4 2 1 1 1961 1960 2171 2185
4338 4 2 1 1 1961 2171 2186 2185
4339 4 2 1 1 2171 1946 1961 1947
4340 4 2 1 1 1961 2171 1947 2172
4341 4 2 1 1 2172 1947 1961 1962
4342 4 2 1 1 1961 2171 2172 2186
4343 4 2 1 1 1962 1961 2172 2186
4344 4 2 1 1 1962 2172 2187 2186
4345 4 2 1 1 2172 1947 1962 1948
4346 4 2 1 1 1962 2172 1948 2173
4347 4 2 1 1 2173 1948 1962 1963
4348 4 2 1 1 1962 2172 2173 2187
4349 4 2 1 1 1963 1962 2173 2187
4350 4 2 1 1 1963 2173 2188 2187
4351 4 2 1 1 2173 1948 1963 1949
4352 4 2 1 1 1963 2173 1949 2174
4353 4 2 1 1 2174 1949 1963 1964
4354 4 2 1 1 1963 2173 2174 2188
4355 4 2 1 1 1964 1963 2174 2188
4356 4 2 1 1 1964 2174 2189 2188
4357 4 2 1 1 2174 1949 1964 1950
4358 4 2 1 1 1964 2174 1950 2175
4359 4 2 1 1 2175 1950 1964 1965
4360 4 2 1 1 1964 2174 2175 2189
4361 4 2 1 1 1965 1964 2175 2189
4362 4 2 1 1 1965 2175 2190 2189
4363 4 2 1 1 2175 1950 1965 1951
4364 4 2 1 1 1965 2175 1951 2176
4365 4 2 1 1 2176 1951 1965 1966
4366 4 2 1 1 1965 2175 2176 2190
4367 4 2 1 1 1966 1965 2176 2190
4368 4 2 1 1 1966 2176 2191 2190
4369 4 2 1 1 2176 1951 1966 1952
4370 4 2 1 1 1966 2176 1952 2177
4371 4 2 1 1 2177 1952 1966 1967
4372 4 2 1 1 1966 2176 2177 2191
4373 4 2 1 1 1967 1966 2177 2191
4374 4 2 1 1 1967 2177 2192 2191
4375 4 2 1 1 2177 1952 1967 1953
4376 4 2 1 1 1967 2177 1953 2178
4377 4 2 1 1 2178 1953 1967 1968
4378 4 2 1 1 1967 2177 2178 2192
4379 4 2 1 1 1968 1967 2178 2192
4380 4 2 1 1 1968 2178 2193 2192
4381 4 2 1 1 2178 1953 1968 1954
4382 4 2 1 1 1968 2178 1954 2179
4383 4 2 1 1 2179 1954 1968 1969
4384 4 2 1 1 1968 2178 2179 2193
4385 4 2 1 1 1969 1968 2179 2193
4386 4 2 1 1 1969 2179 2194 2193
4387 4 2 1 1 2179 1954 1969 1955
4388 4 2 1 1 1969 2179 1955 2180
4389 4 2 1 1 2180 1955 1969 1970
4390 4 2 1 1 1969 2179 2180 2194
4391 4 2 1 1 1970 1969 2180 2194
4392 4 2 1 1 1970 2180 2195 2194
4393 4 2 1 1 2180 1955 1970 1956
4394 4 2 1 1 1970 2180 1956 2181
4395 4 2 1 1 2181 1956 1970 1971
4396 4 2 1 1 1970 2180 2181 2195
4397 4 2 1 1 1971 1970 2181 2195
4398 4 2 1 1 1971 2181 2196 2195
4399 4 2 1 1 2181 1956 1971 1957
4400 4 2 1 1 1971 2181 1957 2182
4401 4 2 1 1 2182 1957 1971 1972
4402 4 2 1 1 1971 2181 2182 2196
4403 4 2 1 1 1972 1971 2182 2196
4404 4 2 1 1 1972 2182 2197 2196
4405 4 2 1 1 2182 1957 1972 1958
4406 4 2 1 1 1972 2182 1958 2183
4407 4 2 1 1 2183 1958 1972 1973
4408 4 2 1 1 1972 2182 2183 2197
4409 4 2 1 1 1973 1972 2183 2197
4410 4 2 1 1 1973 2183 2198 2197
4411 4 2 1 1 2183 1958 1973 441
4412 4 2 1 1 1973 2183 441 456
4413 4 2 1 1 456 441 1973 442
4414 4 2 1 1 1973 2183 456 2198
4415 4 2 1 1 442 1973 456 2198
4416 4 2 1 1 442 456 457 2198
4417 4 2 1 1 232 217 218 1959
4418 4 2 1 1 218 232 1959 2184
4419 4 2 1 1 2184 1959 218 1974
4420 4 2 1 1 218 232 2184 233
4421 4 2 1 1 1974 218 2184 233
4422 4 2 1 1 1974 2184 2199 233
4423 4 2 1 1 2184 1959 1974 1960
4424 4 2 1 1 1974 2184 1960 2185
4425 4 2 1 1 2185 1960 1974 1975
4426 4 2 1 1 1974 2184 2185 2199
4427 4 2 1 1 1975 1974 2185 2199
4428 4 2 1 1 1975 2185 2200 2199
4429 4 2 1 1 2185 1960 1975 1961
4430 4 2 1 1 1975 2185 1961 2186
4431 4 2 1 1 2186 1961 1975 1976
4432 4 2 1 1 1975 2185 2186 2200
4433 4 2 1 1 1976 1975 2186 2200
4434 4 2 1 1 1976 2186 2201 2200
4435 4 2 1 1 2186 1961 1976 1962
4436 4 2 1 1 1976 2186 1962 2187
4437 4 2 1 1 2187 1962 1976 1977
4438 4 2 1 1 1976 2186 2187 2201
4439 4 2 1 1 1977 1976 2187 2201
4440 4 2 1 1 1977 2187 2202 2201
4441 4 2 1 1 2187 1962 1977 1963
4442 4 2 1 1 1977 2187 1963 2188
4443 4 2 1 1 2188 1963 1977 1978
4444 4 2 1 1 1977 2187 2188 2202
4445 4 2 1 1 1978 1977 2188 2202
4446 4 2 1 1 1978 2188 2203 2202
4447 4 2 1 1 2188 1963 1978 1964
4448 4 2 1 1 1978 2188 1964 2189
4449 4 2 1 1 2189 1964 1978 1979
4450 4 2 1 1 1978 2188 2189 2203
4451 4 2 1 1 1979 1978 2189 2203
4452 4 2 1 1 1979 2189 2204 2203
4453 4 2 1 1 2189 1964 1979 1965
4454 4 2 1 1 1979 2189 1965 2190
4455 4 2 1 1 2190 1965 1979 1980
4456 4 2 1 1 1979 2189 2190 2204
4457 4 2 1 1 1980 1979 2190 2204
4458 4 2 1 1 1980 2190 2205 2204
4459 4 2 1 1 2190 1965 1980 1966
4460 4 2 1 1 1980 2190 1966 2191
4461 4 2 1 1 2191 1966 1980 1981
4462 4 2 1 1 1980 2190 2191 2205
4463 4 2 1 1 1981 1980 2191 2205
4464 4 2 1 1 1981 2191 2206 2205
4465 4 2 1 1 2191 1966 1981 1967
4466 4 2 1 1 1981 2191 1967 2192
4467 4 2 1 1 2192 1967 1981 1982
4468 4 2 1 1 1981 2191 2192 2206
4469 4 2 1 1 1982 1981 2192 2206
4470 4 2 1 1 1982 2192 2207 2206
4471 4 2 1 1 2192 1967 1982 1968
4472 4 2 1 1 1982 2192 1968 2193
4473 4 2 1 1 2193 1968 1982 1983
4474 4 2 1 1 1982 2192 2193 2207
4475 4 2 1 1 1983 1982 2193 2207
4476 4 2 1 1 1983 2193 2208 2207
4477 4 2 1 1 2193 1968 1983 1969
4478 4 2 1 1 1983 2193 1969 2194
4479 4 2 1 1 2194 1969 1983 1984
4480 4 2 1 1 1983 2193 2194 2208
4481 4 2 1 1 1984 1983 2194 2208
4482 4 2 1 1 1984 2194 2209 2208
4483 4 2 1 1 2194 1969 1984 1970
4484 4 2 1 1 1984 2194 1970 2195
4485 4 2 1 1 2195 1970 1984 1985
4486 4 2 1 1 1984 2194 2195 2209
4487 4 2 1 1 1985 1984 2195 2209
4488 4 2 1 1 1985 2195 2210 2209
4489 4 2 1 1 2195 1970 1985 1971
4490 4 2 1 1 1985 2195 1971 2196
4491 4 2 1 1 2196 1971 1985 1986
4492 4 2 1 1 1985 2195 2196 2210
4493 4 2 1 1 1986 1985 2196 2210
4494 4 2 1 1 1986 2196 2211 2210
4495 4 2 1 1 2196 1971 1986 1972
4496 4 2 1 1 1986 2196 1972 2197
4497 4 2 1 1 2197 1972 1986 1987
4498 4 2 1 1 1986 2196 2197 2211
4499 4 2 1 1 1987 1986 2197 2211
4500 4 2 1 1 1987 2197 2212 2211
4501 4 2 1 1 2197 1972 1987 1973
4502 4 2 1 1 1987 2197 1973 2198
4503 4 2 1 1 2198 1973 1987 1988
4504 4 2 1 1 1987 2197 2198 2212
4505 4 2 1 1 1988 1987 2198 2212
4506 4 2 1 1 1988 2198 2213 2212
4507 4 2 1 1 2198 1973 1988 442
4508 4 2 1 1 1988 2198 442 457
4509 4 2 1 1 457 442 1988 443
4510 4 2 1 1 1988 2198 457 2213
4511 4 2 1 1 443 1988 457 2213
4512 4 2 1 1 443 457 458 2213
4513 4 2 1 1 233 218 40 1974
4514 4 2 1 1 40 233 1974 2199
4515 4 2 1 1 2199 1974 40 865
4516 4 2 1 1 40 233 2199 41
4517 4 2 1 1 865 40 2199 41
4518 4 2 1 1 865 2199 866 41
4519 4 2 1 1 2199 1974 865 1975
4520 4 2 1 1 865 2199 1975 2200
4521 4 2 1 1 2200 1975 865 880
4522 4 2 1 1 865 2199 2200 866
4523 4 2 1 1 880 865 2200 866
4524 4 2 1 1 880 2200 881 866
4525 4 2 1 1 2200 1975 880 1976
4526 4 2 1 1 880 2200 1976 2201
4527 4 2 1 1 2201 1976 880 895
4528 4 2 1 1 880 2200 2201 881
4529 4 2 1 1 895 880 2201 881
4530 4 2 1 1 895 2201 896 881
4531 4 2 1 1 2201 1976 895 1977
4532 4 2 1 1 895 2201 1977 2202
4533 4 2 1 1 2202 1977 895 910
4534 4 2 1 1 895 2201 2202 896
4535 4 2 1 1 910 895 2202 896
4536 4 2 1 1 910 2202 911 896
4537 4 2 1 1 2202 1977 910 1978
4538 4 2 1 1 910 2202 1978 2203
4539 4 2 1 1 2203 1978 910 925
4540 4 2 1 1 910 2202 2203 911
4541 4 2 1 1 925 910 2203 911
4542 4 2 1 1 925 2203 926 911
4543 4 2 1 1 2203 1978 925 1979
4544 4 2 1 1 925 2203 1979 2204
4545 4 2 1 1 2204 1979 925 940
4546 4 2 1 1 925 2203 2204 926
4547 4 2 1 1 940 925 2204 926
4548 4 2 1 1 940 2204 941 926
4549 4 2 1 1 2204 1979 940 1980
4550 4 2 1 1 940 2204 1980 2205
4551 4 2 1 1 2205 1980 940 955
4552 4 2 1 1 940 2204 2205 941
4553 4 2 1 1 955 940 2205 941
4554 4 2 1 1 955 2205 956 941
4555 4 2 1 1 2205 1980 955 1981
4556 4 2 1 1 955 2205 1981 2206
4557 4 2 1 1 2206 1981 955 970
4558 4 2 1 1 955 2205 2206 956
4559 4 2 1 1 970 955 2206 956
4560 4 2 1 1 970 2206 971 956
4561 4 2 1 1 2206 1981 970 1982
4562 4 2 1 1 970 2206 1982 2207
4563 4 2 1 1 2207 1982 970 985
4564 4 2 1 1 970 2206 2207 971
4565 4 2 1 1 985 970 2207 971
4566 4 2 1 1 985 2207 986 971
4567 4 2 1 1 2207 1982 985 1983
4568 4 2 1 1 985 2207 1983 2208
4569 4 2 1 1 2208 1983 985 1000
4570 4 2 1 1 985 2207 2208 986
4571 4 2 1 1 1000 985 2208 986
4572 4 2 1 1 1000 2208 1001 986
4573 4 2 1 1 2208 1983 1000 1984
4574 4 2 1 1 1000 2208 1984 2209
4575 4 2 1 1 2209 1984 1000 1015
4576 4 2 1 1 1000 2208 2209 1001
4577 4 2 1 1 1015 1000 2209 1001
4578 4 2 1 1 1015 2209 1016 1001
4579 4 2 1 1 2209 1984 1015 1985
4580 4 2 1 1 1015 2209 1985 2210
4581 4 2 1 1 2210 1985 1015 1030
4582 4 2 1 1 1015 2209 2210 1016
4583 4 2 1 1 1030 1015 2210 1016
4584 4 2 1 1 1030 2210 1031 1016
4585 4 2 1 1 2210 1985 1030 1986
4586 4 2 1 1 1030 2210 1986 2211
4587 4 2 1 1 2211 1986 1030 1045
4588 4 2 1 1 1030 2210 2211 1031
4589 4 2 1 1 1045 1030 2211 1031
4590 4 2 1 1 1045 2211 1046 1031
4591 4 2 1 1 2211 1986 1045 1987
4592 4 2 1 1 1045 2211 1987 2212
4593 4 2 1 1 2212 1987 1045 1060
4594 4 2 1 1 1045 2211 2212 1046
4595 4 2 1 1 1060 1045 2212 1046
4596 4 2 1 1 1060 2212 1061 1046
4597 4 2 1 1 2212 1987 1060 1988
4598 4 2 1 1 1060 2212 1988 2213
4599 4 2 1 1 2213 1988 1060 1075
4600 4 2 1 1 1060 2212 2213 1061
4601 4 2 1 1 1075 1060 2213 1061
4602 4 2 1 1 1075 2213 1076 1061
4603 4 2 1 1 2213 1988 1075 443
4604 4 2 1 1 1075 2213 443 458
4605 4 2 1 1 458 443 1075 100
4606 4 2 1 1 1075 2213 458 1076
4607 4 2 1 1 100 1075 458 1076
4608 4 2 1 1 100 458 101 1076
4609 4 2 1 1 12 11 219 641
4610 4 2 1 1 219 12 641 642
4611 4 2 1 1 642 641 219 1989
4612 4 2 1 1 219 12 642 234
4613 4 2 1 1 1989 219 642 234
4614 4 2 1 1 1989 642 2214 234
4615 4 2 1 1 642 641 1989 656
4616 4 2 1 1 1989 642 656 657
4617 4 2 1 1 657 656 1989 1990
4618 4 2 1 1 1989 642 657 2214
4619 4 2 1 1 1990 1989 657 2214
4620 4 2 1 1 1990 657 2215 2214
4621 4 2 1 1 657 656 1990 671
4622 4 2 1 1 1990 657 671 672
4623 4 2 1 1 672 671 1990 1991
4624 4 2 1 1 1990 657 672 2215
4625 4 2 1 1 1991 1990 672 2215
4626 4 2 1 1 1991 672 2216 2215
4627 4 2 1 1 672 671 1991 686
4628 4 2 1 1 1991 672 686 687
4629 4 2 1 1 687 686 1991 1992
4630 4 2 1 1 1991 672 687 2216
4631 4 2 1 1 1992 1991 687 2216
4632 4 2 1 1 1992 687 2217 2216
4633 4 2 1 1 687 686 1992 701
4634 4 2 1 1 1992 687 701 702
4635 4 2 1 1 702 701 1992 1993
4636 4 2 1 1 1992 687 702 2217
4637 4 2 1 1 1993 1992 702 2217
4638 4 2 1 1 1993 702 2218 2217
4639 4 2 1 1 702 701 1993 716
4640 4 2 1 1 1993 702 716 717
4641 4 2 1 1 717 716 1993 1994
4642 4 2 1 1 1993 702 717 2218
4643 4 2 1 1 1994 1993 717 2218
4644 4 2 1 1 1994 717 2219 2218
4645 4 2 1 1 717 716 1994 731
4646 4 2 1 1 1994 717 731 732
4647 4 2 1 1 732 731 1994 1995
4648 4 2 1 1 1994 717 732 2219
4649 4 2 1 1 1995 1994 732 2219
4650 4 2 1 1 1995 732 2220 2219
4651 4 2 1 1 732 731 1995 746
4652 4 2 1 1 1995 732 746 747
4653 4 2 1 1 747 746 1995 1996
4654 4 2 1 1 1995 732 747 2220
4655 4 2 1 1 1996 1995 747 2220
4656 4 2 1 1 1996 747 2221 2220
4657 4 2 1 1 747 746 1996 761
4658 4 2 1 1 1996 747 761 762
4659 4 2 1 1 762 761 1996 1997
4660 4 2 1 1 1996 747 762 2221
4661 4 2 1 1 1997 1996 762 2221
4662 4 2 1 1 1997 762 2222 2221
4663 4 2 1 1 762 761 1997 776
4664 4 2 1 1 1997 762 776 777
4665 4 2 1 1 777 776 1997 1998
4666 4 2 1 1 1997 762 777 2222
4667 4 2 1 1 1998 1997 777 2222
4668 4 2 1 1 1998 777 2223 2222
4669 4 2 1 1 777 776 1998 791
4670 4 2 1 1 1998 777 791 792
4671 4 2 1 1 792 791 1998 1999
4672 4 2 1 1 1998 777 792 2223
4673 4 2 1 1 1999 1998 792 2223
4674 4 2 1 1 1999 792 2224 2223
4675 4 2 1 1 792 791 1999 806
4676 4 2 1 1 1999 792 806 807
4677 4 2 1 1 807 806 1999 2000
4678 4 2 1 1 1999 792 807 2224
4679 4 2 1 1 2000 1999 807 2224
4680 4 2 1 1 2000 807 2225 2224
4681 4 2 1 1 807 806 2000 821
4682 4 2 1 1 2000 807 821 822
4683 4 2 1 1 822 821 2000 2001
4684 4 2 1 1 2000 807 822 2225
4685 4 2 1 1 2001 2000 822 2225
4686 4 2 1 1 2001 822 2226 2225
4687 4 2 1 1 822 821 2001 836
4688 4 2 1 1 2001 822 836 837
4689 4 2 1 1 837 836 2001 2002
4690 4 2 1 1 2001 822 837 2226
4691 4 2 1 1 2002 2001 837 2226
4692 4 2 1 1 2002 837 2227 2226
4693 4 2 1 1 837 836 2002 851
4694 4 2 1 1 2002 837 851 852
4695 4 2 1 1 852 851 2002 2003
4696 4 2 1 1 2002 837 852 2227
4697 4 2 1 1 2003 2002 852 2227
4698 4 2 1 1 2003 852 2228 2227
4699 4 2 1 1 852 851 2003 71
4700 4 2 1 1 2003 852 71 72
4701 4 2 1 1 72 71 2003 444
4702 4 2 1 1 2003 852 72 2228
4703 4 2 1 1 444 2003 72 2228
4704 4 2 1 1 444 72 459 2228
4705 4 2 1 1 234 219 220 1989
4706 4 2 1 1 220 234 1989 2214
4707 4 2 1 1 2214 1989 220 2004
4708 4 2 1 1 220 234 2214 235
4709 4 2 1 1 2004 220 2214 235
4710 4 2 1 1 2004 2214 2229 235
4711 4 2 1 1 2214 1989 2004 1990
4712 4 2 1 1 2004 2214 1990 2215
4713 4 2 1 1 2215 1990 2004 2005
4714 4 2 1 1 2004 2214 2215 2229
4715 4 2 1 1 2005 2004 2215 2229
4716 4 2 1 1 2005 2215 2230 2229
4717 4 2 1 1 2215 1990 2005 1991
4718 4 2 1 1 2005 2215 1991 2216
4719 4 2 1 1 2216 1991 2005 2006
4720 4 2 1 1 2005 2215 2216 2230
4721 4 2 1 1 2006 2005 2216 2230
4722 4 2 1 1 2006 2216 2231 2230
4723 4 2 1 1 2216 1991 2006 1992
4724 4 2 1 1 2006 2216 1992 2217
4725 4 2 1 1 2217 1992 2006 2007
4726 4 2 1 1 2006 2216 2217 2231
4727 4 2 1 1 2007 2006 2217 2231
4728 4 2 1 1 2007 2217 2232 2231
4729 4 2 1 1 2217 1992 2007 1993
4730 4 2 1 1 2007 2217 1993 2218
4731 4 2 1 1 2218 1993 2007 2008
4732 4 2 1 1 2007 2217 2218 2232
4733 4 2 1 1 2008 2007 2218 2232
4734 4 2 1 1 2008 2218 2233 2232
4735 4 2 1 1 2218 1993 2008 1994
4736 4 2 1 1 2008 2218 1994 2219
4737 4 2 1 1 2219 1994 2008 2009
4738 4 2 1 1 2008 2218 2219 2233
4739 4 2 1 1 2009 2008 2219 2233
4740 4 2 1 1 2009 2219 2234 2233
4741 4 2 1 1 2219 1994 2009 1995
4742 4 2 1 1 2009 2219 1995 2220
4743 4 2 1 1 2220 1995 2009 2010
4744 4 2 1 1 2009 2219 2220 2234
4745 4 2 1 1 2010 2009 2220 2234
4746 4 2 1 1 2010 2220 2235 2234
4747 4 2 1 1 2220 1995 2010 1996
4748 4 2 1 1 2010 2220 1996 2221
4749 4 2 1 1 2221 1996 2010 2011
4750 4 2 1 1 2010 2220 2221 2235
4751 4 2 1 1 2011 2010 2221 2235
4752 4 2 1 1 2011 2221 2236 2235
4753 4 2 1 1 2221 1996 2011 1997
4754 4 2 1 1 2011 2221 1997 2222
4755 4 2 1 1 2222 1997 2011 2012
4756 4 2 1 1 2011 2221 2222 2236
4757 4 2 1 1 2012 2011 2222 2236
4758 4 2 1 1 2012 2222 2237 2236
4759 4 2 1 1 2222 1997 2012 1998
4760 4 2 1 1 2012 2222 1998 2223
4761 4 2 1 1 2223 1998 2012 2013
4762 4 2 1 1 2012 2222 2223 2237
4763 4 2 1 1 2013 2012 2223 2237
4764 4 2 1 1 2013 2223 2238 2237
4765 4 2 1 1 2223 1998 2013 1999
4766 4 2 1 1 2013 2223 1999 2224
4767 4 2 1 1 2224 1999 2013 2014
4768 4 2 1 1 2013 2223 2224 2238
4769 4 2 1 1 2014 2013 2224 2238
4770 4 2 1 1 2014 2224 2239 2238
4771 4 2 1 1 2224 1999 2014 2000
4772 4 2 1 1 2014 2224 2000 2225
4773 4 2 1 1 2225 2000 2014 2015
4774 4 2 1 1 2014 2224 2225 2239
4775 4 2 1 1 2015 2014 2225 2239
4776 4 2 1 1 2015 2225 2240 2239
4777 4 2 1 1 2225 2000 2015 2001
4778 4 2 1 1 2015 2225 2001 2226
4779 4 2 1 1 2226 2001 2015 2016
4780 4 2 1 1 2015 2225 2226 2240
4781 4 2 1 1 2016 2015 2226 2240
4782 4 2 1 1 2016 2226 2241 2240
4783 4 2 1 1 2226 2001 2016 2002
4784 4 2 1 1 2016 2226 2002 2227
4785 4 2 1 1 2227 2002 2016 2017
4786 4 2 1 1 2016 2226 2227 2241
4787 4 2 1 1 2017 2016 2227 2241
4788 4 2 1 1 2017 2227 2242 2241
4789 4 2 1 1 2227 2002 2017 2003
4790 4 2 1 1 2017 2227 2003 2228
4791 4 2 1 1 2228 2003 2017 2018
4792 4 2 1 1 2017 2227 2228 2242
4793 4 2 1 1 2018 2017 2228 2242
4794 4 2 1 1 2018 2228 2243 2242
4795 4 2 1 1 2228 2003 2018 444
4796 4 2 1 1 2018 2228 444 459
4797 4 2 1 1 459 444 2018 445
4798 4 2 1 1 2018 2228 459 2243
4799 4 2 1 1 445 2018 459 2243
4800 4 2 1 1 445 459 460 2243
4801 4 2 1 1 235 220 221 2004
4802 4 2 1 1 221 235 2004 2229
4803 4 2 1 1 2229 2004 221 2019
4804 4 2 1 1 221 235 2229 236
4805 4 2 1 1 2019 221 2229 236
4806 4 2 1 1 2019 2229 2244 236
4807 4 2 1 1 2229 2004 2019 2005
4808 4 2 1 1 2019 2229 2005 2230
4809 4 2 1 1 2230 2005 2019 2020
4810 4 2 1 1 2019 2229 2230 2244
4811 4 2 1 1 2020 2019 2230 2244
4812 4 2 1 1 2020 2230 2245 2244
4813 4 2 1 1 2230 2005 2020 2006
4814 4 2 1 1 2020 2230 2006 2231
4815 4 2 1 1 2231 2006 2020 2021
4816 4 2 1 1 2020 2230 2231 2245
4817 4 2 1 1 2021 2020 2231 2245
4818 4 2 1 1 2021 2231 2246 2245
4819 4 2 1 1 2231 2006 2021 2007
4820 4 2 1 1 2021 2231 2007 2232
4821 4 2 1 1 2232 2007 2021 2022
4822 4 2 1 1 2021 2231 2232 2246
4823 4 2 1 1 2022 2021 2232 2246
4824 4 2 1 1 2022 2232 2247 2246
4825 4 2 1 1 2232 2007 2022 2008
4826 4 2 1 1 2022 2232 2008 2233
4827 4 2 1 1 2233 2008 2022 2023
4828 4 2 1 1 2022 2232 2233 2247
4829 4 2 1 1 2023 2022 2233 2247
4830 4 2 1 1 2023 2233 2248 2247
4831 4 2 1 1 2233 2008 2023 2009
4832 4 2 1 1 2023 2233 2009 2234
4833 4 2 1 1 2234 2009 2023 2024
4834 4 2 1 1 2023 2233 2234 2248
4835 4 2 1 1 2024 2023 2234 2248
4836 4 2 1 1 2024 2234 2249 2248
4837 4 2 1 1 2234 2009 2024 2010
4838 4 2 1 1 2024 2234 2010 2235
4839 4 2 1 1 2235 2010 2024 2025
4840 4 2 1 1 2024 2234 2235 2249
4841 4 2 1 1 2025 2024 2235 2249
4842 4 2 1 1 2025 2235 2250 2249
4843 4 2 1 1 2235 2010 2025 2011
4844 4 2 1 1 2025 2235 2011 2236
4845 4 2 1 1 2236 2011 2025 2026
4846 4 2 1 1 2025 2235 2236 2250
4847 4 2 1 1 2026 2025 2236 2250
4848 4 2 1 1 2026 2236 2251 2250
4849 4 2 1 1 2236 2011 2026 2012
4850 4 2 1 1 2026 2236 2012 2237
4851 4 2 1 1 2237 2012 2026 2027
4852 4 2 1 1 2026 2236 2237 2251
4853 4 2 1 1 2027 2026 2237 2251
4854 4 2 1 1 2027 2237 2252 2251
4855 4 2 1 1 2237 2012 2027 2013
4856 4 2 1 1 2027 2237 2013 2238
4857 4 2 1 1 2238 2013 2027 2028
4858 4 2 1 1 2027 2237 2238 2252
4859 4 2 1 1 2028 2027 2238 2252
4860 4 2 1 1 2028 2238 2253 2252
4861 4 2 1 1 2238 2013 2028 2014
4862 4 2 1 1 2028 2238 2014 2239
4863 4 2 1 1 2239 2014 2028 2029
4864 4 2 1 1 2028 2238 2239 2253
4865 4 2 1 1 2029 2028 2239 2253
4866 4 2 1 1 2029 2239 2254 2253
4867 4 2 1 1 2239 2014 2029 2015
4868 4 2 1 1 2029 2239 2015 2240
4869 4 2 1 1 2240 2015 2029 2030
4870 4 2 1 1 2029 2239 2240 2254
4871 4 2 1 1 2030 2029 2240 2254
4872 4 2 1 1 2030 2240 2255 2254
4873 4 2 1 1 2240 2015 2030 2016
4874 4 2 1 1 2030 2240 2016 2241
4875 4 2 1 1 2241 2016 2030 2031
4876 4 2 1 1 2030 2240 2241 2255
4877 4 2 1 1 2031 2030 2241 2255
4878 4 2 1 1 2031 2241 2256 2255
4879 4 2 1 1 2241 2016 2031 2017
4880 4 2 1 1 2031 2241 2017 2242
4881 4 2 1 1 2242 2017 2031 2032
4882 4 2 1 1 2031 2241 2242 2256
4883 4 2 1 1 2032 2031 2242 2256
4884 4 2 1 1 2032 2242 2257 2256
4885 4 2 1 1 2242 2017 2032 2018
4886 4 2 1 1 2032 2242 2018 2243
4887 4 2 1 1 2243 2018 2032 2033
4888 4 2 1 1 2032 2242 2243 2257
4889 4 2 1 1 2033 2032 2243 2257
4890 4 2 1 1 2033 2243 2258 2257
4891 4 2 1 1 2243 2018 2033 445
4892 4 2 1 1 2033 2243 445 460
4893 4 2 1 1 460 445 2033 446
4894 4 2 1 1 2033 2243 460 2258
4895 4 2 1 1 446 2033 460 2258
4896 4 2 1 1 446 460 461 2258
4897 4 2 1 1 236 221 222 2019
4898 4 2 1 1 222 236 2019 2244
4899 4 2 1 1 2244 2019 222 2034
4900 4 2 1 1 222 236 2244 237
4901 4 2 1 1 2034 222 2244 237
4902 4 2 1 1 2034 2244 2259 237
4903 4 2 1 1 2244 2019 2034 2020
4904 4 2 1 1 2034 2244 2020 2245
4905 4 2 1 1 2245 2020 2034 2035
4906 4 2 1 1 2034 2244 2245 2259
4907 4 2 1 1 2035 2034 2245 2259
4908 4 2 1 1 2035 2245 2260 2259
4909 4 2 1 1 2245 2020 2035 2021
4910 4 2 1 1 2035 2245 2021 2246
4911 4 2 1 1 2246 2021 2035 2036
4912 4 2 1 1 2035 2245 2246 2260
4913 4 2 1 1 2036 2035 2246 2260
4914 4 2 1 1 2036 2246 2261 2260
4915 4 2 1 1 2246 2021 2036 2022
4916 4 2 1 1 2036 2246 2022 2247
4917 4 2 1 1 2247 2022 2036 2037
4918 4 2 1 1 2036 2246 2247 2261
4919 4 2 1 1 2037 2036 2247 2261
4920 4 2 1 1 2037 2247 2262 2261
4921 4 2 1 1 2247 2022 2037 2023
4922 4 2 1 1 2037 2247 2023 2248
4923 4 2 1 1 2248 2023 2037 2038
4924 4 2 1 1 2037 2247 2248 2262
4925 4 2 1 1 2038 2037 2248 2262
4926 4 2 1 1 2038 2248 2263 2262
4927 4 2 1 1 2248 2023 2038 2024
4928 4 2 1 1 2038 2248 2024 2249
4929 4 2 1 1 2249 2024 2038 2039
4930 4 2 1 1 2038 2248 2249 2263
4931 4 2 1 1 2039 2038 2249 2263
4932 4 2 1 1 2039 2249 2264 2263
4933 4 2 1 1 2249 2024 2039 2025
4934 4 2 1 1 2039 2249 2025 2250
4935 4 2 1 1 2250 2025 2039 2040
4936 4 2 1 1 2039 2249 2250 2264
4937 4 2 1 1 2040 2039 2250 2264
4938 4 2 1 1 2040 2250 2265 2264
4939 4 2 1 1 2250 2025 2040 2026
4940 4 2 1 1 2040 2250 2026 2251
4941 4 2 1 1 2251 2026 2040 2041
4942 4 2 1 1 2040 2250 2251 2265
4943 4 2 1 1 2041 2040 2251 2265
4944 4 2 1 1 2041 2251 2266 2265
4945 4 2 1 1 2251 2026 2041 2027
4946 4 2 1 1 2041 2251 2027 2252
4947 4 2 1 1 2252 2027 2041 2042
4948 4 2 1 1 2041 2251 2252 2266
4949 4 2 1 1 2042 2041 2252 2266
4950 4 2 1 1 2042 2252 2267 2266
4951 4 2 1 1 2252 2027 2042 2028
4952 4 2 1 1 2042 2252 2028 2253
4953 4 2 1 1 2253 2028 2042 2043
4954 4 2 1 1 2042 2252 2253 2267
4955 4 2 1 1 2043 2042 2253 2267
4956 4 2 1 1 2043 2253 2268 2267
4957 4 2 1 1 2253 2028 2043 2029
4958 4 2 1 1 2043 2253 2029 2254
4959 4 2 1 1 2254 2029 2043 2044
4960 4 2 1 1 2043 2253 2254 2268
4961 4 2 1 1 2044 2043 2254 2268
4962 4 2 1 1 2044 2254 2269 2268
4963 4 2 1 1 2254 2029 2044 2030
4964 4 2 1 1 2044 2254 2030 2255
4965 4 2 1 1 2255 2030 2044 2045
4966 4 2 1 1 2044 2254 2255 2269
4967 4 2 1 1 2045 2044 2255 2269
4968 4 2 1 1 2045 2255 2270 2269
4969 4 2 1 1 2255 2030 2045 2031
4970 4 2 1 1 2045 2255 2031 2256
4971 4 2 1 1 2256 2031 2045 2046
4972 4 2 1 1 2045 2255 2256 2270
4973 4 2 1 1 2046 2045 2256 2270
4974 4 2 1 1 2046 2256 2271 2270
4975 4 2 1 1 2256 2031 2046 2032
4976 4 2 1 1 2046 2256 2032 2257
4977 4 2 1 1 2257 2032 2046 2047
4978 4 2 1 1 2046 2256 2257 2271
4979 4 2 1 1 2047 2046 2257 2271
4980 4 2 1 1 2047 2257 2272 2271
4981 4 2 1 1 2257 2032 2047 2033
4982 4 2 1 1 2047 2257 2033 2258
4983 4 2 1 1 2258 2033 2047 2048
4984 4 2 1 1 2047 2257 2258 2272
4985 4 2 1 1 2048 2047 2258 2272
4986 4 2 1 1 2048 2258 2273 2272
4987 4 2 1 1 2258 2033 2048 446
4988 4 2 1 1 2048 2258 446 461
4989 4 2 1 1 461 446 2048 447
4990 4 2 1 1 2048 2258 461 2273
4991 4 2 1 1 447 2048 461 2273
4992 4 2 1 1 447 461 462 2273
4993 4 2 1 1 237 222 223 2034
4994 4 2 1 1 223 237 2034 2259
4995 4 2 1 1 2259 2034 223 2049
4996 4 2 1 1 223 237 2259 238
4997 4 2 1 1 2049 223 2259 238
4998 4 2 1 1 2049 2259 2274 238
4999 4 2 1 1 2259 2034 2049 2035
5000 4 2 1 1 2049 2259 2035 2260
5001 4 2 1 1 2260 2035 2049 2050
5002 4 2 1 1 2049 2259 2260 2274
5003 4 2 1 1 2050 2049 2260 2274
5004 4 2 1 1 2050 2260 2275 2274
5005 4 2 1 1 2260 2035 2050 2036
5006 4 2 1 1 2050 2260 2036 2261
5007 4 2 1 1 2261 2036 2050 2051
5008 4 2 1 1 2050 2260 2261 2275
5009 4 2 1 1 2051 2050 2261 2275
5010 4 2 1 1 2051 2261 2276 2275
5011 4 2 1 1 2261 2036 2051 2037
5012 4 2 1 1 2051 2261 2037 2262
5013 4 2 1 1 2262 2037 2051 2052
5014 4 2 1 1 2051 2261 2262 2276
5015 4 2 1 1 2052 2051 2262 2276
5016 4 2 1 1 2052 2262 2277 2276
5017 4 2 1 1 2262 2037 2052 2038
5018 4 2 1 1 2052 2262 2038 2263
5019 4 2 1 1 2263 2038 2052 2053
5020 4 2 1 1 2052 2262 2263 2277
5021 4 2 1 1 2053 2052 2263 2277
5022 4 2 1 1 2053 2263 2278 2277
5023 4 2 1 1 2263 2038 2053 2039
5024 4 2 1 1 2053 2263 2039 2264
5025 4 2 1 1 2264 2039 2053 2054
5026 4 2 1 1 2053 2263 2264 2278
5027 4 2 1 1 2054 2053 2264 2278
5028 4 2 1 1 2054 2264 2279 2278
5029 4 2 1 1 2264 2039 2054 2040
5030 4 2 1 1 2054 2264 2040 2265
5031 4 2 1 1 2265 2040 2054 2055
5032 4 2 1 1 2054 2264 2265 2279
5033 4 2 1 1 2055 2054 2265 2279
5034 4 2 1 1 2055 2265 2280 2279
5035 4 2 1 1 2265 2040 2055 2041
5036 4 2 1 1 2055 2265 2041 2266
5037 4 2 1 1 2266 2041 2055 2056
5038 4 2 1 1 2055 2265 2266 2280
5039 4 2 1 1 2056 2055 2266 2280
5040 4 2 1 1 2056 2266 2281 2280
5041 4 2 1 1 2266 2041 2056 2042
5042 4 2 1 1 2056 2266 2042 2267
5043 4 2 1 1 2267 2042 2056 2057
5044 4 2 1 1 2056 2266 2267 2281
5045 4 2 1 1 2057 2056 2267 2281
5046 4 2 1 1 2057 2267 2282 2281
5047 4 2 1 1 2267 2042 2057 2043
5048 4 2 1 1 2057 2267 2043 2268
5049 4 2 1 1 2268 2043 2057 2058
5050 4 2 1 1 2057 2267 2268 2282
5051 4 2 1 1 2058 2057 2268 2282
5052 4 2 1 1 2058 2268 2283 2282
5053 4 2 1 1 2268 2043 2058 2044
5054 4 2 1 1 2058 2268 2044 2269
5055 4 2 1 1 2269 2044 2058 2059
5056 4 2 1 1 2058 2268 2269 2283
5057 4 2 1 1 2059 2058 2269 2283
5058 4 2 1 1 2059 2269 2284 2283
5059 4 2 1 1 2269 2044 2059 2045
5060 4 2 1 1 2059 2269 2045 2270
5061 4 2 1 1 2270 2045 2059 2060
5062 4 2 1 1 2059 2269 2270 2284
5063 4 2 1 1 2060 2059 2270 2284
5064 4 2 1 1 2060 2270 2285 2284
5065 4 2 1 1 2270 2045 2060 2046
5066 4 2 1 1 2060 2270 2046 2271
5067 4 2 1 1 2271 2046 2060 2061
5068 4 2 1 1 2060 2270 2271 2285
5069 4 2 1 1 2061 2060 2271 2285
5070 4 2 1 1 2061 2271 2286 2285
5071 4 2 1 1 2271 2046 2061 2047
5072 4 2 1 1 2061 2271 2047 2272
5073 4 2 1 1 2272 2047 2061 2062
5074 4 2 1 1 2061 2271 2272 2286
5075 4 2 1 1 2062 2061 2272 2286
5076 4 2 1 1 2062 2272 2287 2286
5077 4 2 1 1 2272 2047 2062 2048
5078 4 2 1 1 2062 2272 2048 2273
5079 4 2 1 1 2273 2048 2062 2063
5080 4 2 1 1 2062 2272 2273 2287
5081 4 2 1 1 2063 2062 2273 2287
5082 4 2 1 1 2063 2273 2288 2287
5083 4 2 1 1 2273 2048 2063 447
5084 4 2 1 1 2063 2273 447 462
5085 4 2 1 1 462 447 2063 448
5086 4 2 1 1 2063 2273 462 2288
5087 4 2 1 1 448 2063 462 2288
5088 4 2 1 1 448 462 463 2288
5089 4 2 1 1 238 223 224 2049
5090 4 2 1 1 224 238 2049 2274
5091 4 2 1 1 2274 2049 224 2064
5092 4 2 1 1 224 238 2274 239
5093 4 2 1 1 2064 224 2274 239
5094 4 2 1 1 2064 2274 2289 239
5095 4 2 1 1 2274 2049 2064 2050
5096 4 2 1 1 2064 2274 2050 2275
5097 4 2 1 1 2275 2050 2064 2065
5098 4 2 1 1 2064 2274 2275 2289
5099 4 2 1 1 2065 2064 2275 2289
5100 4 2 1 1 2065 2275 2290 2289
5101 4 2 1 1 2275 2050 2065 2051
5102 4 2 1 1 2065 2275 2051 2276
5103 4 2 1 1 2276 2051 2065 2066
5104 4 2 1 1 2065 2275 2276 2290
5105 4 2 1 1 2066 2065 2276 2290
5106 4 2 1 1 2066 2276 2291 2290
5107 4 2 1 1 2276 2051 2066 2052
5108 4 2 1 1 2066 2276 2052 2277
5109 4 2 1 1 2277 2052 2066 2067
5110 4 2 1 1 2066 2276 2277 2291
5111 4 2 1 1 2067 2066 2277 2291
5112 4 2 1 1 2067 2277 2292 2291
5113 4 2 1 1 2277 2052 2067 2053
5114 4 2 1 1 2067 2277 2053 2278
5115 4 2 1 1 2278 2053 2067 2068
5116 4 2 1 1 2067 2277 2278 2292
5117 4 2 1 1 2068 2067 2278 2292
5118 4 2 1 1 2068 2278 2293 2292
5119 4 2 1 1 2278 2053 2068 2054
5120 4 2 1 1 2068 2278 2054 2279
5121 4 2 1 1 2279 2054 2068 2069
5122 4 2 1 1 2068 2278 2279 2293
5123 4 2 1 1 2069 2068 2279 2293
5124 4 2 1 1 2069 2279 2294 2293
5125 4 2 1 1 2279 2054 2069 2055
5126 4 2 1 1 2069 2279 2055 2280
5127 4 2 1 1 2280 2055 2069 2070
5128 4 2 1 1 2069 2279 2280 2294
5129 4 2 1 1 2070 2069 2280 2294
5130 4 2 1 1 2070 2280 2295 2294
5131 4 2 1 1 2280 2055 2070 2056
5132 4 2 1 1 2070 2280 2056 2281
5133 4 2 1 1 2281 2056 2070 2071
5134 4 2 1 1 2070 2280 2281 2295
5135 4 2 1 1 2071 2070 2281 2295
5136 4 2 1 1 2071 2281 2296 2295
5137 4 2 1 1 2281 2056 2071 2057
5138 4 2 1 1 2071 2281 2057 2282
5139 4 2 1 1 2282 2057 2071 2072
5140 4 2 1 1 2071 2281 2282 2296
5141 4 2 1 1 2072 2071 2282 2296
5142 4 2 1 1 2072 2282 2297 2296
5143 4 2 1 1 2282 2057 2072 2058
5144 4 2 1 1 2072 2282 2058 2283
5145 4 2 1 1 2283 2058 2072 2073
5146 4 2 1 1 2072 2282 2283 2297
5147 4 2 1 1 2073 2072 2283 2297
5148 4 2 1 1 2073 2283 2298 2297
5149 4 2 1 1 2283 2058 2073 2059
5150 4 2 1 1 2073 2283 2059 2284
5151 4 2 1 1 2284 2059 2073 2074
5152 4 2 1 1 2073 2283 2284 2298
5153 4 2 1 1 2074 2073 2284 2298
5154 4 2 1 1 2074 2284 2299 2298
5155 4 2 1 1 2284 2059 2074 2060
5156 4 2 1 1 2074 2284 2060 2285
5157 4 2 1 1 2285 2060 2074 2075
5158 4 2 1 1 2074 2284 2285 2299
5159 4 2 1 1 2075 2074 2285 2299
5160 4 2 1 1 2075 2285 2300 2299
5161 4 2 1 1 2285 2060 2075 2061
5162 4 2 1 1 2075 2285 2061 2286
5163 4 2 1 1 2286 2061 2075 2076
5164 4 2 1 1 2075 2285 2286 2300
5165 4 2 1 1 2076 2075 2286 2300
5166 4 2 1 1 2076 2286 2301 2300
5167 4 2 1 1 2286 2061 2076 2062
5168 4 2 1 1 2076 2286 2062 2287
5169 4 2 1 1 2287 2062 2076 2077
5170 4 2 1 1 2076 2286 2287 2301
5171 4 2 1 1 2077 2076 2287 2301
5172 4 2 1 1 2077 2287 2302 2301
5173 4 2 1 1 2287 2062 2077 2063
5174 4 2 1 1 2077 2287 2063 2288
5175 4 2 1 1 2288 2063 2077 2078
5176 4 2 1 1 2077 2287 2288 2302
5177 4 2 1 1 2078 2077 2288 2302
5178 4 2 1 1 2078 2288 2303 2302
5179 4 2 1 1 2288 2063 2078 448
5180 4 2 1 1 2078 2288 448 463
5181 4 2 1 1 463 448 2078 449
5182 4 2 1 1 2078 2288 463 2303
5183 4 2 1 1 449 2078 463 2303
5184 4 2 1 1 449 463 464 2303
5185 4 2 1 1 239 224 225 2064
5186 4 2 1 1 225 239 2064 2289
5187 4 2 1 1 2289 2064 225 2079
5188 4 2 1 1 225 239 2289 240
5189 4 2 1 1 2079 225 2289 240
5190 4 2 1 1 2079 2289 2304 240
5191 4 2 1 1 2289 2064 2079 2065
5192 4 2 1 1 2079 2289 2065 2290
5193 4 2 1 1 2290 2065 2079 2080
5194 4 2 1 1 2079 2289 2290 2304
5195 4 2 1 1 2080 2079 2290 2304
5196 4 2 1 1 2080 2290 2305 2304
5197 4 2 1 1 2290 2065 2080 2066
5198 4 2 1 1 2080 2290 2066 2291
5199 4 2 1 1 2291 2066 2080 2081
5200 4 2 1 1 2080 2290 2291 2305
5201 4 2 1 1 2081 2080 2291 2305
5202 4 2 1 1 2081 2291 2306 2305
5203 4 2 1 1 2291 2066 2081 2067
5204 4 2 1 1 2081 2291 2067 2292
5205 4 2 1 1 2292 2067 2081 2082
5206 4 2 1 1 2081 2291 2292 2306
5207 4 2 1 1 2082 2081 2292 2306
5208 4 2 1 1 2082 2292 2307 2306
5209 4 2 1 1 2292 2067 2082 2068
5210 4 2 1 1 2082 2292 2068 2293
5211 4 2 1 1 2293 2068 2082 2083
5212 4 2 1 1 2082 2292 2293 2307
5213 4 2 1 1 2083 2082 2293 2307
5214 4 2 1 1 2083 2293 2308 2307
5215 4 2 1 1 2293 2068 2083 2069
5216 4 2 1 1 2083 2293 2069 2294
5217 4 2 1 1 2294 2069 2083 2084
5218 4 2 1 1 2083 2293 2294 2308
5219 4 2 1 1 2084 2083 2294 2308
5220 4 2 1 1 2084 2294 2309 2308
5221 4 2 1 1 2294 2069 2084 2070
5222 4 2 1 1 2084 2294 2070 2295
5223 4 2 1 1 2295 2070 2084 2085
5224 4 2 1 1 2084 2294 2295 2309
5225 4 2 1 1 2085 2084 2295 2309
5226 4 2 1 1 2085 2295 2310 2309
5227 4 2 1 1 2295 2070 2085 2071
5228 4 2 1 1 2085 2295 2071 2296
5229 4 2 1 1 2296 2071 2085 2086
5230 4 2 1 1 2085 2295 2296 2310
5231 4 2 1 1 2086 2085 2296 2310
5232 4 2 1 1 2086 2296 2311 2310
5233 4 2 1 1 2296 2071 2086 2072
5234 4 2 1 1 2086 2296 2072 2297
5235 4 2 1 1 2297 2072 2086 2087
5236 4 2 1 1 2086 2296 2297 2311
5237 4 2 1 1 2087 2086 2297 2311
5238 4 2 1 1 2087 2297 2312 2311
5239 4 2 1 1 2297 2072 2087 2073
5240 4 2 1 1 2087 2297 2073 2298
5241 4 2 1 1 2298 2073 2087 2088
5242 4 2 1 1 2087 2297 2298 2312
5243 4 2 1 1 2088 2087 2298 2312
5244 4 2 1 1 2088 2298 2313 2312
5245 4 2 1 1 2298 2073 2088 2074
5246 4 2 1 1 2088 2298 2074 2299
5247 4 2 1 1 2299 2074 2088 2089
5248 4 2 1 1 2088 2298 2299 2313
5249 4 2 1 1 2089 2088 2299 2313
5250 4 2 1 1 2089 2299 2314 2313
5251 4 2 1 1 2299 2074 2089 2075
5252 4 2 1 1 2089 2299 2075 2300
5253 4 2 1 1 2300 2075 2089 2090
5254 4 2 1 1 2089 2299 2300 2314
5255 4 2 1 1 2090 2089 2300 2314
5256 4 2 1 1 2090 2300 2315 2314
5257 4 2 1 1 2300 2075 2090 2076
5258 4 2 1 1 2090 2300 2076 2301
5259 4 2 1 1 2301 2076 2090 2091
5260 4 2 1 1 2090 2300 2301 2315
5261 4 2 1 1 2091 2090 2301 2315
5262 4 2 1 1 2091 2301 2316 2315
5263 4 2 1 1 2301 2076 2091 2077
5264 4 2 1 1 2091 2301 2077 2302
5265 4 2 1 1 2302 2077 2091 2092
5266 4 2 1 1 2091 2301 2302 2316
5267 4 2 1 1 2092 2091 2302 2316
5268 4 2 1 1 2092 2302 2317 2316
5269 4 2 1 1 2302 2077 2092 2078
5270 4 2 1 1 2092 2302 2078 2303
5271 4 2 1 1 2303 2078 2092 2093
5272 4 2 1 1 2092 2302 2303 2317
5273 4 2 1 1 2093 2092 2303 2317
5274 4 2 1 1 2093 2303 2318 2317
5275 4 2 1 1 2303 2078 2093 449
5276 4 2 1 1 2093 2303 449 464
5277 4 2 1 1 464 449 2093 450
5278 4 2 1 1 2093 2303 464 2318
5279 4 2 1 1 450 2093 464 2318
5280 4 2 1 1 450 464 465 2318
5281 4 2 1 1 240 225 226 2079
5282 4 2 1 1 226 240 2079 2304
5283 4 2 1 1 2304 2079 226 2094
5284 4 2 1 1 226 240 2304 241
5285 4 2 1 1 2094 226 2304 241
5286 4 2 1 1 2094 2304 2319 241
5287 4 2 1 1 2304 2079 2094 2080
5288 4 2 1 1 2094 2304 2080 2305
5289 4 2 1 1 2305 2080 2094 2095
5290 4 2 1 1 2094 2304 2305 2319
5291 4 2 1 1 2095 2094 2305 2319
5292 4 2 1 1 2095 2305 2320 2319
5293 4 2 1 1 2305 2080 2095 2081
5294 4 2 1 1 2095 2305 2081 2306
5295 4 2 1 1 2306 2081 2095 2096
5296 4 2 1 1 2095 2305 2306 2320
5297 4 2 1 1 2096 2095 2306 2320
5298 4 2 1 1 2096 2306 2321 2320
5299 4 2 1 1 2306 2081 2096 2082
5300 4 2 1 1 2096 2306 2082 2307
5301 4 2 1 1 2307 2082 2096 2097
5302 4 2 1 1 2096 2306 2307 2321
5303 4 2 1 1 2097 2096 2307 2321
5304 4 2 1 1 2097 2307 2322 2321
5305 4 2 1 1 2307 2082 2097 2083
5306 4 2 1 1 2097 2307 2083 2308
5307 4 2 1 1 2308 2083 2097 2098
5308 4 2 1 1 2097 2307 2308 2322
5309 4 2 1 1 2098 2097 2308 2322
5310 4 2 1 1 2098 2308 2323 2322
5311 4 2 1 1 2308 2083 2098 2084
5312 4 2 1 1 2098 2308 2084 2309
5313 4 2 1 1 2309 2084 2098 2099
5314 4 2 1 1 2098 2308 2309 2323
5315 4 2 1 1 2099 2098 2309 2323
5316 4 2 1 1 2099 2309 2324 2323
5317 4 2 1 1 2309 2084 2099 2085
5318 4 2 1 1 2099 2309 2085 2310
5319 4 2 1 1 2310 2085 2099 2100
5320 4 2 1 1 2099 2309 2310 2324
5321 4 2 1 1 2100 2099 2310 2324
5322 4 2 1 1 2100 2310 2325 2324
5323 4 2 1 1 2310 2085 2100 2086
5324 4 2 1 1 2100 2310 2086 2311
5325 4 2 1 1 2311 2086 2100 2101
5326 4 2 1 1 2100 2310 2311 2325
5327 4 2 1 1 2101 2100 2311 2325
5328 4 2 1 1 2101 2311 2326 2325
5329 4 2 1 1 2311 2086 2101 2087
5330 4 2 1 1 2101 2311 2087 2312
5331 4 2 1 1 2312 2087 2101 2102
5332 4 2 1 1 2101 2311 2312 2326
5333 4 2 1 1 2102 2101 2312 2326
5334 4 2 1 1 2102 2312 2327 2326
5335 4 2 1 1 2312 2087 2102 2088
5336 4 2 1 1 2102 2312 2088 2313
5337 4 2 1 1 2313 2088 2102 2103
5338 4 2 1 1 2102 2312 2313 2327
5339 4 2 1 1 2103 2102 2313 2327
5340 4 2 1 1 2103 2313 2328 2327
5341 4 2 1 1 2313 2088 2103 2089
5342 4 2 1 1 2103 2313 2089 2314
5343 4 2 1 1 2314 2089 2103 2104
5344 4 2 1 1 2103 2313 2314 2328
5345 4 2 1 1 2104 2103 2314 2328
5346 4 2 1 1 2104 2314 2329 2328
5347 4 2 1 1 2314 2089 2104 2090
5348 4 2 1 1 2104 2314 2090 2315
5349 4 2 1 1 2315 2090 2104 2105
5350 4 2 1 1 2104 2314 2315 2329
5351 4 2 1 1 2105 2104 2315 2329
5352 4 2 1 1 2105 2315 2330 2329
5353 4 2 1 1 2315 2090 2105 2091
5354 4 2 1 1 2105 2315 2091 2316
5355 4 2 1 1 2316 2091 2105 2106
5356 4 2 1 1 2105 2315 2316 2330
5357 4 2 1 1 2106 2105 2316 2330
5358 4 2 1 1 2106 2316 2331 2330
5359 4 2 1 1 2316 2091 2106 2092
5360 4 2 1 1 2106 2316 2092 2317
5361 4 2 1 1 2317 2092 2106 2107
5362 4 2 1 1 2106 2316 2317 2331
5363 4 2 1 1 2107 2106 2317 2331
5364 4 2 1 1 2107 2317 2332 2331
5365 4 2 1 1 2317 2092 2107 2093
5366 4 2 1 1 2107 2317 2093 2318
5367 4 2 1 1 2318 2093 2107 2108
5368 4 2 1 1 2107 2317 2318 2332
5369 4 2 1 1 2108 2107 2318 2332
5370 4 2 1 1 2108 2318 2333 2332
5371 4 2 1 1 2318 2093 2108 450
5372 4 2 1 1 2108 2318 450 465
5373 4 2 1 1 465 450 2108 451
5374 4 2 1 1 2108 2318 465 2333
5375 4 2 1 1 451 2108 465 2333
5376 4 2 1 1 451 465 466 2333
5377 4 2 1 1 241 226 227 2094
5378 4 2 1 1 227 241 2094 2319
5379 4 2 1 1 2319 2094 227 2109
5380 4 2 1 1 227 241 2319 242
5381 4 2 1 1 2109 227 2319 242
5382 4 2 1 1 2109 2319 2334 242
5383 4 2 1 1 2319 2094 2109 2095
5384 4 2 1 1 2109 2319 2095 2320
5385 4 2 1 1 2320 2095 2109 2110
5386 4 2 1 1 2109 2319 2320 2334
5387 4 2 1 1 2110 2109 2320 2334
5388 4 2 1 1 2110 2320 2335 2334
5389 4 2 1 1 2320 2095 2110 2096
5390 4 2 1 1 2110 2320 2096 2321
5391 4 2 1 1 2321 2096 2110 2111
5392 4 2 1 1 2110 2320 2321 2335
5393 4 2 1 1 2111 2110 2321 2335
5394 4 2 1 1 2111 2321 2336 2335
5395 4 2 1 1 2321 2096 2111 2097
5396 4 2 1 1 2111 2321 2097 2322
5397 4 2 1 1 2322 2097 2111 2112
5398 4 2 1 1 2111 2321 2322 2336
5399 4 2 1 1 2112 2111 2322 2336
5400 4 2 1 1 2112 2322 2337 2336
5401 4 2 1 1 2322 2097 2112 2098
5402 4 2 1 1 2112 2322 2098 2323
5403 4 2 1 1 2323 2098 2112 2113
5404 4 2 1 1 2112 2322 2323 2337
5405 4 2 1 1 2113 2112 2323 2337
5406 4 2 1 1 2113 2323 2338 2337
5407 4 2 1 1 2323 2098 2113 2099
5408 4 2 1 1 2113 2323 2099 2324
5409 4 2 1 1 2324 2099 2113 2114
5410 4 2 1 1 2113 2323 2324 2338
5411 4 2 1 1 2114 2113 2324 2338
5412 4 2 1 1 2114 2324 2339 2338
5413 4 2 1 1 2324 2099 2114 2100
5414 4 2 1 1 2114 2324 2100 2325
5415 4 2 1 1 2325 2100 2114 2115
5416 4 2 1 1 2114 2324 2325 2339
5417 4 2 1 1 2115 2114 2325 2339
5418 4 2 1 1 2115 2325 2340 2339
5419 4 2 1 1 2325 2100 2115 2101
5420 4 2 1 1 2115 2325 2101 2326
5421 4 2 1 1 2326 2101 2115 2116
5422 4 2 1 1 2115 2325 2326 2340
5423 4 2 1 1 2116 2115 2326 2340
5424 4 2 1 1 2116 2326 2341 2340
5425 4 2 1 1 2326 2101 2116 2102
5426 4 2 1 1 2116 2326 2102 2327
5427 4 2 1 1 2327 2102 2116 2117
5428 4 2 1 1 2116 2326 2327 2341
5429 4 2 1 1 2117 2116 2327 2341
5430 4 2 1 1 2117 2327 2342 2341
5431 4 2 1 1 2327 2102 2117 2103
5432 4 2 1 1 2117 2327 2103 2328
5433 4 2 1 1 2328 2103 2117 2118
5434 4 2 1 1 2117 2327 2328 2342
5435 4 2 1 1 2118 2117 2328 2342
5436 4 2 1 1 2118 2328 2343 2342
5437 4 2 1 1 2328 2103 2118 2104
5438 4 2 1 1 2118 2328 2104 2329
5439 4 2 1 1 2329 2104 2118 2119
5440 4 2 1 1 2118 2328 2329 2343
5441 4 2 1 1 2119 2118 2329 2343
5442 4 2 1 1 2119 2329 2344 2343
5443 4 2 1 1 2329 2104 2119 2105
5444 4 2 1 1 2119 2329 2105 2330
5445 4 2 1 1 2330 2105 2119 2120
5446 4 2 1 1 2119 2329 2330 2344
5447 4 2 1 1 2120 2119 2330 2344
5448 4 2 1 1 2120 2330 2345 2344
5449 4 2 1 1 2330 2105 2120 2106
5450 4 2 1 1 2120 2330 2106 2331
5451 4 2 1 1 2331 2106 2120 2121
5452 4 2 1 1 2120 2330 2331 2345
5453 4 2 1 1 2121 2120 2331 2345
5454 4 2 1 1 2121 2331 2346 2345
5455 4 2 1 1 2331 2106 2121 2107
5456 4 2 1 1 2121 2331 2107 2332
5457 4 2 1 1 2332 2107 2121 2122
5458 4 2 1 1 2121 2331 2332 2346
5459 4 2 1 1 2122 2121 2332 2346
5460 4 2 1 1 2122 2332 2347 2346
5461 4 2 1 1 2332 2107 2122 2108
5462 4 2 1 1 2122 2332 2108 2333
5463 4 2 1 1 2333 2108 2122 2123
5464 4 2 1 1 2122 2332 2333 2347
5465 4 2 1 1 2123 2122 2333 2347
5466 4 2 1 1 2123 2333 2348 2347
5467 4 2 1 1 2333 2108 2123 451
5468 4 2 1 1 2123 2333 451 466
5469 4 2 1 1 466 451 2123 452
5470 4 2 1 1 2123 2333 466 2348
5471 4 2 1 1 452 2123 466 2348
5472 4 2 1 1 452 466 467 2348
5473 4 2 1 1 242 227 228 2109
5474 4 2 1 1 228 242 2109 2334
5475 4 2 1 1 2334 2109 228 2124
5476 4 2 1 1 228 242 2334 243
5477 4 2 1 1 2124 228 2334 243
5478 4 2 1 1 2124 2334 2349 243
5479 4 2 1 1 2334 2109 2124 2110
5480 4 2 1 1 2124 2334 2110 2335
5481 4 2 1 1 2335 2110 2124 2125
5482 4 2 1 1 2124 2334 2335 2349
5483 4 2 1 1 2125 2124 2335 2349
5484 4 2 1 1 2125 2335 2350 2349
5485 4 2 1 1 2335 2110 2125 2111
5486 4 2 1 1 2125 2335 2111 2336
5487 4 2 1 1 2336 2111 2125 2126
5488 4 2 1 1 2125 2335 2336 2350
5489 4 2 1 1 2126 2125 2336 2350
5490 4 2 1 1 2126 2336 2351 2350
5491 4 2 1 1 2336 2111 2126 2112
5492 4 2 1 1 2126 2336 2112 2337
5493 4 2 1 1 2337 2112 2126 2127
5494 4 2 1 1 2126 2336 2337 2351
5495 4 2 1 1 2127 2126 2337 2351
5496 4 2 1 1 2127 2337 2352 2351
5497 4 2 1 1 2337 2112 2127 2113
5498 4 2 1 1 2127 2337 2113 2338
5499 4 2 1 1 2338 2113 2127 2128
5500 4 2 1 1 2127 2337 2338 2352
5501 4 2 1 1 2128 2127 2338 2352
5502 4 2 1 1 2128 2338 2353 2352
5503 4 2 1 1 2338 2113 2128 2114
5504 4 2 1 1 2128 2338 2114 2339
5505 4 2 1 1 2339 2114 2128 2129
5506 4 2 1 1 2128 2338 2339 2353
5507 4 2 1 1 2129 2128 2339 2353
5508 4 2 1 1 2129 2339 2354 2353
5509 4 2 1 1 2339 2114 2129 2115
5510 4 2 1 1 2129 2339 2115 2340
5511 4 2 1 1 2340 2115 2129 2130
5512 4 2 1 1 2129 2339 2340 2354
5513 4 2 1 1 2130 2129 2340 2354
5514 4 2 1 1 2130 2340 2355 2354
5515 4 2 1 1 2340 2115 2130 2116
5516 4 2 1 1 2130 2340 2116 2341
5517 4 2 1 1 2341 2116 2130 2131
5518 4 2 1 1 2130 2340 2341 2355
5519 4 2 1 1 2131 2130 2341 2355
5520 4 2 1 1 2131 2341 2356 2355
5521 4 2 1 1 2341 2116 2131 2117
5522 4 2 1 1 2131 2341 2117 2342
5523 4 2 1 1 2342 2117 2131 2132
5524 4 2 1 1 2131 2341 2342 2356
5525 4 2 1 1 2132 2131 2342 2356
5526 4 2 1 1 2132 2342 2357 2356
5527 4 2 1 1 2342 2117 2132 2118
5528 4 2 1 1 2132 2342 2118 2343
5529 4 2 1 1 2343 2118 2132 2133
5530 4 2 1 1 2132 2342 2343 2357
5531 4 2 1 1 2133 2132 2343 2357
5532 4 2 1 1 2133 2343 2358 2357
5533 4 2 1 1 2343 2118 2133 2119
5534 4 2 1 1 2133 2343 2119 2344
5535 4 2 1 1 2344 2119 2133 2134
5536 4 2 1 1 2133 2343 2344 2358
5537 4 2 1 1 2134 2133 2344 2358
5538 4 2 1 1 2134 2344 2359 2358
5539 4 2 1 1 2344 2119 2134 2120
5540 4 2 1 1 2134 2344 2120 2345
5541 4 2 1 1 2345 2120 2134 2135
5542 4 2 1 1 2134 2344 2345 2359
5543 4 2 1 1 2135 2134 2345 2359
5544 4 2 1 1 2135 2345 2360 2359
5545 4 2 1 1 2345 2120 2135 2121
5546 4 2 1 1 2135 2345 2121 2346
5547 4 2 1 1 2346 2121 2135 2136
5548 4 2 1 1 2135 2345 2346 2360
5549 4 2 1 1 2136 2135 2346 2360
5550 4 2 1 1 2136 2346 2361 2360
5551 4 2 1 1 2346 2121 2136 2122
5552 4 2 1 1 2136 2346 2122 2347
5553 4 2 1 1 2347 2122 2136 2137
5554 4 2 1 1 2136 2346 2347 2361
5555 4 2 1 1 2137 2136 2347 2361
5556 4 2 1 1 2137 2347 2362 2361
5557 4 2 1 1 2347 2122 2137 2123
5558 4 2 1 1 2137 2347 2123 2348
5559 4 2 1 1 2348 2123 2137 2138
5560 4 2 1 1 2137 2347 2348 2362
5561 4 2 1 1 2138 2137 2348 2362
5562 4 2 1 1 2138 2348 2363 2362
5563 4 2 1 1 2348 2123 2138 452
5564 4 2 1 1 2138 2348 452 467
5565 4 2 1 1 467 452 2138 453
5566 4 2 1 1 2138 2348 467 2363
5567 4 2 1 1 453 2138 467 2363
5568 4 2 1 1 453 467 468 2363
5569 4 2 1 1 243 228 229 2124
5570 4 2 1 1 229 243 2124 2349
5571 4 2 1 1 2349 2124 229 2139
5572 4 2 1 1 229 243 2349 244
5573 4 2 1 1 2139 229 2349 244
5574 4 2 1 1 2139 2349 2364 244
5575 4 2 1 1 2349 2124 2139 2125
5576 4 2 1 1 2139 2349 2125 2350
5577 4 2 1 1 2350 2125 2139 2140
5578 4 2 1 1 2139 2349 2350 2364
5579 4 2 1 1 2140 2139 2350 2364
5580 4 2 1 1 2140 2350 2365 2364
5581 4 2 1 1 2350 2125 2140 2126
5582 4 2 1 1 2140 2350 2126 2351
5583 4 2 1 1 2351 2126 2140 2141
5584 4 2 1 1 2140 2350 2351 2365
5585 4 2 1 1 2141 2140 2351 2365
5586 4 2 1 1 2141 2351 2366 2365
5587 4 2 1 1 2351 2126 2141 2127
5588 4 2 1 1 2141 2351 2127 2352
5589 4 2 1 1 2352 2127 2141 2142
5590 4 2 1 1 2141 2351 2352 2366
5591 4 2 1 1 2142 2141 2352 2366
5592 4 2 1 1 2142 2352 2367 2366
5593 4 2 1 1 2352 2127 2142 2128
5594 4 2 1 1 2142 2352 2128 2353
5595 4 2 1 1 2353 2128 2142 2143
5596 4 2 1 1 2142 2352 2353 2367
5597 4 2 1 1 2143 2142 2353 2367
5598 4 2 1 1 2143 2353 2368 2367
5599 4 2 1 1 2353 2128 2143 2129
5600 4 2 1 1 2143 2353 2129 2354
5601 4 2 1 1 2354 2129 2143 2144
5602 4 2 1 1 2143 2353 2354 2368
5603 4 2 1 1 2144 2143 2354 2368
5604 4 2 1 1 2144 2354 2369 2368
5605 4 2 1 1 2354 2129 2144 2130
5606 4 2 1 1 2144 2354 2130 2355
5607 4 2 1 1 2355 2130 2144 2145
5608 4 2 1 1 2144 2354 2355 2369
5609 4 2 1 1 2145 2144 2355 2369
5610 4 2 1 1 2145 2355 2370 2369
5611 4 2 1 1 2355 2130 2145 2131
5612 4 2 1 1 2145 2355 2131 2356
5613 4 2 1 1 2356 2131 2145 2146
5614 4 2 1 1 2145 2355 2356 2370
5615 4 2 1 1 2146 2145 2356 2370
5616 4 2 1 1 2146 2356 2371 2370
5617 4 2 1 1 2356 2131 2146 2132
5618 4 2 1 1 2146 2356 2132 2357
5619 4 2 1 1 2357 2132 2146 2147
5620 4 2 1 1 2146 2356 2357 2371
5621 4 2 1 1 2147 2146 2357 2371
5622 4 2 1 1 2147 2357 2372 2371
5623 4 2 1 1 2357 2132 2147 2133
5624 4 2 1 1 2147 2357 2133 2358
5625 4 2 1 1 2358 2133 2147 2148
5626 4 2 1 1 2147 2357 2358 2372
5627 4 2 1 1 2148 2147 2358 2372
5628 4 2 1 1 2148 2358 2373 2372
5629 4 2 1 1 2358 2133 2148 2134
5630 4 2 1 1 2148 2358 2134 2359
5631 4 2 1 1 2359 2134 2148 2149
5632 4 2 1 1 2148 2358 2359 2373
5633 4 2 1 1 2149 2148 2359 2373
5634 4 2 1 1 2149 2359 2374 2373
5635 4 2 1 1 2359 2134 2149 2135
5636 4 2 1 1 2149 2359 2135 2360
5637 4 2 1 1 2360 2135 2149 2150
5638 4 2 1 1 2149 2359 2360 2374
5639 4 2 1 1 2150 2149 2360 2374
5640 4 2 1 1 2150 2360 2375 2374
5641 4 2 1 1 2360 2135 2150 2136
5642 4 2 1 1 2150 2360 2136 2361
5643 4 2 1 1 2361 2136 2150 2151
5644 4 2 1 1 2150 2360 2361 2375
5645 4 2 1 1 2151 2150 2361 2375
5646 4 2 1 1 2151 2361 2376 2375
5647 4 2 1 1 2361 2136 2151 2137
5648 4 2 1 1 2151 2361 2137 2362
5649 4 2 1 1 2362 2137 2151 2152
5650 4 2 1 1 2151 2361 2362 2376
5651 4 2 1 1 2152 2151 2362 2376
5652 4 2 1 1 2152 2362 2377 2376
5653 4 2 1 1 2362 2137 2152 2138
5654 4 2 1 1 2152 2362 2138 2363
5655 4 2 1 1 2363 2138 2152 2153
5656 4 2 1 1 2152 2362 2363 2377
5657 4 2 1 1 2153 2152 2363 2377
5658 4 2 1 1 2153 2363 2378 2377
5659 4 2 1 1 2363 2138 2153 453
5660 4 2 1 1 2153 2363 453 468
5661 4 2 1 1 468 453 2153 454
5662 4 2 1 1 2153 2363 468 2378
5663 4 2 1 1 454 2153 468 2378
5664 4 2 1 1 454 468 469 2378
5665 4 2 1 1 244 229 230 2139
5666 4 2 1 1 230 244 2139 2364
5667 4 2 1 1 2364 2139 230 2154
5668 4 2 1 1 230 244 2364 245
5669 4 2 1 1 2154 230 2364 245
5670 4 2 1 1 2154 2364 2379 245
5671 4 2 1 1 2364 2139 2154 2140
5672 4 2 1 1 2154 2364 2140 2365
5673 4 2 1 1 2365 2140 2154 2155
5674 4 2 1 1 2154 2364 2365 2379
5675 4 2 1 1 2155 2154 2365 2379
5676 4 2 1 1 2155 2365 2380 2379
5677 4 2 1 1 2365 2140 2155 2141
5678 4 2 1 1 2155 2365 2141 2366
5679 4 2 1 1 2366 2141 2155 2156
5680 4 2 1 1 2155 2365 2366 2380
5681 4 2 1 1 2156 2155 2366 2380
5682 4 2 1 1 2156 2366 2381 2380
5683 4 2 1 1 2366 2141 2156 2142
5684 4 2 1 1 2156 2366 2142 2367
5685 4 2 1 1 2367 2142 2156 2157
5686 4 2 1 1 2156 2366 2367 2381
5687 4 2 1 1 2157 2156 2367 2381
5688 4 2 1 1 2157 2367 2382 2381
5689 4 2 1 1 2367 2142 2157 2143
5690 4 2 1 1 2157 2367 2143 2368
5691 4 2 1 1 2368 2143 2157 2158
5692 4 2 1 1 2157 2367 2368 2382
5693 4 2 1 1 2158 2157 2368 2382
5694 4 2 1 1 2158 2368 2383 2382
5695 4 2 1 1 2368 2143 2158 2144
5696 4 2 1 1 2158 2368 2144 2369
5697 4 2 1 1 2369 2144 2158 2159
5698 4 2 1 1 2158 2368 2369 2383
5699 4 2 1 1 2159 2158 2369 2383
5700 4 2 1 1 2159 2369 2384 2383
5701 4 2 1 1 2369 2144 2159 2145
5702 4 2 1 1 2159 2369 2145 2370
5703 4 2 1 1 2370 2145 2159 2160
5704 4 2 1 1 2159 2369 2370 2384
5705 4 2 1 1 2160 2159 2370 2384
5706 4 2 1 1 2160 2370 2385 2384
5707 4 2 1 1 2370 2145 2160 2146
5708 4 2 1 1 2160 2370 2146 2371
5709 4 2 1 1 2371 2146 2160 2161
5710 4 2 1 1 2160 2370 2371 2385
5711 4 2 1 1 2161 2160 2371 2385
5712 4 2 1 1 2161 2371 2386 2385
5713 4 2 1 1 2371 2146 2161 2147
5714 4 2 1 1 2161 2371 2147 2372
5715 4 2 1 1 2372 2147 2161 2162
5716 4 2 1 1 2161 2371 2372 2386
5717 4 2 1 1 2162 2161 2372 2386
5718 4 2 1 1 2162 2372 2387 2386
5719 4 2 1 1 2372 2147 2162 2148
5720 4 2 1 1 2162 2372 2148 2373
5721 4 2 1 1 2373 2148 2162 2163
5722 4 2 1 1 2162 2372 2373 2387
5723 4 2 1 1 2163 2162 2373 2387
5724 4 2 1 1 2163 2373 2388 2387
5725 4 2 1 1 2373 2148 2163 2149
5726 4 2 1 1 2163 2373 2149 2374
5727 4 2 1 1 2374 2149 2163 2164
5728 4 2 1 1 2163 2373 2374 2388
5729 4 2 1 1 2164 2163 2374 2388
5730 4 2 1 1 2164 2374 2389 2388
5731 4 2 1 1 2374 2149 2164 2150
5732 4 2 1 1 2164 2374 2150 2375
5733 4 2 1 1 2375 2150 2164 2165
5734 4 2 1 1 2164 2374 2375 2389
5735 4 2 1 1 2165 2164 2375 2389
5736 4 2 1 1 2165 2375 2390 2389
5737 4 2 1 1 2375 2150 2165 2151
5738 4 2 1 1 2165 2375 2151 2376
5739 4 2 1 1 2376 2151 2165 2166
5740 4 2 1 1 2165 2375 2376 2390
5741 4 2 1 1 2166 2165 2376 2390
5742 4 2 1 1 2166 2376 2391 2390
5743 4 2 1 1 2376 2151 2166 2152
5744 4 2 1 1 2166 2376 2152 2377
5745 4 2 1 1 2377 2152 2166 2167
5746 4 2 1 1 2166 2376 2377 2391
5747 4 2 1 1 2167 2166 2377 2391
5748 4 2 1 1 2167 2377 2392 2391
5749 4 2 1 1 2377 2152 2167 2153
5750 4 2 1 1 2167 2377 2153 2378
5751 4 2 1 1 2378 2153 2167 2168
5752 4 2 1 1 2167 2377 2378 2392
5753 4 2 1 1 2168 2167 2378 2392
5754 4 2 1 1 2168 2378 2393 2392
5755 4 2 1 1 2378 2153 2168 454
5756 4 2 1 1 2168 2378 454 469
5757 4 2 1 1 469 454 2168 455
5758 4 2 1 1 2168 2378 469 2393
5759 4 2 1 1 455 2168 469 2393
5760 4 2 1 1 455 469 470 2393
5761 4 2 1 1 245 230 231 2154
5762 4 2 1 1 231 245 2154 2379
5763 4 2 1 1 2379 2154 231 2169
5764 4 2 1 1 231 245 2379 246
5765 4 2 1 1 2169 231 2379 246
5766 4 2 1 1 2169 2379 2394 246
5767 4 2 1 1 2379 2154 2169 2155
5768 4 2 1 1 2169 2379 2155 2380
5769 4 2 1 1 2380 2155 2169 2170
5770 4 2 1 1 2169 2379 2380 2394
5771 4 2 1 1 2170 2169 2380 2394
5772 4 2 1 1 2170 2380 2395 2394
5773 4 2 1 1 2380 2155 2170 2156
5774 4 2 1 1 2170 2380 2156 2381
5775 4 2 1 1 2381 2156 2170 2171
5776 4 2 1 1 2170 2380 2381 2395
5777 4 2 1 1 2171 2170 2381 2395
5778 4 2 1 1 2171 2381 2396 2395
5779 4 2 1 1 2381 2156 2171 2157
5780 4 2 1 1 2171 2381 2157 2382
5781 4 2 1 1 2382 2157 2171 2172
5782 4 2 1 1 2171 2381 2382 2396
5783 4 2 1 1 2172 2171 2382 2396
5784 4 2 1 1 2172 2382 2397 2396
5785 4 2 1 1 2382 2157 2172 2158
5786 4 2 1 1 2172 2382 2158 2383
5787 4 2 1 1 2383 2158 2172 2173
5788 4 2 1 1 2172 2382 2383 2397
5789 4 2 1 1 2173 2172 2383 2397
5790 4 2 1 1 2173 2383 2398 2397
5791 4 2 1 1 2383 2158 2173 2159
5792 4 2 1 1 2173 2383 2159 2384
5793 4 2 1 1 2384 2159 2173 2174
5794 4 2 1 1 2173 2383 2384 2398
5795 4 2 1 1 2174 2173 2384 2398
5796 4 2 1 1 2174 2384 2399 2398
5797 4 2 1 1 2384 2159 2174 2160
5798 4 2 1 1 2174 2384 2160 2385
5799 4 2 1 1 2385 2160 2174 2175
5800 4 2 1 1 2174 2384 2385 2399
5801 4 2 1 1 2175 2174 2385 2399
5802 4 2 1 1 2175 2385 2400 2399
5803 4 2 1 1 2385 2160 2175 2161
5804 4 2 1 1 2175 2385 2161 2386
5805 4 2 1 1 2386 2161 2175 2176
5806 4 2 1 1 2175 2385 2386 2400
5807 4 2 1 1 2176 2175 2386 2400
5808 4 2 1 1 2176 2386 2401 2400
5809 4 2 1 1 2386 2161 2176 2162
5810 4 2 1 1 2176 2386 2162 2387
5811 4 2 1 1 2387 2162 2176 2177
5812 4 2 1 1 2176 2386 2387 2401
5813 4 2 1 1 2177 2176 2387 2401
5814 4 2 1 1 2177 2387 2402 2401
5815 4 2 1 1 2387 2162 2177 2163
5816 4 2 1 1 2177 2387 2163 2388
5817 4 2 1 1 2388 2163 2177 2178
5818 4 2 1 1 2177 2387 2388 2402
5819 4 2 1 1 2178 2177 2388 2402
5820 4 2 1 1 2178 2388 2403 2402
5821 4 2 1 1 2388 2163 2178 2164
5822 4 2 1 1 2178 2388 2164 2389
5823 4 2 1 1 2389 2164 2178 2179
5824 4 2 1 1 2178 2388 2389 2403
5825 4 2 1 1 2179 2178 2389 2403
5826 4 2 1 1 2179 2389 2404 2403
5827 4 2 1 1 2389 2164 2179 2165
5828 4 2 1 1 2179 2389 2165 2390
5829 4 2 1 1 2390 2165 2179 2180
5830 4 2 1 1 2179 2389 2390 2404
5831 4 2 1 1 2180 2179 2390 2404
5832 4 2 1 1 2180 2390 2405 2404
5833 4 2 1 1 2390 2165 2180 2166
5834 4 2 1 1 2180 2390 2166 2391
5835 4 2 1 1 2391 2166 2180 2181
5836 4 2 1 1 2180 2390 2391 2405
5837 4 2 1 1 2181 2180 2391 2405
5838 4 2 1 1 2181 2391 2406 2405
5839 4 2 1 1 2391 2166 2181 2167
5840 4 2 1 1 2181 2391 2167 2392
5841 4 2 1 1 2392 2167 2181 2182
5842 4 2 1 1 2181 2391 2392 2406
5843 4 2 1 1 2182 2181 2392 2406
5844 4 2 1 1 2182 2392 2407 2406
5845 4 2 1 1 2392 2167 2182 2168
5846 4 2 1 1 2182 2392 2168 2393
5847 4 2 1 1 2393 2168 2182 2183
5848 4 2 1 1 2182 2392 2393 2407
5849 4 2 1 1 2183 2182 2393 2407
5850 4 2 1 1 2183 2393 2408 2407
5851 4 2 1 1 2393 2168 2183 455
5852 4 2 1 1 2183 2393 455 470
5853 4 2 1 1 470 455 2183 456
5854 4 2 1 1 2183 2393 470 2408
5855 4 2 1 1 456 2183 470 2408
5856 4 2 1 1 456 470 471 2408
5857 4 2 1 1 246 231 232 2169
5858 4 2 1 1 232 246 2169 2394
5859 4 2 1 1 2394 2169 232 2184
5860 4 2 1 1 232 246 2394 247
5861 4 2 1 1 2184 232 2394 247
5862 4 2 1 1 2184 2394 2409 247
5863 4 2 1 1 2394 2169 2184 2170
5864 4 2 1 1 2184 2394 2170 2395
5865 4 2 1 1 2395 2170 2184 2185
5866 4 2 1 1 2184 2394 2395 2409
5867 4 2 1 1 2185 2184 2395 2409
5868 4 2 1 1 2185 2395 2410 2409
5869 4 2 1 1 2395 2170 2185 2171
5870 4 2 1 1 2185 2395 2171 2396
5871 4 2 1 1 2396 2171 2185 2186
5872 4 2 1 1 2185 2395 2396 2410
5873 4 2 1 1 2186 2185 2396 2410
5874 4 2 1 1 2186 2396 2411 2410
5875 4 2 1 1 2396 2171 2186 2172
5876 4 2 1 1 2186 2396 2172 2397
5877 4 2 1 1 2397 2172 2186 2187
5878 4 2 1 1 2186 2396 2397 2411
5879 4 2 1 1 2187 2186 2397 2411
5880 4 2 1 1 2187 2397 2412 2411
5881 4 2 1 1 2397 2172 2187 2173
5882 4 2 1 1 2187 2397 2173 2398
5883 4 2 1 1 2398 2173 2187 2188
5884 4 2 1 1 2187 2397 2398 2412
5885 4 2 1 1 2188 2187 2398 2412
5886 4 2 1 1 2188 2398 2413 2412
5887 4 2 1 1 2398 2173 2188 2174
5888 4 2 1 1 2188 2398 2174 2399
5889 4 2 1 1 2399 2174 2188 2189
5890 4 2 1 1 2188 2398 2399 2413
5891 4 2 1 1 2189 2188 2399 2413
5892 4 2 1 1 2189 2399 2414 2413
5893 4 2 1 1 2399 2174 2189 2175
5894 4 2 1 1 2189 2399 2175 2400
5895 4 2 1 1 2400 2175 2189 2190
5896 4 2 1 1 2189 2399 2400 2414
5897 4 2 1 1 2190 2189 2400 2414
5898 4 2 1 1 2190 2400 2415 2414
5899 4 2 1 1 2400 2175 2190 2176
5900 4 2 1 1 2190 2400 2176 2401
5901 4 2 1 1 2401 2176 2190 2191
5902 4 2 1 1 2190 2400 2401 2415
5903 4 2 1 1 2191 2190 2401 2415
5904 4 2 1 1 2191 2401 2416 2415
5905 4 2 1 1 2401 2176 2191 2177
5906 4 2 1 1 2191 2401 2177 2402
5907 4 2 1 1 2402 2177 2191 2192
5908 4 2 1 1 2191 2401 2402 2416
5909 4 2 1 1 2192 2191 2402 2416
5910 4 2 1 1 2192 2402 2417 2416
5911 4 2 1 1 2402 2177 2192 2178
5912 4 2 1 1 2192 2402 2178 2403
5913 4 2 1 1 2403 2178 2192 2193
5914 4 2 1 1 2192 2402 2403 2417
5915 4 2 1 1 2193 2192 2403 2417
5916 4 2 1 1 2193 2403 2418 2417
5917 4 2 1 1 2403 2178 2193 2179
5918 4 2 1 1 2193 2403 2179 2404
5919 4 2 1 1 2404 2179 2193 2194
5920 4 2 1 1 2193 2403 2404 2418
5921 4 2 1 1 2194 2193 2404 2418
5922 4 2 1 1 2194 2404 2419 2418
5923 4 2 1 1 2404 2179 2194 2180
5924 4 2 1 1 2194 2404 2180 2405
5925 4 2 1 1 2405 2180 2194 2195
5926 4 2 1 1 2194 2404 2405 2419
5927 4 2 1 1 2195 2194 2405 2419
5928 4 2 1 1 2195 2405 2420 2419
5929 4 2 1 1 2405 2180 2195 2181
5930 4 2 1 1 2195 2405 2181 2406
5931 4 2 1 1 2406 2181 2195 2196
5932 4 2 1 1 2195 2405 2406 2420
5933 4 2 1 1 2196 2195 2406 2420
5934 4 2 1 1 2196 2406 2421 2420
5935 4 2 1 1 2406 2181 2196 2182
5936 4 2 1 1 2196 2406 2182 2407
5937 4 2 1 1 2407 2182 2196 2197
5938 4 2 1 1 2196 2406 2407 2421
5939 4 2 1 1 2197 2196 2407 2421
5940 4 2 1 1 2197 2407 2422 2421
5941 4 2 1 1 2407 2182 2197 2183
5942 4 2 1 1 2197 2407 2183 2408
5943 4 2 1 1 2408 2183 2197 2198
5944 4 2 1 1 2197 2407 2408 2422
5945 4 2 1 1 2198 2197 2408 2422
5946 4 2 1 1 2198 2408 2423 2422
5947 4 2 1 1 2408 2183 2198 456
5948 4 2 1 1 2198 2408 456 471
5949 4 2 1 1 471 456 2198 457
5950 4 2 1 1 2198 2408 471 2423
5951 4 2 1 1 457 2198 471 2423
5952 4 2 1 1 457 471 472 2423
5953 4 2 1 1 247 232 233 2184
5954 4 2 1 1 233 247 2184 2409
5955 4 2 1 1 2409 2184 233 2199
5956 4 2 1 1 233 247 2409 248
5957 4 2 1 1 2199 233 2409 248
5958 4 2 1 1 2199 2409 2424 248
5959 4 2 1 1 2409 2184 2199 2185
5960 4 2 1 1 2199 2409 2185 2410
5961 4 2 1 1 2410 2185 2199 2200
5962 4 2 1 1 2199 2409 2410 2424
5963 4 2 1 1 2200 2199 2410 2424
5964 4 2 1 1 2200 2410 2425 2424
5965 4 2 1 1 2410 2185 2200 2186
5966 4 2 1 1 2200 2410 2186 2411
5967 4 2 1 1 2411 2186 2200 2201
5968 4 2 1 1 2200 2410 2411 2425
5969 4 2 1 1 2201 2200 2411 2425
5970 4 2 1 1 2201 2411 2426 2425
5971 4 2 1 1 2411 2186 2201 2187
5972 4 2 1 1 2201 2411 2187 2412
5973 4 2 1 1 2412 2187 2201 2202
5974 4 2 1 1 2201 2411 2412 2426
5975 4 2 1 1 2202 2201 2412 2426
5976 4 2 1 1 2202 2412 2427 2426
5977 4 2 1 1 2412 2187 2202 2188
5978 4 2 1 1 2202 2412 2188 2413
5979 4 2 1 1 2413 2188 2202 2203
5980 4 2 1 1 2202 2412 2413 2427
5981 4 2 1 1 2203 2202 2413 2427
5982 4 2 1 1 2203 2413 2428 2427
5983 4 2 1 1 2413 2188 2203 2189
5984 4 2 1 1 2203 2413 2189 2414
5985 4 2 1 1 2414 2189 2203 2204
5986 4 2 1 1 2203 2413 2414 2428
5987 4 2 1 1 2204 2203 2414 2428
5988 4 2 1 1 2204 2414 2429 2428
5989 4 2 1 1 2414 2189 2204 2190
5990 4 2 1 1 2204 2414 2190 2415
5991 4 2 1 1 2415 2190 2204 2205
5992 4 2 1 1 2204 2414 2415 2429
5993 4 2 1 1 2205 2204 2415 2429
5994 4 2 1 1 2205 2415 2430 2429
5995 4 2 1 1 2415 2190 2205 2191
5996 4 2 1 1 2205 2415 2191 2416
5997 4 2 1 1 2416 2191 2205 2206
5998 4 2 1 1 2205 2415 2416 2430
5999 4 2 1 1 2206 2205 2416 2430
6000 4 2 1 1 2206 2416 2431 2430
6001 4 2 1 1 2416 2191 2206 2192
6002 4 2 1 1 2206 2416 2192 2417
6003 4 2 1 1 2417 2192 2206 2207
6004 4 2 1 1 2206 2416 2417 2431
6005 4 2 1 1 2207 2206 2417 2431
6006 4 2 1 1 2207 2417 2432 2431
6007 4 2 1 1 2417 2192 2207 2193
6008 4 2 1 1 2207 2417 2193 2418
6009 4 2 1 1 2418 2193 2207 2208
6010 4 2 1 1 2207 2417 2418 2432
6011 4 2 1 1 2208 2207 2418 2432
6012 4 2 1 1 2208 2418 2433 2432
6013 4 2 1 1 2418 2193 2208 2194
6014 4 2 1 1 2208 2418 2194 2419
6015 4 2 1 1 2419 2194 2208 2209
6016 4 2 1 1 2208 2418 2419 2433
6017 4 2 1 1 2209 2208 2419 2433
6018 4 2 1 1 2209 2419 2434 2433
6019 4 2 1 1 2419 2194 2209 2195
6020 4 2 1 1 2209 2419 2195 2420
6021 4 2 1 1 2420 2195 2209 2210
6022 4 2 1 1 2209 2419 2420 2434
6023 4 2 1 1 2210 2209 2420 2434
6024 4 2 1 1 2210 2420 2435 2434
6025 4 2 1 1 2420 2195 2210 2196
6026 4 2 1 1 2210 2420 2196 2421
6027 4 2 1 1 2421 2196 2210 2211
6028 4 2 1 1 2210 2420 2421 2435
6029 4 2 1 1 2211 2210 2421 2435
6030 4 2 1 1 2211 2421 2436 2435
6031 4 2 1 1 2421 2196 2211 2197
6032 4 2 1 1 2211 2421 2197 2422
6033 4 2 1 1 2422 2197 2211 2212
6034 4 2 1 1 2211 2421 2422 2436
6035 4 2 1 1 2212 2211 2422 2436
6036 4 2 1 1 2212 2422 2437 2436
6037 4 2 1 1 2422 2197 2212 2198
6038 4 2 1 1 2212 2422 2198 2423
6039 4 2 1 1 2423 2198 2212 2213
6040 4 2 1 1 2212 2422 2423 2437
6041 4 2 1 1 2213 2212 2423 2437
6042 4 2 1 1 2213 2423 2438 2437
6043 4 2 1 1 2423 2198 2213 457
6044 4 2 1 1 2213 2423 457 472
6045 4 2 1 1 472 457 2213 458
6046 4 2 1 1 2213 2423 472 2438
6047 4 2 1 1 458 2213 472 2438
6048 4 2 1 1 458 472 473 2438
6049 4 2 1 1 248 233 41 2199
6050 4 2 1 1 41 248 2199 2424
6051 4 2 1 1 2424 2199 41 866
6052 4 2 1 1 41 248 2424 42
6053 4 2 1 1 866 41 2424 42
6054 4 2 1 1 866 2424 867 42
6055 4 2 1 1 2424 2199 866 2200
6056 4 2 1 1 866 2424 2200 2425
6057 4 2 1 1 2425 2200 866 881
6058 4 2 1 1 866 2424 2425 867
6059 4 2 1 1 881 866 2425 867
6060 4 2 1 1 881 2425 882 867
6061 4 2 1 1 2425 2200 881 2201
6062 4 2 1 1 881 2425 2201 2426
6063 4 2 1 1 2426 2201 881 896
6064 4 2 1 1 881 2425 2426 882
6065 4 2 1 1 896 881 2426 882
6066 4 2 1 1 896 2426 897 882
6067 4 2 1 1 2426 2201 896 2202
6068 4 2 1 1 896 2426 2202 2427
6069 4 2 1 1 2427 2202 896 911
6070 4 2 1 1 896 2426 2427 897
6071 4 2 1 1 911 896 2427 897
6072 4 2 1 1 911 2427 912 897
6073 4 2 1 1 2427 2202 911 2203
6074 4 2 1 1 911 2427 2203 2428
6075 4 2 1 1 2428 2203 911 926
6076 4 2 1 1 911 2427 2428 912
6077 4 2 1 1 926 911 2428 912
6078 4 2 1 1 926 2428 927 912
6079 4 2 1 1 2428 2203 926 2204
6080 4 2 1 1 926 2428 2204 2429
6081 4 2 1 1 2429 2204 926 941
6082 4 2 1 1 926 2428 2429 927
6083 4 2 1 1 941 926 2429 927
6084 4 2 1 1 941 2429 942 927
6085 4 2 1 1 2429 2204 941 2205
6086 4 2 1 1 941 2429 2205 2430
6087 4 2 1 1 2430 2205 941 956
6088 4 2 1 1 941 2429 2430 942
6089 4 2 1 1 956 941 2430 942
6090 4 2 1 1 956 2430 957 942
6091 4 2 1 1 2430 2205 956 2206
6092 4 2 1 1 956 2430 2206 2431
6093 4 2 1 1 2431 2206 956 971
6094 4 2 1 1 956 2430 2431 957
6095 4 2 1 1 971 956 2431 957
6096 4 2 1 1 971 2431 972 957
6097 4 2 1 1 2431 2206 971 2207
6098 4 2 1 1 971 2431 2207 2432
6099 4 2 1 1 2432 2207 971 986
6100 4 2 1 1 971 2431 2432 972
6101 4 2 1 1 986 971 2432 972
6102 4 2 1 1 986 2432 987 972
6103 4 2 1 1 2432 2207 986 2208
6104 4 2 1 1 986 2432 2208 2433
6105 4 2 1 1 2433 2208 986 1001
6106 4 2 1 1 986 2432 2433 987
6107 4 2 1 1 1001 986 2433 987
6108 4 2 1 1 1001 2433 1002 987
6109 4 2 1 1 2433 2208 1001 2209
6110 4 2 1 1 1001 2433 2209 2434
6111 4 2 1 1 2434 2209 1001 1016
6112 4 2 1 1 1001 2433 2434 1002
6113 4 2 1 1 1016 1001 2434 1002
6114 4 2 1 1 1016 2434 1017 1002
6115 4 2 1 1 2434 2209 1016 2210
6116 4 2 1 1 1016 2434 2210 2435
6117 4 2 1 1 2435 2210 1016 1031
6118 4 2 1 1 1016 2434 2435 1017
6119 4 2 1 1 1031 1016 2435 1017
6120 4 2 1 1 1031 2435 1032 1017
6121 4 2 1 1 2435 2210 1031 2211
6122 4 2 1 1 1031 2435 2211 2436
6123 4 2 1 1 2436 2211 1031 1046
6124 4 2 1 1 1031 2435 2436 1032
6125 4 2 1 1 1046 1031 2436 1032
6126 4 2 1 1 1046 2436 1047 1032
6127 4 2 1 1 2436 2211 1046 2212
6128 4 2 1 1 1046 2436 2212 2437
6129 4 2 1 1 2437 2212 1046 1061
6130 4 2 1 1 1046 2436 2437 1047
6131 4 2 1 1 1061 1046 2437 1047
6132 4 2 1 1 1061 2437 1062 1047
6133 4 2 1 1 2437 2212 1061 2213
6134 4 2 1 1 1061 2437 2213 2438
6135 4 2 1 1 2438 2213 1061 1076
6136 4 2 1 1 1061 2437 2438 1062
6137 4 2 1 1 1076 1061 2438 1062
6138 4 2 1 1 1076 2438 1077 1062
6139 4 2 1 1 2438 2213 1076 458
6140 4 2 1 1 1076 2438 458 473
6141 4 2 1 1 473 458 1076 101
6142 4 2 1 1 1076 2438 473 1077
6143 4 2 1 1 101 1076 473 1077
6144 4 2 1 1 101 473 102 1077
6145 4 2 1 1 13 12 234 642
6146 4 2 1 1 234 13 642 643
6147 4 2 1 1 643 642 234 2214
6148 4 2 1 1 234 13 643 249
6149 4 2 1 1 2214 234 643 249
6150 4 2 1 1 2214 643 2439 249
6151 4 2 1 1 643 642 2214 657
6152 4 2 1 1 2214 643 657 658
6153 4 2 1 1 658 657 2214 2215
6154 4 2 1 1 2214 643 658 2439
6155 4 2 1 1 2215 2214 658 2439
6156 4 2 1 1 2215 658 2440 2439
6157 4 2 1 1 658 657 2215 672
6158 4 2 1 1 2215 658 672 673
6159 4 2 1 1 673 672 2215 2216
6160 4 2 1 1 2215 658 673 2440
6161 4 2 1 1 2216 2215 673 2440
6162 4 2 1 1 2216 673 2441 2440
6163 4 2 1 1 673 672 2216 687
6164 4 2 1 1 2216 673 687 688
6165 4 2 1 1 688 687 2216 2217
6166 4 2 1 1 2216 673 688 2441
6167 4 2 1 1 2217 2216 688 2441
6168 4 2 1 1 2217 688 2442 2441
6169 4 2 1 1 688 687 2217 702
6170 4 2 1 1 2217 688 702 703
6171 4 2 1 1 703 702 2217 2218
6172 4 2 1 1 2217 688 703 2442
6173 4 2 1 1 2218 2217 703 2442
6174 4 2 1 1 2218 703 2443 2442
6175 4 2 1 1 703 702 2218 717
6176 4 2 1 1 2218 703 717 718
6177 4 2 1 1 718 717 2218 2219
6178 4 2 1 1 2218 703 718 2443
6179 4 2 1 1 2219 2218 718 2443
6180 4 2 1 1 2219 718 2444 2443
6181 4 2 1 1 718 717 2219 732
6182 4 2 1 1 2219 718 732 733
6183 4 2 1 1 733 732 2219 2220
6184 4 2 1 1 2219 718 733 2444
6185 4 2 1 1 2220 2219 733 2444
6186 4 2 1 1 2220 733 2445 2444
6187 4 2 1 1 733 732 2220 747
6188 4 2 1 1 2220 733 747 748
6189 4 2 1 1 748 747 2220 2221
6190 4 2 1 1 2220 733 748 2445
6191 4 2 1 1 2221 2220 748 2445
6192 4 2 1 1 2221 748 2446 2445
6193 4 2 1 1 748 747 2221 762
6194 4 2 1 1 2221 748 762 763
6195 4 2 1 1 763 762 2221 2222
6196 4 2 1 1 2221 748 763 2446
6197 4 2 1 1 2222 2221 763 2446
6198 4 2 1 1 2222 763 2447 2446
6199 4 2 1 1 763 762 2222 777
6200 4 2 1 1 2222 763 777 778
6201 4 2 1 1 778 777 2222 2223
6202 4 2 1 1 2222 763 778 2447
6203 4 2 1 1 2223 2222 778 2447
6204 4 2 1 1 2223 778 2448 2447
6205 4 2 1 1 778 777 2223 792
6206 4 2 1 1 2223 778 792 793
6207 4 2 1 1 793 792 2223 2224
6208 4 2 1 1 2223 778 793 2448
6209 4 2 1 1 2224 2223 793 2448
6210 4 2 1 1 2224 793 2449 2448
6211 4 2 1 1 793 792 2224 807
6212 4 2 1 1 2224 793 807 808
6213 4 2 1 1 808 807 2224 2225
6214 4 2 1 1 2224 793 808 2449
6215 4 2 1 1 2225 2224 808 2449
6216 4 2 1 1 2225 808 2450 2449
6217 4 2 1 1 808 807 2225 822
6218 4 2 1 1 2225 808 822 823
6219 4 2 1 1 823 822 2225 2226
6220 4 2 1 1 2225 808 823 2450
6221 4 2 1 1 2226 2225 823 2450
6222 4 2 1 1 2226 823 2451 2450
6223 4 2 1 1 823 822 2226 837
6224 4 2 1 1 2226 823 837 838
6225 4 2 1 1 838 837 2226 2227
6226 4 2 1 1 2226 823 838 2451
6227 4 2 1 1 2227 2226 838 2451
6228 4 2 1 1 2227 838 2452 2451
6229 4 2 1 1 838 837 2227 852
6230 4 2 1 1 2227 838 852 853
6231 4 2 1 1 853 852 2227 2228
6232 4 2 1 1 2227 838 853 2452
6233 4 2 1 1 2228 2227 853 2452
6234 4 2 1 1 2228 853 2453 2452
6235 4 2 1 1 853 852 2228 72
6236 4 2 1 1 2228 853 72 73
6237 4 2 1 1 73 72 2228 459
6238 4 2 1 1 2228 853 73 2453
6239 4 2 1 1 459 2228 73 2453
6240 4 2 1 1 459 73 474 2453
6241 4 2 1 1 249 234 235 2214
6242 4 2 1 1 235 249 2214 2439
6243 4 2 1 1 2439 2214 235 2229
6244 4 2 1 1 235 249 2439 250
6245 4 2 1 1 2229 235 2439 250
6246 4 2 1 1 2229 2439 2454 250
6247 4 2 1 1 2439 2214 2229 2215
6248 4 2 1 1 2229 2439 2215 2440
6249 4 2 1 1 2440 2215 2229 2230
6250 4 2 1 1 2229 2439 2440 2454
6251 4 2 1 1 2230 2229 2440 2454
6252 4 2 1 1 2230 2440 2455 2454
6253 4 2 1 1 2440 2215 2230 2216
6254 4 2 1 1 2230 2440 2216 2441
6255 4 2 1 1 2441 2216 2230 2231
6256 4 2 1 1 2230 2440 2441 2455
6257 4 2 1 1 2231 2230 2441 2455
6258 4 2 1 1 2231 2441 2456 2455
6259 4 2 1 1 2441 2216 2231 2217
6260 4 2 1 1 2231 2441 2217 2442
6261 4 2 1 1 2442 2217 2231 2232
6262 4 2 1 1 2231 2441 2442 2456
6263 4 2 1 1 2232 2231 2442 2456
6264 4 2 1 1 2232 2442 2457 2456
6265 4 2 1 1 2442 2217 2232 2218
6266 4 2 1 1 2232 2442 2218 2443
6267 4 2 1 1 2443 2218 2232 2233
6268 4 2 1 1 2232 2442 2443 2457
6269 4 2 1 1 2233 2232 2443 2457
6270 4 2 1 1 2233 2443 2458 2457
6271 4 2 1 1 2443 2218 2233 2219
6272 4 2 1 1 2233 2443 2219 2444
6273 4 2 1 1 2444 2219 2233 2234
6274 4 2 1 1 2233 2443 2444 2458
6275 4 2 1 1 2234 2233 2444 2458
6276 4 2 1 1 2234 2444 2459 2458
6277 4 2 1 1 2444 2219 2234 2220
6278 4 2 1 1 2234 2444 2220 2445
6279 4 2 1 1 2445 2220 2234 2235
6280 4 2 1 1 2234 2444 2445 2459
6281 4 2 1 1 2235 2234 2445 2459
6282 4 2 1 1 2235 2445 2460 2459
6283 4 2 1 1 2445 2220 2235 2221
6284 4 2 1 1 2235 2445 2221 2446
6285 4 2 1 1 2446 2221 2235 2236
6286 4 2 1 1 2235 2445 2446 2460
6287 4 2 1 1 2236 2235 2446 2460
6288 4 2 1 1 2236 2446 2461 2460
6289 4 2 1 1 2446 2221 2236 2222
6290 4 2 1 1 2236 2446 2222 2447
6291 4 2 1 1 2447 2222 2236 2237
6292 4 2 1 1 2236 2446 2447 2461
6293 4 2 1 1 2237 2236 2447 2461
6294 4 2 1 1 2237 2447 2462 2461
6295 4 2 1 1 2447 2222 2237 2223
6296 4 2 1 1 2237 2447 2223 2448
6297 4 2 1 1 2448 2223 2237 2238
6298 4 2 1 1 2237 2447 2448 2462
6299 4 2 1 1 2238 2237 2448 2462
6300 4 2 1 1 2238 2448 2463 2462
6301 4 2 1 1 2448 2223 2238 2224
6302 4 2 1 1 2238 2448 2224 2449
6303 4 2 1 1 2449 2224 2238 2239
6304 4 2 1 1 2238 2448 2449 2463
6305 4 2 1 1 2239 2238 2449 2463
6306 4 2 1 1 2239 2449 2464 2463
6307 4 2 1 1 2449 2224 2239 2225
6308 4 2 1 1 2239 2449 2225 2450
6309 4 2 1 1 2450 2225 2239 2240
6310 4 2 1 1 2239 2449 2450 2464
6311 4 2 1 1 2240 2239 2450 2464
6312 4 2 1 1 2240 2450 2465 2464
6313 4 2 1 1 2450 2225 2240 2226
6314 4 2 1 1 2240 2450 2226 2451
6315 4 2 1 1 2451 2226 2240 2241
6316 4 2 1 1 2240 2450 2451 2465
6317 4 2 1 1 2241 2240 2451 2465
6318 4 2 1 1 2241 2451 2466 2465
6319 4 2 1 1 2451 2226 2241 2227
6320 4 2 1 1 2241 2451 2227 2452
6321 4 2 1 1 2452 2227 2241 2242
6322 4 2 1 1 2241 2451 2452 2466
6323 4 2 1 1 2242 2241 2452 2466
6324 4 2 1 1 2242 2452 2467 2466
6325 4 2 1 1 2452 2227 2242 2228
6326 4 2 1 1 2242 2452 2228 2453
6327 4 2 1 1 2453 2228 2242 2243
6328 4 2 1 1 2242 2452 2453 2467
6329 4 2 1 1 2243 2242 2453 2467
6330 4 2 1 1 2243 2453 2468 2467
6331 4 2 1 1 2453 2228 2243 459
6332 4 2 1 1 2243 2453 459 474
6333 4 2 1 1 474 459 2243 460
6334 4 2 1 1 2243 2453 474 2468
6335 4 2 1 1 460 2243 474 2468
6336 4 2 1 1 460 474 475 2468
6337 4 2 1 1 250 235 236 2229
6338 4 2 1 1 236 250 2229 2454
6339 4 2 1 1 2454 2229 236 2244
6340 4 2 1 1 236 250 2454 251
6341 4 2 1 1 2244 236 2454 251
6342 4 2 1 1 2244 2454 2469 251
6343 4 2 1 1 2454 2229 2244 2230
6344 4 2 1 1 2244 2454 2230 2455
6345 4 2 1 1 2455 2230 2244 2245
6346 4 2 1 1 2244 2454 2455 2469
6347 4 2 1 1 2245 2244 2455 2469
6348 4 2 1 1 2245 2455 2470 2469
6349 4 2 1 1 2455 2230 2245 2231
6350 4 2 1 1 2245 2455 2231 2456
6351 4 2 1 1 2456 2231 2245 2246
6352 4 2 1 1 2245 2455 2456 2470
6353 4 2 1 1 2246 2245 2456 2470
6354 4 2 1 1 2246 2456 2471 2470
6355 4 2 1 1 2456 2231 2246 2232
6356 4 2 1 1 2246 2456 2232 2457
6357 4 2 1 1 2457 2232 2246 2247
6358 4 2 1 1 2246 2456 2457 2471
6359 4 2 1 1 2247 2246 2457 2471
6360 4 2 1 1 2247 2457 2472 2471
6361 4 2 1 1 2457 2232 2247 2233
6362 4 2 1 1 2247 2457 2233 2458
6363 4 2 1 1 2458 2233 2247 2248
6364 4 2 1 1 2247 2457 2458 2472
6365 4 2 1 1 2248 2247 2458 2472
6366 4 2 1 1 2248 2458 2473 2472
6367 4 2 1 1 2458 2233 2248 2234
6368 4 2 1 1 2248 2458 2234 2459
6369 4 2 1 1 2459 2234 2248 2249
6370 4 2 1 1 2248 2458 2459 2473
6371 4 2 1 1 2249 2248 2459 2473
6372 4 2 1 1 2249 2459 2474 2473
6373 4 2 1 1 2459 2234 2249 2235
6374 4 2 1 1 2249 2459 2235 2460
6375 4 2 1 1 2460 2235 2249 2250
6376 4 2 1 1 2249 2459 2460 2474
6377 4 2 1 1 2250 2249 2460 2474
6378 4 2 1 1 2250 2460 2475 2474
6379 4 2 1 1 2460 2235 2250 2236
6380 4 2 1 1 2250 2460 2236 2461
6381 4 2 1 1 2461 2236 2250 2251
6382 4 2 1 1 2250 2460 2461 2475
6383 4 2 1 1 2251 2250 2461 2475
6384 4 2 1 1 2251 2461 2476 2475
6385 4 2 1 1 2461 2236 2251 2237
6386 4 2 1 1 2251 2461 2237 2462
6387 4 2 1 1 2462 2237 2251 2252
6388 4 2 1 1 2251 2461 2462 2476
6389 4 2 1 1 2252 2251 2462 2476
6390 4 2 1 1 2252 2462 2477 2476
6391 4 2 1 1 2462 2237 2252 2238
6392 4 2 1 1 2252 2462 2238 2463
6393 4 2 1 1 2463 2238 2252 2253
6394 4 2 1 1 2252 2462 2463 2477
6395 4 2 1 1 2253 2252 2463 2477
6396 4 2 1 1 2253 2463 2478 2477
6397 4 2 1 1 2463 2238 2253 2239
6398 4 2 1 1 2253 2463 2239 2464
6399 4 2 1 1 2464 2239 2253 2254
6400 4 2 1 1 2253 2463 2464 2478
6401 4 2 1 1 2254 2253 2464 2478
6402 4 2 1 1 2254 2464 2479 2478
6403 4 2 1 1 2464 2239 2254 2240
6404 4 2 1 1 2254 2464 2240 2465
6405 4 2 1 1 2465 2240 2254 2255
6406 4 2 1 1 2254 2464 2465 2479
6407 4 2 1 1 2255 2254 2465 2479
6408 4 2 1 1 2255 2465 2480 2479
6409 4 2 1 1 2465 2240 2255 2241
6410 4 2 1 1 2255 2465 2241 2466
6411 4 2 1 1 2466 2241 2255 2256
6412 4 2 1 1 2255 2465 2466 2480
6413 4 2 1 1 2256 2255 2466 2480
6414 4 2 1 1 2256 2466 2481 2480
6415 4 2 1 1 2466 2241 2256 2242
6416 4 2 1 1 2256 2466 2242 2467
6417 4 2 1 1 2467 2242 2256 2257
6418 4 2 1 1 2256 2466 2467 2481
6419 4 2 1 1 2257 2256 2467 2481
6420 4 2 1 1 2257 2467 2482 2481
6421 4 2 1 1 2467 2242 2257 2243
6422 4 2 1 1 2257 2467 2243 2468
6423 4 2 1 1 2468 2243 2257 2258
6424 4 2 1 1 2257 2467 2468 2482
6425 4 2 1 1 2258 2257 2468 2482
6426 4 2 1 1 2258 2468 2483 2482
6427 4 2 1 1 2468 2243 2258 460
6428 4 2 1 1 2258 2468 460 475
6429 4 2 1 1 475 460 2258 461
6430 4 2 1 1 2258 2468 475 2483
6431 4 2 1 1 461 2258 475 2483
6432 4 2 1 1 461 475 476 2483
6433 4 2 1 1 251 236 237 2244
6434 4 2 1 1 237 251 2244 2469
6435 4 2 1 1 2469 2244 237 2259
6436 4 2 1 1 237 251 2469 252
6437 4 2 1 1 2259 237 2469 252
6438 4 2 1 1 2259 2469 2484 252
6439 4 2 1 1 2469 2244 2259 2245
6440 4 2 1 1 2259 2469 2245 2470
6441 4 2 1 1 2470 2245 2259 2260
6442 4 2 1 1 2259 2469 2470 2484
6443 4 2 1 1 2260 2259 2470 2484
6444 4 2 1 1 2260 2470 2485 2484
6445 4 2 1 1 2470 2245 2260 2246
6446 4 2 1 1 2260 2470 2246 2471
6447 4 2 1 1 2471 2246 2260 2261
6448 4 2 1 1 2260 2470 2471 2485
6449 4 2 1 1 2261 2260 2471 2485
6450 4 2 1 1 2261 2471 2486 2485
6451 4 2 1 1 2471 2246 2261 2247
6452 4 2 1 1 2261 2471 2247 2472
6453 4 2 1 1 2472 2247 2261 2262
6454 4 2 1 1 2261 2471 2472 2486
6455 4 2 1 1 2262 2261 2472 2486
6456 4 2 1 1 2262 2472 2487 2486
6457 4 2 1 1 2472 2247 2262 2248
6458 4 2 1 1 2262 2472 2248 2473
6459 4 2 1 1 2473 2248 2262 2263
6460 4 2 1 1 2262 2472 2473 2487
6461 4 2 1 1 2263 2262 2473 2487
6462 4 2 1 1 2263 2473 2488 2487
6463 4 2 1 1 2473 2248 2263 2249
6464 4 2 1 1 2263 2473 2249 2474
6465 4 2 1 1 2474 2249 2263 2264
6466 4 2 1 1 2263 2473 2474 2488
6467 4 2 1 1 2264 2263 2474 2488
6468 4 2 1 1 2264 2474 2489 2488
6469 4 2 1 1 2474 2249 2264 2250
6470 4 2 1 1 2264 2474 2250 2475
6471 4 2 1 1 2475 2250 2264 2265
6472 4 2 1 1 2264 2474 2475 2489
6473 4 2 1 1 2265 2264 2475 2489
6474 4 2 1 1 2265 2475 2490 2489
6475 4 2 1 1 2475 2250 2265 2251
6476 4 2 1 1 2265 2475 2251 2476
6477 4 2 1 1 2476 2251 2265 2266
6478 4 2 1 1 2265 2475 2476 2490
6479 4 2 1 1 2266 2265 2476 2490
6480 4 2 1 1 2266 2476 2491 2490
6481 4 2 1 1 2476 2251 2266 2252
6482 4 2 1 1 2266 2476 2252 2477
6483 4 2 1 1 2477 2252 2266 2267
6484 4 2 1 1 2266 2476 2477 2491
6485 4 2 1 1 2267 2266 2477 2491
6486 4 2 1 1 2267 2477 2492 2491
6487 4 2 1 1 2477 2252 2267 2253
6488 4 2 1 1 2267 2477 2253 2478
6489 4 2 1 1 2478 2253 2267 2268
6490 4 2 1 1 2267 2477 2478 2492
6491 4 2 1 1 2268 2267 2478 2492
6492 4 2 1 1 2268 2478 2493 2492
6493 4 2 1 1 2478 2253 2268 2254
6494 4 2 1 1 2268 2478 2254 2479
6495 4 2 1 1 2479 2254 2268 2269
6496 4 2 1 1 2268 2478 2479 2493
6497 4 2 1 1 2269 2268 2479 2493
6498 4 2 1 1 2269 2479 2494 2493
6499 4 2 1 1 2479 2254 2269 2255
6500 4 2 1 1 2269 2479 2255 2480
6501 4 2 1 1 2480 2255 2269 2270
6502 4 2 1 1 2269 2479 2480 2494
6503 4 2 1 1 2270 2269 2480 2494
6504 4 2 1 1 2270 2480 2495 2494
6505 4 2 1 1 2480 2255 2270 2256
6506 4 2 1 1 2270 2480 2256 2481
6507 4 2 1 1 2481 2256 2270 2271
6508 4 2 1 1 2270 2480 2481 2495
6509 4 2 1 1 2271 2270 2481 2495
6510 4 2 1 1 2271 2481 2496 2495
6511 4 2 1 1 2481 2256 2271 2257
6512 4 2 1 1 2271 2481 2257 2482
6513 4 2 1 1 2482 2257 2271 2272
6514 4 2 1 1 2271 2481 2482 2496
6515 4 2 1 1 2272 2271 2482 2496
6516 4 2 1 1 2272 2482 2497 2496
6517 4 2 1 1 2482 2257 2272 2258
6518 4 2 1 1 2272 2482 2258 2483
6519 4 2 1 1 2483 2258 2272 2273
6520 4 2 1 1 2272 2482 2483 2497
6521 4 2 1 1 2273 2272 2483 2497
6522 4 2 1 1 2273 2483 2498 2497
6523 4 2 1 1 2483 2258 2273 461
6524 4 2 1 1 2273 2483 461 476
6525 4 2 1 1 476 461 2273 462
6526 4 2 1 1 2273 2483 476 2498
6527 4 2 1 1 462 2273 476 2498
6528 4 2 1 1 462 476 477 2498
6529 4 2 1 1 252 237 238 2259
6530 4 2 1 1 238 252 2259 2484
6531 4 2 1 1 2484 2259 238 2274
6532 4 2 1 1 238 252 2484 253
6533 4 2 1 1 2274 238 2484 253
6534 4 2 1 1 2274 2484 2499 253
6535 4 2 1 1 2484 2259 2274 2260
6536 4 2 1 1 2274 2484 2260 2485
6537 4 2 1 1 2485 2260 2274 2275
6538 4 2 1 1 2274 2484 2485 2499
6539 4 2 1 1 2275 2274 2485 2499
6540 4 2 1 1 2275 2485 2500 2499
6541 4 2 1 1 2485 2260 2275 2261
6542 4 2 1 1 2275 2485 2261 2486
6543 4 2 1 1 2486 2261 2275 2276
6544 4 2 1 1 2275 2485 2486 2500
6545 4 2 1 1 2276 2275 2486 2500
6546 4 2 1 1 2276 2486 2501 2500
6547 4 2 1 1 2486 2261 2276 2262
6548 4 2 1 1 2276 2486 2262 2487
6549 4 2 1 1 2487 2262 2276 2277
6550 4 2 1 1 2276 2486 2487 2501
6551 4 2 1 1 2277 2276 2487 2501
6552 4 2 1 1 2277 2487 2502 2501
6553 4 2 1 1 2487 2262 2277 2263
6554 4 2 1 1 2277 2487 2263 2488
6555 4 2 1 1 2488 2263 2277 2278
6556 4 2 1 1 2277 2487 2488 2502
6557 4 2 1 1 2278 2277 2488 2502
6558 4 2 1 1 2278 2488 2503 2502
6559 4 2 1 1 2488 2263 2278 2264
6560 4 2 1 1 2278 2488 2264 2489
6561 4 2 1 1 2489 2264 2278 2279
6562 4 2 1 1 2278 2488 2489 2503
6563 4 2 1 1 2279 2278 2489 2503
6564 4 2 1 1 2279 2489 2504 2503
6565 4 2 1 1 2489 2264 2279 2265
6566 4 2 1 1 2279 2489 2265 2490
6567 4 2 1 1 2490 2265 2279 2280
6568 4 2 1 1 2279 2489 2490 2504
6569 4 2 1 1 2280 2279 2490 2504
6570 4 2 1 1 2280 2490 2505 2504
6571 4 2 1 1 2490 2265 2280 2266
6572 4 2 1 1 2280 2490 2266 2491
6573 4 2 1 1 2491 2266 2280 2281
6574 4 2 1 1 2280 2490 2491 2505
6575 4 2 1 1 2281 2280 2491 2505
6576 4 2 1 1 2281 2491 2506 2505
6577 4 2 1 1 2491 2266 2281 2267
6578 4 2 1 1 2281 2491 2267 2492
6579 4 2 1 1 2492 2267 2281 2282
6580 4 2 1 1 2281 2491 2492 2506
6581 4 2 1 1 2282 2281 2492 2506
6582 4 2 1 1 2282 2492 2507 2506
6583 4 2 1 1 2492 2267 2282 2268
6584 4 2 1 1 2282 2492 2268 2493
6585 4 2 1 1 2493 2268 2282 2283
6586 4 2 1 1 2282 2492 2493 2507
6587 4 2 1 1 2283 2282 2493 2507
6588 4 2 1 1 2283 2493 2508 2507
6589 4 2 1 1 2493 2268 2283 2269
6590 4 2 1 1 2283 2493 2269 2494
6591 4 2 1 1 2494 2269 2283 2284
6592 4 2 1 1 2283 2493 2494 2508
6593 4 2 1 1 2284 2283 2494 2508
6594 4 2 1 1 2284 2494 2509 2508
6595 4 2 1 1 2494 2269 2284 2270
6596 4 2 1 1 2284 2494 2270 2495
6597 4 2 1 1 2495 2270 2284 2285
6598 4 2 1 1 2284 2494 2495 2509
6599 4 2 1 1 2285 2284 2495 2509
6600 4 2 1 1 2285 2495 2510 2509
6601 4 2 1 1 2495 2270 2285 2271
6602 4 2 1 1 2285 2495 2271 2496
6603 4 2 1 1 2496 2271 2285 2286
6604 4 2 1 1 2285 2495 2496 2510
6605 4 2 1 1 2286 2285 2496 2510
6606 4 2 1 1 2286 2496 2511 2510
6607 4 2 1 1 2496 2271 2286 2272
6608 4 2 1 1 2286 2496 2272 2497
6609 4 2 1 1 2497 2272 2286 2287
6610 4 2 1 1 2286 2496 2497 2511
6611 4 2 1 1 2287 2286 2497 2511
6612 4 2 1 1 2287 2497 2512 2511
6613 4 2 1 1 2497 2272 2287 2273
6614 4 2 1 1 2287 2497 2273 2498
6615 4 2 1 1 2498 2273 2287 2288
6616 4 2 1 1 2287 2497 2498 2512
6617 4 2 1 1 2288 2287 2498 2512
6618 4 2 1 1 2288 2498 2513 2512
6619 4 2 1 1 2498 2273 2288 462
6620 4 2 1 1 2288 2498 462 477
6621 4 2 1 1 477 462 2288 463
6622 4 2 1 1 2288 2498 477 2513
6623 4 2 1 1 463 2288 477 2513
6624 4 2 1 1 463 477 478 2513
6625 4 2 1 1 253 238 239 2274
6626 4 2 1 1 239 253 2274 2499
6627 4 2 1 1 2499 2274 239 2289
6628 4 2 1 1 239 253 2499 254
6629 4 2 1 1 2289 239 2499 254
6630 4 2 1 1 2289 2499 2514 254
6631 4 2 1 1 2499 2274 2289 2275
6632 4 2 1 1 2289 2499 2275 2500
6633 4 2 1 1 2500 2275 2289 2290
6634 4 2 1 1 2289 2499 2500 2514
6635 4 2 1 1 2290 2289 2500 2514
6636 4 2 1 1 2290 2500 2515 2514
6637 4 2 1 1 2500 2275 2290 2276
6638 4 2 1 1 2290 2500 2276 2501
6639 4 2 1 1 2501 2276 2290 2291
6640 4 2 1 1 2290 2500 2501 2515
6641 4 2 1 1 2291 2290 2501 2515
6642 4 2 1 1 2291 2501 2516 2515
6643 4 2 1 1 2501 2276 2291 2277
6644 4 2 1 1 2291 2501 2277 2502
6645 4 2 1 1 2502 2277 2291 2292
6646 4 2 1 1 2291 2501 2502 2516
6647 4 2 1 1 2292 2291 2502 2516
6648 4 2 1 1 2292 2502 2517 2516
6649 4 2 1 1 2502 2277 2292 2278
6650 4 2 1 1 2292 2502 2278 2503
6651 4 2 1 1 2503 2278 2292 2293
6652 4 2 1 1 2292 2502 2503 2517
6653 4 2 1 1 2293 2292 2503 2517
6654 4 2 1 1 2293 2503 2518 2517
6655 4 2 1 1 2503 2278 2293 2279
6656 4 2 1 1 2293 2503 2279 2504
6657 4 2 1 1 2504 2279 2293 2294
6658 4 2 1 1 2293 2503 2504 2518
6659 4 2 1 1 2294 2293 2504 2518
6660 4 2 1 1 2294 2504 2519 2518
6661 4 2 1 1 2504 2279 2294 2280
6662 4 2 1 1 2294 2504 2280 2505
6663 4 2 1 1 2505 2280 2294 2295
6664 4 2 1 1 2294 2504 2505 2519
6665 4 2 1 1 2295 2294 2505 2519
6666 4 2 1 1 2295 2505 2520 2519
6667 4 2 1 1 2505 2280 2295 2281
6668 4 2 1 1 2295 2505 2281 2506
6669 4 2 1 1 2506 2281 2295 2296
6670 4 2 1 1 2295 2505 2506 2520
6671 4 2 1 1 2296 2295 2506 2520
6672 4 2 1 1 2296 2506 2521 2520
6673 4 2 1 1 2506 2281 2296 2282
6674 4 2 1 1 2296 2506 2282 2507
6675 4 2 1 1 2507 2282 2296 2297
6676 4 2 1 1 2296 2506 2507 2521
6677 4 2 1 1 2297 2296 2507 2521
6678 4 2 1 1 2297 2507 2522 2521
6679 4 2 1 1 2507 2282 2297 2283
6680 4 2 1 1 2297 2507 2283 2508
6681 4 2 1 1 2508 2283 2297 2298
6682 4 2 1 1 2297 2507 2508 2522
6683 4 2 1 1 2298 2297 2508 2522
6684 4 2 1 1 2298 2508 2523 2522
6685 4 2 1 1 2508 2283 2298 2284
6686 4 2 1 1 2298 2508 2284 2509
6687 4 2 1 1 2509 2284 2298 2299
6688 4 2 1 1 2298 2508 2509 2523
6689 4 2 1 1 2299 2298 2509 2523
6690 4 2 1 1 2299 2509 2524 2523
6691 4 2 1 1 2509 2284 2299 2285
6692 4 2 1 1 2299 2509 2285 2510
6693 4 2 1 1 2510 2285 2299 2300
6694 4 2 1 1 2299 2509 2510 2524
6695 4 2 1 1 2300 2299 2510 2524
6696 4 2 1 1 2300 2510 2525 2524
6697 4 2 1 1 2510 2285 2300 2286
6698 4 2 1 1 2300 2510 2286 2511
6699 4 2 1 1 2511 2286 2300 2301
6700 4 2 1 1 2300 2510 2511 2525
6701 4 2 1 1 2301 2300 2511 2525
6702 4 2 1 1 2301 2511 2526 2525
6703 4 2 1 1 2511 2286 2301 2287
6704 4 2 1 1 2301 2511 2287 2512
6705 4 2 1 1 2512 2287 2301 2302
6706 4 2 1 1 2301 2511 2512 2526
6707 4 2 1 1 2302 2301 2512 2526
6708 4 2 1 1 2302 2512 2527 2526
6709 4 2 1 1 2512 2287 2302 2288
6710 4 2 1 1 2302 2512 2288 2513
6711 4 2 1 1 2513 2288 2302 2303
6712 4 2 1 1 2302 2512 2513 2527
6713 4 2 1 1 2303 2302 2513 2527
6714 4 2 1 1 2303 2513 2528 2527
6715 4 2 1 1 2513 2288 2303 463
6716 4 2 1 1 2303 2513 463 478
6717 4 2 1 1 478 463 2303 464
6718 4 2 1 1 2303 2513 478 2528
6719 4 2 1 1 464 2303 478 2528
6720 4 2 1 1 464 478 479 2528
6721 4 2 1 1 254 239 240 2289
6722 4 2 1 1 240 254 2289 2514
6723 4 2 1 1 2514 2289 240 2304
6724 4 2 1 1 240 254 2514 255
6725 4 2 1 1 2304 240 2514 255
6726 4 2 1 1 2304 2514 2529 255
6727 4 2 1 1 2514 2289 2304 2290
6728 4 2 1 1 2304 2514 2290 2515
6729 4 2 1 1 2515 2290 2304 2305
6730 4 2 1 1 2304 2514 2515 2529
6731 4 2 1 1 2305 2304 2515 2529
6732 4 2 1 1 2305 2515 2530 2529
6733 4 2 1 1 2515 2290 2305 2291
6734 4 2 1 1 2305 2515 2291 2516
6735 4 2 1 1 2516 2291 2305 2306
6736 4 2 1 1 2305 2515 2516 2530
6737 4 2 1 1 2306 2305 2516 2530
6738 4 2 1 1 2306 2516 2531 2530
6739 4 2 1 1 2516 2291 2306 2292
6740 4 2 1 1 2306 2516 2292 2517
6741 4 2 1 1 2517 2292 2306 2307
6742 4 2 1 1 2306 2516 2517 2531
6743 4 2 1 1 2307 2306 2517 2531
6744 4 2 1 1 2307 2517 2532 2531
6745 4 2 1 1 2517 2292 2307 2293
6746 4 2 1 1 2307 2517 2293 2518
6747 4 2 1 1 2518 2293 2307 2308
6748 4 2 1 1 2307 2517 2518 2532
6749 4 2 1 1 2308 2307 2518 2532
6750 4 2 1 1 2308 2518 2533 2532
6751 4 2 1 1 2518 2293 2308 2294
6752 4 2 1 1 2308 2518 2294 2519
6753 4 2 1 1 2519 2294 2308 2309
6754 4 2 1 1 2308 2518 2519 2533
6755 4 2 1 1 2309 2308 2519 2533
6756 4 2 1 1 2309 2519 2534 2533
6757 4 2 1 1 2519 2294 2309 2295
6758 4 2 1 1 2309 2519 2295 2520
6759 4 2 1 1 2520 2295 2309 2310
6760 4 2 1 1 2309 2519 2520 2534
6761 4 2 1 1 2310 2309 2520 2534
6762 4 2 1 1 2310 2520 2535 2534
6763 4 2 1 1 2520 2295 2310 2296
6764 4 2 1 1 2310 2520 2296 2521
6765 4 2 1 1 2521 2296 2310 2311
6766 4 2 1 1 2310 2520 2521 2535
6767 4 2 1 1 2311 2310 2521 2535
6768 4 2 1 1 2311 2521 2536 2535
6769 4 2 1 1 2521 2296 2311 2297
6770 4 2 1 1 2311 2521 2297 2522
6771 4 2 1 1 2522 2297 2311 2312
6772 4 2 1 1 2311 2521 2522 2536
6773 4 2 1 1 2312 2311 2522 2536
6774 4 2 1 1 2312 2522 2537 2536
6775 4 2 1 1 2522 2297 2312 2298
6776 4 2 1 1 2312 2522 2298 2523
6777 4 2 1 1 2523 2298 2312 2313
6778 4 2 1 1 2312 2522 2523 2537
6779 4 2 1 1 2313 2312 2523 2537
6780 4 2 1 1 2313 2523 2538 2537
6781 4 2 1 1 2523 2298 2313 2299
6782 4 2 1 1 2313 2523 2299 2524
6783 4 2 1 1 2524 2299 2313 2314
6784 4 2 1 1 2313 2523 2524 2538
6785 4 2 1 1 2314 2313 2524 2538
6786 4 2 1 1 2314 2524 2539 2538
6787 4 2 1 1 2524 2299 2314 2300
6788 4 2 1 1 2314 2524 2300 2525
6789 4 2 1 1 2525 2300 2314 2315
6790 4 2 1 1 2314 2524 2525 2539
6791 4 2 1 1 2315 2314 2525 2539
6792 4 2 1 1 2315 2525 2540 2539
6793 4 2 1 1 2525 2300 2315 2301
6794 4 2 1 1 2315 2525 2301 2526
6795 4 2 1 1 2526 2301 2315 2316
6796 4 2 1 1 2315 2525 2526 2540
6797 4 2 1 1 2316 2315 2526 2540
6798 4 2 1 1 2316 2526 2541 2540
6799 4 2 1 1 2526 2301 2316 2302
6800 4 2 1 1 2316 2526 2302 2527
6801 4 2 1 1 2527 2302 2316 2317
6802 4 2 1 1 2316 2526 2527 2541
6803 4 2 1 1 2317 2316 2527 2541
6804 4 2 1 1 2317 2527 2542 2541
6805 4 2 1 1 2527 2302 2317 2303
6806 4 2 1 1 2317 2527 2303 2528
6807 4 2 1 1 2528 2303 2317 2318
6808 4 2 1 1 2317 2527 2528 2542
6809 4 2 1 1 2318 2317 2528 2542
6810 4 2 1 1 2318 2528 2543 2542
6811 4 2 1 1 2528 2303 2318 464
6812 4 2 1 1 2318 2528 464 479
6813 4 2 1 1 479 464 2318 465
6814 4 2 1 1 2318 2528 479 2543
6815 4 2 1 1 465 2318 479 2543
6816 4 2 1 1 465 479 480 2543
6817 4 2 1 1 255 240 241 2304
6818 4 2 1 1 241 255 2304 2529
6819 4 2 1 1 2529 2304 241 2319
6820 4 2 1 1 241 255 2529 256
6821 4 2 1 1 2319 241 2529 256
6822 4 2 1 1 2319 2529 2544 256
6823 4 2 1 1 2529 2304 2319 2305
6824 4 2 1 1 2319 2529 2305 2530
6825 4 2 1 1 2530 2305 2319 2320
6826 4 2 1 1 2319 2529 2530 2544
6827 4 2 1 1 2320 2319 2530 2544
6828 4 2 1 1 2320 2530 2545 2544
6829 4 2 1 1 2530 2305 2320 2306
6830 4 2 1 1 2320 2530 2306 2531
6831 4 2 1 1 2531 2306 2320 2321
6832 4 2 1 1 2320 2530 2531 2545
6833 4 2 1 1 2321 2320 2531 2545
6834 4 2 1 1 2321 2531 2546 2545
6835 4 2 1 1 2531 2306 2321 2307
6836 4 2 1 1 2321 2531 2307 2532
6837 4 2 1 1 2532 2307 2321 2322
6838 4 2 1 1 2321 2531 2532 2546
6839 4 2 1 1 2322 2321 2532 2546
6840 4 2 1 1 2322 2532 2547 2546
6841 4 2 1 1 2532 2307 2322 2308
6842 4 2 1 1 2322 2532 2308 2533
6843 4 2 1 1 2533 2308 2322 2323
6844 4 2 1 1 2322 2532 2533 2547
6845 4 2 1 1 2323 2322 2533 2547
6846 4 2 1 1 2323 2533 2548 2547
6847 4 2 1 1 2533 2308 2323 2309
6848 4 2 1 1 2323 2533 2309 2534
6849 4 2 1 1 2534 2309 2323 2324
6850 4 2 1 1 2323 2533 2534 2548
6851 4 2 1 1 2324 2323 2534 2548
6852 4 2 1 1 2324 2534 2549 2548
6853 4 2 1 1 2534 2309 2324 2310
6854 4 2 1 1 2324 2534 2310 2535
6855 4 2 1 1 2535 2310 2324 2325
6856 4 2 1 1 2324 2534 2535 2549
6857 4 2 1 1 2325 2324 2535 2549
6858 4 2 1 1 2325 2535 2550 2549
6859 4 2 1 1 2535 2310 2325 2311
6860 4 2 1 1 2325 2535 2311 2536
6861 4 2 1 1 2536 2311 2325 2326
6862 4 2 1 1 2325 2535 2536 2550
6863 4 2 1 1 2326 2325 2536 2550
6864 4 2 1 1 2326 2536 2551 2550
6865 4 2 1 1 2536 2311 2326 2312
6866 4 2 1 1 2326 2536 2312 2537
6867 4 2 1 1 2537 2312 2326 2327
6868 4 2 1 1 2326 2536 2537 2551
6869 4 2 1 1 2327 2326 2537 2551
6870 4 2 1 1 2327 2537 2552 2551
6871 4 2 1 1 2537 2312 2327 2313
6872 4 2 1 1 2327 2537 2313 2538
6873 4 2 1 1 2538 2313 2327 2328
6874 4 2 1 1 2327 2537 2538 2552
6875 4 2 1 1 2328 2327 2538 2552
6876 4 2 1 1 2328 2538 2553 2552
6877 4 2 1 1 2538 2313 2328 2314
6878 4 2 1 1 2328 2538 2314 2539
6879 4 2 1 1 2539 2314 2328 2329
6880 4 2 1 1 2328 2538 2539 2553
6881 4 2 1 1 2329 2328 2539 2553
6882 4 2 1 1 2329 2539 2554 2553
6883 4 2 1 1 2539 2314 2329 2315
6884 4 2 1 1 2329 2539 2315 2540
6885 4 2 1 1 2540 2315 2329 2330
6886 4 2 1 1 2329 2539 2540 2554
6887 4 2 1 1 2330 2329 2540 2554
6888 4 2 1 1 2330 2540 2555 2554
6889 4 2 1 1 2540 2315 2330 2316
6890 4 2 1 1 2330 2540 2316 2541
6891 4 2 1 1 2541 2316 2330 2331
6892 4 2 1 1 2330 2540 2541 2555
6893 4 2 1 1 2331 2330 2541 2555
6894 4 2 1 1 2331 2541 2556 2555
6895 4 2 1 1 2541 2316 2331 2317
6896 4 2 1 1 2331 2541 2317 2542
6897 4 2 1 1 2542 2317 2331 2332
6898 4 2 1 1 2331 2541 2542 2556
6899 4 2 1 1 2332 2331 2542 2556
6900 4 2 1 1 2332 2542 2557 2556
6901 4 2 1 1 2542 2317 2332 2318
6902 4 2 1 1 2332 2542 2318 2543
6903 4 2 1 1 2543 2318 2332 2333
6904 4 2 1 1 2332 2542 2543 2557
6905 4 2 1 1 2333 2332 2543 2557
6906 4 2 1 1 2333 2543 2558 2557
6907 4 2 1 1 2543 2318 2333 465
6908 4 2 1 1 2333 2543 465 480
6909 4 2 1 1 480 465 2333 466
6910 4 2 1 1 2333 2543 480 2558
6911 4 2 1 1 466 2333 480 2558
6912 4 2 1 1 466 480 481 2558
6913 4 2 1 1 256 241 242 2319
6914 4 2 1 1 242 256 2319 2544
6915 4 2 1 1 2544 2319 242 2334
6916 4 2 1 1 242 256 2544 257
6917 4 2 1 1 2334 242 2544 257
6918 4 2 1 1 2334 2544 2559 257
6919 4 2 1 1 2544 2319 2334 2320
6920 4 2 1 1 2334 2544 2320 2545
6921 4 2 1 1 2545 2320 2334 2335
6922 4 2 1 1 2334 2544 2545 2559
6923 4 2 1 1 2335 2334 2545 2559
6924 4 2 1 1 2335 2545 2560 2559
6925 4 2 1 1 2545 2320 2335 2321
6926 4 2 1 1 2335 2545 2321 2546
6927 4 2 1 1 2546 2321 2335 2336
6928 4 2 1 1 2335 2545 2546 2560
6929 4 2 1 1 2336 2335 2546 2560
6930 4 2 1 1 2336 2546 2561 2560
6931 4 2 1 1 2546 2321 2336 2322
6932 4 2 1 1 2336 2546 2322 2547
6933 4 2 1 1 2547 2322 2336 2337
6934 4 2 1 1 2336 2546 2547 2561
6935 4 2 1 1 2337 2336 2547 2561
6936 4 2 1 1 2337 2547 2562 2561
6937 4 2 1 1 2547 2322 2337 2323
6938 4 2 1 1 2337 2547 2323 2548
6939 4 2 1 1 2548 2323 2337 2338
6940 4 2 1 1 2337 2547 2548 2562
6941 4 2 1 1 2338 2337 2548 2562
6942 4 2 1 1 2338 2548 2563 2562
6943 4 2 1 1 2548 2323 2338 2324
6944 4 2 1 1 2338 2548 2324 2549
6945 4 2 1 1 2549 2324 2338 2339
6946 4 2 1 1 2338 2548 2549 2563
6947 4 2 1 1 2339 2338 2549 2563
6948 4 2 1 1 2339 2549 2564 2563
6949 4 2 1 1 2549 2324 2339 2325
6950 4 2 1 1 2339 2549 2325 2550
6951 4 2 1 1 2550 2325 2339 2340
6952 4 2 1 1 2339 2549 2550 2564
6953 4 2 1 1 2340 2339 2550 2564
6954 4 2 1 1 2340 2550 2565 2564
6955 4 2 1 1 2550 2325 2340 2326
6956 4 2 1 1 2340 2550 2326 2551
6957 4 2 1 1 2551 2326 2340 2341
6958 4 2 1 1 2340 2550 2551 2565
6959 4 2 1 1 2341 2340 2551 2565
6960 4 2 1 1 2341 2551 2566 2565
6961 4 2 1 1 2551 2326 2341 2327
6962 4 2 1 1 2341 2551 2327 2552
6963 4 2 1 1 2552 2327 2341 2342
6964 4 2 1 1 2341 2551 2552 2566
6965 4 2 1 1 2342 2341 2552 2566
6966 4 2 1 1 2342 2552 2567 2566
6967 4 2 1 1 2552 2327 2342 2328
6968 4 2 1 1 2342 2552 2328 2553
6969 4 2 1 1 2553 2328 2342 2343
6970 4 2 1 1 2342 2552 2553 2567
6971 4 2 1 1 2343 2342 2553 2567
6972 4 2 1 1 2343 2553 2568 2567
6973 4 2 1 1 2553 2328 2343 2329
6974 4 2 1 1 2343 2553 2329 2554
6975 4 2 1 1 2554 2329 2343 2344
6976 4 2 1 1 2343 2553 2554 2568
6977 4 2 1 1 2344 2343 2554 2568
6978 4 2 1 1 2344 2554 2569 2568
6979 4 2 1 1 2554 2329 2344 2330
6980 4 2 1 1 2344 2554 2330 2555
6981 4 2 1 1 2555 2330 2344 2345
6982 4 2 1 1 2344 2554 2555 2569
6983 4 2 1 1 2345 2344 2555 2569
6984 4 2 1 1 2345 2555 2570 2569
6985 4 2 1 1 2555 2330 2345 2331
6986 4 2 1 1 2345 2555 2331 2556
6987 4 2 1 1 2556 2331 2345 2346
6988 4 2 1 1 2345 2555 2556 2570
6989 4 2 1 1 2346 2345 2556 2570
6990 4 2 1 1 2346 2556 2571 2570
6991 4 2 1 1 2556 2331 2346 2332
6992 4 2 1 1 2346 2556 2332 2557
6993 4 2 1 1 2557 2332 2346 2347
6994 4 2 1 1 2346 2556 2557 2571
6995 4 2 1 1 2347 2346 2557 2571
6996 4 2 1 1 2347 2557 2572 2571
6997 4 2 1 1 2557 2332 2347 2333
6998 4 2 1 1 2347 2557 2333 2558
6999 4 2 1 1 2558 2333 2347 2348
7000 4 2 1 1 2347 2557 2558 2572
7001 4 2 1 1 2348 2347 2558 2572
7002 4 2 1 1 2348 2558 2573 2572
7003 4 2 1 1 2558 2333 2348 466
7004 4 2 1 1 2348 2558 466 481
7005 4 2 1 1 481 466 2348 467
7006 4 2 1 1 2348 2558 481 2573
7007 4 2 1 1 467 2348 481 2573
7008 4 2 1 1 467 481 482 2573
7009 4 2 1 1 257 242 243 2334
7010 4 2 1 1 243 257 2334 2559
7011 4 2 1 1 2559 2334 243 2349
7012 4 2 1 1 243 257 2559 258
7013 4 2 1 1 2349 243 2559 258
7014 4 2 1 1 2349 2559 2574 258
7015 4 2 1 1 2559 2334 2349 2335
7016 4 2 1 1 2349 2559 2335 2560
7017 4 2 1 1 2560 2335 2349 2350
7018 4 2 1 1 2349 2559 2560 2574
7019 4 2 1 1 2350 2349 2560 2574
7020 4 2 1 1 2350 2560 2575 2574
7021 4 2 1 1 2560 2335 2350 2336
7022 4 2 1 1 2350 2560 2336 2561
7023 4 2 1 1 2561 2336 2350 2351
7024 4 2 1 1 2350 2560 2561 2575
7025 4 2 1 1 2351 2350 2561 2575
7026 4 2 1 1 2351 2561 2576 2575
7027 4 2 1 1 2561 2336 2351 2337
7028 4 2 1 1 2351 2561 2337 2562
7029 4 2 1 1 2562 2337 2351 2352
7030 4 2 1 1 2351 2561 2562 2576
7031 4 2 1 1 2352 2351 2562 2576
7032 4 2 1 1 2352 2562 2577 2576
7033 4 2 1 1 2562 2337 2352 2338
7034 4 2 1 1 2352 2562 2338 2563
7035 4 2 1 1 2563 2338 2352 2353
7036 4 2 1 1 2352 2562 2563 2577
7037 4 2 1 1 2353 2352 2563 2577
7038 4 2 1 1 2353 2563 2578 2577
7039 4 2 1 1 2563 2338 2353 2339
7040 4 2 1 1 2353 2563 2339 2564
7041 4 2 1 1 2564 2339 2353 2354
7042 4 2 1 1 2353 2563 2564 2578
7043 4 2 1 1 2354 2353 2564 2578
7044 4 2 1 1 2354 2564 2579 2578
7045 4 2 1 1 2564 2339 2354 2340
7046 4 2 1 1 2354 2564 2340 2565
7047 4 2 1 1 2565 2340 2354 2355
7048 4 2 1 1 2354 2564 2565 2579
7049 4 2 1 1 2355 2354 2565 2579
7050 4 2 1 1 2355 2565 2580 2579
7051 4 2 1 1 2565 2340 2355 2341
7052 4 2 1 1 2355 2565 2341 2566
7053 4 2 1 1 2566 2341 2355 2356
7054 4 2 1 1 2355 2565 2566 2580
7055 4 2 1 1 2356 2355 2566 2580
7056 4 2 1 1 2356 2566 2581 2580
7057 4 2 1 1 2566 2341 2356 2342
7058 4 2 1 1 2356 2566 2342 2567
7059 4 2 1 1 2567 2342 2356 2357
7060 4 2 1 1 2356 2566 2567 2581
7061 4 2 1 1 2357 2356 2567 2581
7062 4 2 1 1 2357 2567 2582 2581
7063 4 2 1 1 2567 2342 2357 2343
7064 4 2 1 1 2357 2567 2343 2568
7065 4 2 1 1 2568 2343 2357 2358
7066 4 2 1 1 2357 2567 2568 2582
7067 4 2 1 1 2358 2357 2568 2582
7068 4 2 1 1 2358 2568 2583 2582
7069 4 2 1 1 2568 2343 2358 2344
7070 4 2 1 1 2358 2568 2344 2569
7071 4 2 1 1 2569 2344 2358 2359
7072 4 2 1 1 2358 2568 2569 2583
7073 4 2 1 1 2359 2358 2569 2583
7074 4 2 1 1 2359 2569 2584 2583
7075 4 2 1 1 2569 2344 2359 2345
7076 4 2 1 1 2359 2569 2345 2570
7077 4 2 1 1 2570 2345 2359 2360
7078 4 2 1 1 2359 2569 2570 2584
7079 4 2 1 1 2360 2359 2570 2584
7080 4 2 1 1 2360 2570 2585 2584
7081 4 2 1 1 2570 2345 2360 2346
7082 4 2 1 1 2360 2570 2346 2571
7083 4 2 1 1 2571 2346 2360 2361
7084 4 2 1 1 2360 2570 2571 2585
7085 4 2 1 1 2361 2360 2571 2585
7086 4 2 1 1 2361 2571 2586 2585
7087 4 2 1 1 2571 2346 2361 2347
7088 4 2 1 1 2361 2571 2347 2572
7089 4 2 1 1 2572 2347 2361 2362
7090 4 2 1 1 2361 2571 2572 2586
7091 4 2 1 1 2362 2361 2572 2586
7092 4 2 1 1 2362 2572 2587 2586
7093 4 2 1 1 2572 2347 2362 2348
7094 4 2 1 1 2362 2572 2348 2573
7095 4 2 1 1 2573 2348 2362 2363
7096 4 2 1 1 2362 2572 2573 2587
7097 4 2 1 1 2363 2362 2573 2587
7098 4 2 1 1 2363 2573 2588 2587
7099 4 2 1 1 2573 2348 2363 467
7100 4 2 1 1 2363 2573 467 482
7101 4 2 1 1 482 467 2363 468
7102 4 2 1 1 2363 2573 482 2588
7103 4 2 1 1 468 2363 482 2588
7104 4 2 1 1 468 482 483 2588
7105 4 2 1 1 258 243 244 2349
7106 4 2 1 1 244 258 2349 2574
7107 4 2 1 1 2574 2349 244 2364
7108 4 2 1 1 244 258 2574 259
7109 4 2 1 1 2364 244 2574 259
7110 4 2 1 1 2364 2574 2589 259
7111 4 2 1 1 2574 2349 2364 2350
7112 4 2 1 1 2364 2574 2350 2575
7113 4 2 1 1 2575 2350 2364 2365
7114 4 2 1 1 2364 2574 2575 2589
7115 4 2 1 1 2365 2364 2575 2589
7116 4 2 1 1 2365 2575 2590 2589
7117 4 2 1 1 2575 2350 2365 2351
7118 4 2 1 1 2365 2575 2351 2576
7119 4 2 1 1 2576 2351 2365 2366
7120 4 2 1 1 2365 2575 2576 2590
7121 4 2 1 1 2366 2365 2576 2590
7122 4 2 1 1 2366 2576 2591 2590
7123 4 2 1 1 2576 2351 2366 2352
7124 4 2 1 1 2366 2576 2352 2577
7125 4 2 1 1 2577 2352 2366 2367
7126 4 2 1 1 2366 2576 2577 2591
7127 4 2 1 1 2367 2366 2577 2591
7128 4 2 1 1 2367 2577 2592 2591
7129 4 2 1 1 2577 2352 2367 2353
7130 4 2 1 1 2367 2577 2353 2578
7131 4 2 1 1 2578 2353 2367 2368
7132 4 2 1 1 2367 2577 2578 2592
7133 4 2 1 1 2368 2367 2578 2592
7134 4 2 1 1 2368 2578 2593 2592
7135 4 2 1 1 2578 2353 2368 2354
7136 4 2 1 1 2368 2578 2354 2579
7137 4 2 1 1 2579 2354 2368 2369
7138 4 2 1 1 2368 2578 2579 2593
7139 4 2 1 1 2369 2368 2579 2593
7140 4 2 1 1 2369 2579 2594 2593
7141 4 2 1 1 2579 2354 2369 2355
7142 4 2 1 1 2369 2579 2355 2580
7143 4 2 1 1 2580 2355 2369 2370
7144 4 2 1 1 2369 2579 2580 2594
7145 4 2 1 1 2370 2369 2580 2594
7146 4 2 1 1 2370 2580 2595 2594
7147 4 2 1 1 2580 2355 2370 2356
7148 4 2 1 1 2370 2580 2356 2581
7149 4 2 1 1 2581 2356 2370 2371
7150 4 2 1 1 2370 2580 2581 2595
7151 4 2 1 1 2371 2370 2581 2595
7152 4 2 1 1 2371 2581 2596 2595
7153 4 2 1 1 2581 2356 2371 2357
7154 4 2 1 1 2371 2581 2357 2582
7155 4 2 1 1 2582 2357 2371 2372
7156 4 2 1 1 2371 2581 2582 2596
7157 4 2 1 1 2372 2371 2582 2596
7158 4 2 1 1 2372 2582 2597 2596
7159 4 2 1 1 2582 2357 2372 2358
7160 4 2 1 1 2372 2582 2358 2583
7161 4 2 1 1 2583 2358 2372 2373
7162 4 2 1 1 2372 2582 2583 2597
7163 4 2 1 1 2373 2372 2583 2597
7164 4 2 1 1 2373 2583 2598 2597
7165 4 2 1 1 2583 2358 2373 2359
7166 4 2 1 1 2373 2583 2359 2584
7167 4 2 1 1 2584 2359 2373 2374
7168 4 2 1 1 2373 2583 2584 2598
7169 4 2 1 1 2374 2373 2584 2598
7170 4 2 1 1 2374 2584 2599 2598
7171 4 2 1 1 2584 2359 2374 2360
7172 4 2 1 1 2374 2584 2360 2585
7173 4 2 1 1 2585 2360 2374 2375
7174 4 2 1 1 2374 2584 2585 2599
7175 4 2 1 1 2375 2374 2585 2599
7176 4 2 1 1 2375 2585 2600 2599
7177 4 2 1 1 2585 2360 2375 2361
7178 4 2 1 1 2375 2585 2361 2586
7179 4 2 1 1 2586 2361 2375 2376
7180 4 2 1 1 2375 2585 2586 2600
7181 4 2 1 1 2376 2375 2586 2600
7182 4 2 1 1 2376 2586 2601 2600
7183 4 2 1 1 2586 2361 2376 2362
7184 4 2 1 1 2376 2586 2362 2587
7185 4 2 1 1 2587 2362 2376 2377
7186 4 2 1 1 2376 2586 2587 2601
7187 4 2 1 1 2377 2376 2587 2601
7188 4 2 1 1 2377 2587 2602 2601
7189 4 2 1 1 2587 2362 2377 2363
7190 4 2 1 1 2377 2587 2363 2588
7191 4 2 1 1 2588 2363 2377 2378
7192 4 2 1 1 2377 2587 2588 2602
7193 4 2 1 1 2378 2377 2588 2602
7194 4 2 1 1 2378 2588 2603 2602
7195 4 2 1 1 2588 2363 2378 468
7196 4 2 1 1 2378 2588 468 483
7197 4 2 1 1 483 468 2378 469
7198 4 2 1 1 2378 2588 483 2603
7199 4 2 1 1 469 2378 483 2603
7200 4 2 1 1 469 483 484 2603
7201 4 2 1 1 259 244 245 2364
7202 4 2 1 1 245 259 2364 2589
7203 4 2 1 1 2589 2364 245 2379
7204 4 2 1 1 245 259 2589 260
7205 4 2 1 1 2379 245 2589 260
7206 4 2 1 1 2379 2589 2604 260
7207 4 2 1 1 2589 2364 2379 2365
7208 4 2 1 1 2379 2589 2365 2590
7209 4 2 1 1 2590 2365 2379 2380
7210 4 2 1 1 2379 2589 2590 2604
7211 4 2 1 1 2380 2379 2590 2604
7212 4 2 1 1 2380 2590 2605 2604
7213 4 2 1 1 2590 2365 2380 2366
7214 4 2 1 1 2380 2590 2366 2591
7215 4 2 1 1 2591 2366 2380 2381
7216 4 2 1 1 2380 2590 2591 2605
7217 4 2 1 1 2381 2380 2591 2605
7218 4 2 1 1 2381 2591 2606 2605
7219 4 2 1 1 2591 2366 2381 2367
7220 4 2 1 1 2381 2591 2367 2592
7221 4 2 1 1 2592 2367 2381 2382
7222 4 2 1 1 2381 2591 2592 2606
7223 4 2 1 1 2382 2381 2592 2606
7224 4 2 1 1 2382 2592 2607 2606
7225 4 2 1 1 2592 2367 2382 2368
7226 4 2 1 1 2382 2592 2368 2593
7227 4 2 1 1 2593 2368 2382 2383
7228 4 2 1 1 2382 2592 2593 2607
7229 4 2 1 1 2383 2382 2593 2607
7230 4 2 1 1 2383 2593 2608 2607
7231 4 2 1 1 2593 2368 2383 2369
7232 4 2 1 1 2383 2593 2369 2594
7233 4 2 1 1 2594 2369 2383 2384
7234 4 2 1 1 2383 2593 2594 2608
7235 4 2 1 1 2384 2383 2594 2608
7236 4 2 1 1 2384 2594 2609 2608
7237 4 2 1 1 2594 2369 2384 2370
7238 4 2 1 1 2384 2594 2370 2595
7239 4 2 1 1 2595 2370 2384 2385
7240 4 2 1 1 2384 2594 2595 2609
7241 4 2 1 1 2385 2384 2595 2609
7242 4 2 1 1 2385 2595 2610 2609
7243 4 2 1 1 2595 2370 2385 2371
7244 4 2 1 1 2385 2595 2371 2596
7245 4 2 1 1 2596 2371 2385 2386
7246 4 2 1 1 2385 2595 2596 2610
7247 4 2 1 1 2386 2385 2596 2610
7248 4 2 1 1 2386 2596 2611 2610
7249 4 2 1 1 2596 2371 2386 2372
7250 4 2 1 1 2386 2596 2372 2597
7251 4 2 1 1 2597 2372 2386 2387
7252 4 2 1 1 2386 2596 2597 2611
7253 4 2 1 1 2387 2386 2597 2611
7254 4 2 1 1 2387 2597 2612 2611
7255 4 2 1 1 2597 2372 2387 2373
7256 4 2 1 1 2387 2597 2373 2598
7257 4 2 1 1 2598 2373 2387 2388
7258 4 2 1 1 2387 2597 2598 2612
7259 4 2 1 1 2388 2387 2598 2612
7260 4 2 1 1 2388 2598 2613 2612
7261 4 2 1 1 2598 2373 2388 2374
7262 4 2 1 1 2388 2598 2374 2599
7263 4 2 1 1 2599 2374 2388 2389
7264 4 2 1 1 2388 2598 2599 2613
7265 4 2 1 1 2389 2388 2599 2613
7266 4 2 1 1 2389 2599 2614 2613
7267 4 2 1 1 2599 2374 2389 2375
7268 4 2 1 1 2389 2599 2375 2600
7269 4 2 1 1 2600 2375 2389 2390
7270 4 2 1 1 2389 2599 2600 2614
7271 4 2 1 1 2390 2389 2600 2614
7272 4 2 1 1 2390 2600 2615 2614
7273 4 2 1 1 2600 2375 2390 2376
7274 4 2 1 1 2390 2600 2376 2601
7275 4 2 1 1 2601 2376 2390 2391
7276 4 2 1 1 2390 2600 2601 2615
7277 4 2 1 1 2391 2390 2601 2615
7278 4 2 1 1 2391 2601 2616 2615
7279 4 2 1 1 2601 2376 2391 2377
7280 4 2 1 1 2391 2601 2377 2602
7281 4 2 1 1 2602 2377 2391 2392
7282 4 2 1 1 2391 2601 2602 2616
7283 4 2 1 1 2392 2391 2602 2616
7284 4 2 1 1 2392 2602 2617 2616
7285 4 2 1 1 2602 2377 2392 2378
7286 4 2 1 1 2392 2602 2378 2603
7287 4 2 1 1 2603 2378 2392 2393
7288 4 2 1 1 2392 2602 2603 2617
7289 4 2 1 1 2393 2392 2603 2617
7290 4 2 1 1 2393 2603 2618 2617
7291 4 2 1 1 2603 2378 2393 469
7292 4 2 1 1 2393 2603 469 484
7293 4 2 1 1 484 469 2393 470
7294 4 2 1 1 2393 2603 484 2618
7295 4 2 1 1 470 2393 484 2618
7296 4 2 1 1 470 484 485 2618
7297 4 2 1 1 260 245 246 2379
7298 4 2 1 1 246 260 2379 2604
7299 4 2 1 1 2604 2379 246 2394
7300 4 2 1 1 246 260 2604 261
7301 4 2 1 1 2394 246 2604 261
7302 4 2 1 1 2394 2604 2619 261
7303 4 2 1 1 2604 2379 2394 2380
7304 4 2 1 1 2394 2604 2380 2605
7305 4 2 1 1 2605 2380 2394 2395
7306 4 2 1 1 2394 2604 2605 2619
7307 4 2 1 1 2395 2394 2605 2619
7308 4 2 1 1 2395 2605 2620 2619
7309 4 2 1 1 2605 2380 2395 2381
7310 4 2 1 1 2395 2605 2381 2606
7311 4 2 1 1 2606 2381 2395 2396
7312 4 2 1 1 2395 2605 2606 2620
7313 4 2 1 1 2396 2395 2606 2620
7314 4 2 1 1 2396 2606 2621 2620
7315 4 2 1 1 2606 2381 2396 2382
7316 4 2 1 1 2396 2606 2382 2607
7317 4 2 1 1 2607 2382 2396 2397
7318 4 2 1 1 2396 2606 2607 2621
7319 4 2 1 1 2397 2396 2607 2621
7320 4 2 1 1 2397 2607 2622 2621
7321 4 2 1 1 2607 2382 2397 2383
7322 4 2 1 1 2397 2607 2383 2608
7323 4 2 1 1 2608 2383 2397 2398
7324 4 2 1 1 2397 2607 2608 2622
7325 4 2 1 1 2398 2397 2608 2622
7326 4 2 1 1 2398 2608 2623 2622
7327 4 2 1 1 2608 2383 2398 2384
7328 4 2 1 1 2398 2608 2384 2609
7329 4 2 1 1 2609 2384 2398 2399
7330 4 2 1 1 2398 2608 2609 2623
7331 4 2 1 1 2399 2398 2609 2623
7332 4 2 1 1 2399 2609 2624 2623
7333 4 2 1 1 2609 2384 2399 2385
7334 4 2 1 1 2399 2609 2385 2610
7335 4 2 1 1 2610 2385 2399 2400
7336 4 2 1 1 2399 2609 2610 2624
7337 4 2 1 1 2400 2399 2610 2624
7338 4 2 1 1 2400 2610 2625 2624
7339 4 2 1 1 2610 2385 2400 2386
7340 4 2 1 1 2400 2610 2386 2611
7341 4 2 1 1 2611 2386 2400 2401
7342 4 2 1 1 2400 2610 2611 2625
7343 4 2 1 1 2401 2400 2611 2625
7344 4 2 1 1 2401 2611 2626 2625
7345 4 2 1 1 2611 2386 2401 2387
7346 4 2 1 1 2401 2611 2387 2612
7347 4 2 1 1 2612 2387 2401 2402
7348 4 2 1 1 2401 2611 2612 2626
7349 4 2 1 1 2402 2401 2612 2626
7350 4 2 1 1 2402 2612 2627 2626
7351 4 2 1 1 2612 2387 2402 2388
7352 4 2 1 1 2402 2612 2388 2613
7353 4 2 1 1 2613 2388 2402 2403
7354 4 2 1 1 2402 2612 2613 2627
7355 4 2 1 1 2403 2402 2613 2627
7356 4 2 1 1 2403 2613 2628 2627
7357 4 2 1 1 2613 2388 2403 2389
7358 4 2 1 1 2403 2613 2389 2614
7359 4 2 1 1 2614 2389 2403 2404
7360 4 2 1 1 2403 2613 2614 2628
7361 4 2 1 1 2404 2403 2614 2628
7362 4 2 1 1 2404 2614 2629 2628
7363 4 2 1 1 2614 2389 2404 2390
7364 4 2 1 1 2404 2614 2390 2615
7365 4 2 1 1 2615 2390 2404 2405
7366 4 2 1 1 2404 2614 2615 2629
7367 4 2 1 1 2405 2404 2615 2629
7368 4 2 1 1 2405 2615 2630 2629
7369 4 2 1 1 2615 2390 2405 2391
7370 4 2 1 1 2405 2615 2391 2616
7371 4 2 1 1 2616 2391 2405 2406
7372 4 2 1 1 2405 2615 2616 2630
7373 4 2 1 1 2406 2405 2616 2630
7374 4 2 1 1 2406 2616 2631 2630
7375 4 2 1 1 2616 2391 2406 2392
7376 4 2 1 1 2406 2616 2392 2617
7377 4 2 1 1 2617 2392 2406 2407
7378 4 2 1 1 2406 2616 2617 2631
7379 4 2 1 1 2407 2406 2617 2631
7380 4 2 1 1 2407 2617 2632 2631
7381 4 2 1 1 2617 2392 2407 2393
7382 4 2 1 1 2407 2617 2393 2618
7383 4 2 1 1 2618 2393 2407 2408
7384 4 2 1 1 2407 2617 2618 2632
7385 4 2 1 1 2408 2407 2618 2632
7386 4 2 1 1 2408 2618 2633 2632
7387 4 2 1 1 2618 2393 2408 470
7388 4 2 1 1 2408 2618 470 485
7389 4 2 1 1 485 470 2408 471
7390 4 2 1 1 2408 2618 485 2633
7391 4 2 1 1 471 2408 485 2633
7392 4 2 1 1 471 485 486 2633
7393 4 2 1 1 261 246 247 2394
7394 4 2 1 1 247 261 2394 2619
7395 4 2 1 1 2619 2394 247 2409
7396 4 2 1 1 247 261 2619 262
7397 4 2 1 1 2409 247 2619 262
7398 4 2 1 1 2409 2619 2634 262
7399 4 2 1 1 2619 2394 2409 2395
7400 4 2 1 1 2409 2619 2395 2620
7401 4 2 1 1 2620 2395 2409 2410
7402 4 2 1 1 2409 2619 2620 2634
7403 4 2 1 1 2410 2409 2620 2634
7404 4 2 1 1 2410 2620 2635 2634
7405 4 2 1 1 2620 2395 2410 2396
7406 4 2 1 1 2410 2620 2396 2621
7407 4 2 1 1 2621 2396 2410 2411
7408 4 2 1 1 2410 2620 2621 2635
7409 4 2 1 1 2411 2410 2621 2635
7410 4 2 1 1 2411 2621 2636 2635
7411 4 2 1 1 2621 2396 2411 2397
7412 4 2 1 1 2411 2621 2397 2622
7413 4 2 1 1 2622 2397 2411 2412
7414 4 2 1 1 2411 2621 2622 2636
7415 4 2 1 1 2412 2411 2622 2636
7416 4 2 1 1 2412 2622 2637 2636
7417 4 2 1 1 2622 2397 2412 2398
7418 4 2 1 1 2412 2622 2398 2623
7419 4 2 1 1 2623 2398 2412 2413
7420 4 2 1 1 2412 2622 2623 2637
7421 4 2 1 1 2413 2412 2623 2637
7422 4 2 1 1 2413 2623 2638 2637
7423 4 2 1 1 2623 2398 2413 2399
7424 4 2 1 1 2413 2623 2399 2624
7425 4 2 1 1 2624 2399 2413 2414
7426 4 2 1 1 2413 2623 2624 2638
7427 4 2 1 1 2414 2413 2624 2638
7428 4 2 1 1 2414 2624 2639 2638
7429 4 2 1 1 2624 2399 2414 2400
7430 4 2 1 1 2414 2624 2400 2625
7431 4 2 1 1 2625 2400 2414 2415
7432 4 2 1 1 2414 2624 2625 2639
7433 4 2 1 1 2415 2414 2625 2639
7434 4 2 1 1 2415 2625 2640 2639
7435 4 2 1 1 2625 2400 2415 2401
7436 4 2 1 1 2415 2625 2401 2626
7437 4 2 1 1 2626 2401 2415 2416
7438 4 2 1 1 2415 2625 2626 2640
7439 4 2 1 1 2416 2415 2626 2640
7440 4 2 1 1 2416 2626 2641 2640
7441 4 2 1 1 2626 2401 2416 2402
7442 4 2 1 1 2416 2626 2402 2627
7443 4 2 1 1 2627 2402 2416 2417
7444 4 2 1 1 2416 2626 2627 2641
7445 4 2 1 1 2417 2416 2627 2641
7446 4 2 1 1 2417 2627 2642 2641
7447 4 2 1 1 2627 2402 2417 2403
7448 4 2 1 1 2417 2627 2403 2628
7449 4 2 1 1 2628 2403 2417 2418
7450 4 2 1 1 2417 2627 2628 2642
7451 4 2 1 1 2418 2417 2628 2642
7452 4 2 1 1 2418 2628 2643 2642
7453 4 2 1 1 2628 2403 2418 2404
7454 4 2 1 1 2418 2628 2404 2629
7455 4 2 1 1 2629 2404 2418 2419
7456 4 2 1 1 2418 2628 2629 2643
7457 4 2 1 1 2419 2418 2629 2643
7458 4 2 1 1 2419 2629 2644 2643
7459 4 2 1 1 2629 2404 2419 2405
7460 4 2 1 1 2419 2629 2405 2630
7461 4 2 1 1 2630 2405 2419 2420
7462 4 2 1 1 2419 2629 2630 2644
7463 4 2 1 1 2420 2419 2630 2644
7464 4 2 1 1 2420 2630 2645 2644
7465 4 2 1 1 2630 2405 2420 2406
7466 4 2 1 1 2420 2630 2406 2631
7467 4 2 1 1 2631 2406 2420 2421
7468 4 2 1 1 2420 2630 2631 2645
7469 4 2 1 1 2421 2420 2631 2645
7470 4 2 1 1 2421 2631 2646 2645
7471 4 2 1 1 2631 2406 2421 2407
7472 4 2 1 1 2421 2631 2407 2632
7473 4 2 1 1 2632 2407 2421 2422
7474 4 2 1 1 2421 2631 2632 2646
7475 4 2 1 1 2422 2421 2632 2646
7476 4 2 1 1 2422 2632 2647 2646
7477 4 2 1 1 2632 2407 2422 2408
7478 4 2 1 1 2422 2632 2408 2633
7479 4 2 1 1 2633 2408 2422 2423
7480 4 2 1 1 2422 2632 2633 2647
7481 4 2 1 1 2423 2422 2633 2647
7482 4 2 1 1 2423 2633 2648 2647
7483 4 2 1 1 2633 2408 2423 471
7484 4 2 1 1 2423 2633 471 486
7485 4 2 1 1 486 471 2423 472
7486 4 2 1 1 2423 2633 486 2648
7487 4 2 1 1 472 2423 486 2648
7488 4 2 1 1 472 486 487 2648
7489 4 2 1 1 262 247 248 2409
7490 4 2 1 1 248 262 2409 2634
7491 4 2 1 1 2634 2409 248 2424
7492 4 2 1 1 248 262 2634 263
7493 4 2 1 1 2424 248 2634 263
7494 4 2 1 1 2424 2634 2649 263
7495 4 2 1 1 2634 2409 2424 2410
7496 4 2 1 1 2424 2634 2410 2635
7497 4 2 1 1 2635 2410 2424 2425
7498 4 2 1 1 2424 2634 2635 2649
7499 4 2 1 1 2425 2424 2635 2649
7500 4 2 1 1 2425 2635 2650 2649
7501 4 2 1 1 2635 2410 2425 2411
7502 4 2 1 1 2425 2635 2411 2636
7503 4 2 1 1 2636 2411 2425 2426
7504 4 2 1 1 2425 2635 2636 2650
7505 4 2 1 1 2426 2425 2636 2650
7506 4 2 1 1 2426 2636 2651 2650
7507 4 2 1 1 2636 2411 2426 2412
7508 4 2 1 1 2426 2636 2412 2637
7509 4 2 1 1 2637 2412 2426 2427
7510 4 2 1 1 2426 2636 2637 2651
7511 4 2 1 1 2427 2426 2637 2651
7512 4 2 1 1 2427 2637 2652 2651
7513 4 2 1 1 2637 2412 2427 2413
7514 4 2 1 1 2427 2637 2413 2638
7515 4 2 1 1 2638 2413 2427 2428
7516 4 2 1 1 2427 2637 2638 2652
7517 4 2 1 1 2428 2427 2638 2652
7518 4 2 1 1 2428 2638 2653 2652
7519 4 2 1 1 2638 2413 2428 2414
7520 4 2 1 1 2428 2638 2414 2639
7521 4 2 1 1 2639 2414 2428 2429
7522 4 2 1 1 2428 2638 2639 2653
7523 4 2 1 1 2429 2428 2639 2653
7524 4 2 1 1 2429 2639 2654 2653
7525 4 2 1 1 2639 2414 2429 2415
7526 4 2 1 1 2429 2639 2415 2640
7527 4 2 1 1 2640 2415 2429 2430
7528 4 2 1 1 2429 2639 2640 2654
7529 4 2 1 1 2430 2429 2640 2654
7530 4 2 1 1 2430 2640 2655 2654
7531 4 2 1 1 2640 2415 2430 2416
7532 4 2 1 1 2430 2640 2416 2641
7533 4 2 1 1 2641 2416 2430 2431
7534 4 2 1 1 2430 2640 2641 2655
7535 4 2 1 1 2431 2430 2641 2655
7536 4 2 1 1 2431 2641 2656 2655
7537 4 2 1 1 2641 2416 2431 2417
7538 4 2 1 1 2431 2641 2417 2642
7539 4 2 1 1 2642 2417 2431 2432
7540 4 2 1 1 2431 2641 2642 2656
7541 4 2 1 1 2432 2431 2642 2656
7542 4 2 1 1 2432 2642 2657 2656
7543 4 2 1 1 2642 2417 2432 2418
7544 4 2 1 1 2432 2642 2418 2643
7545 4 2 1 1 2643 2418 2432 2433
7546 4 2 1 1 2432 2642 2643 2657
7547 4 2 1 1 2433 2432 2643 2657
7548 4 2 1 1 2433 2643 2658 2657
7549 4 2 1 1 2643 2418 2433 2419
7550 4 2 1 1 2433 2643 2419 2644
7551 4 2 1 1 2644 2419 2433 2434
7552 4 2 1 1 2433 2643 2644 2658
7553 4 2 1 1 2434 2433 2644 2658
7554 4 2 1 1 2434 2644 2659 2658
7555 4 2 1 1 2644 2419 2434 2420
7556 4 2 1 1 2434 2644 2420 2645
7557 4 2 1 1 2645 2420 2434 2435
7558 4 2 1 1 2434 2644 2645 2659
7559 4 2 1 1 2435 2434 2645 2659
7560 4 2 1 1 2435 2645 2660 2659
7561 4 2 1 1 2645 2420 2435 2421
7562 4 2 1 1 2435 2645 2421 2646
7563 4 2 1 1 2646 2421 2435 2436
7564 4 2 1 1 2435 2645 2646 2660
7565 4 2 1 1 2436 2435 2646 2660
7566 4 2 1 1 2436 2646 2661 2660
7567 4 2 1 1 2646 2421 2436 2422
7568 4 2 1 1 2436 2646 2422 2647
7569 4 2 1 1 2647 2422 2436 2437
7570 4 2 1 1 2436 2646 2647 2661
7571 4 2 1 1 2437 2436 2647 2661
7572 4 2 1 1 2437 2647 2662 2661
7573 4 2 1 1 2647 2422 2437 2423
7574 4 2 1 1 2437 2647 2423 2648
7575 4 2 1 1 2648 2423 2437 2438
7576 4 2 1 1 2437 2647 2648 2662
7577 4 2 1 1 2438 2437 2648 2662
7578 4 2 1 1 2438 2648 2663 2662
7579 4 2 1 1 2648 2423 2438 472
7580 4 2 1 1 2438 2648 472 487
7581 4 2 1 1 487 472 2438 473
7582 4 2 1 1 2438 2648 487 2663
7583 4 2 1 1 473 2438 487 2663
7584 4 2 1 1 473 487 488 2663
7585 4 2 1 1 263 248 42 2424
7586 4 2 1 1 42 263 2424 2649
7587 4 2 1 1 2649 2424 42 867
7588 4 2 1 1 42 263 2649 43
7589 4 2 1 1 867 42 2649 43
7590 4 2 1 1 867 2649 868 43
7591 4 2 1 1 2649 2424 867 2425
7592 4 2 1 1 867 2649 2425 2650
7593 4 2 1 1 2650 2425 867 882
7594 4 2 1 1 867 2649 2650 868
7595 4 2 1 1 882 867 2650 868
7596 4 2 1 1 882 2650 883 868
7597 4 2 1 1 2650 2425 882 2426
7598 4 2 1 1 882 2650 2426 2651
7599 4 2 1 1 2651 2426 882 897
7600 4 2 1 1 882 2650 2651 883
7601 4 2 1 1 897 882 2651 883
7602 4 2 1 1 897 2651 898 883
7603 4 2 1 1 2651 2426 897 2427
7604 4 2 1 1 897 2651 2427 2652
7605 4 2 1 1 2652 2427 897 912
7606 4 2 1 1 897 2651 2652 898
7607 4 2 1 1 912 897 2652 898
7608 4 2 1 1 912 2652 913 898
7609 4 2 1 1 2652 2427 912 2428
7610 4 2 1 1 912 2652 2428 2653
7611 4 2 1 1 2653 2428 912 927
7612 4 2 1 1 912 2652 2653 913
7613 4 2 1 1 927 912 2653 913
7614 4 2 1 1 927 2653 928 913
7615 4 2 1 1 2653 2428 927 2429
7616 4 2 1 1 927 2653 2429 2654
7617 4 2 1 1 2654 2429 927 942
7618 4 2 1 1 927 2653 2654 928
7619 4 2 1 1 942 927 2654 928
7620 4 2 1 1 942 2654 943 928
7621 4 2 1 1 2654 2429 942 2430
7622 4 2 1 1 942 2654 2430 2655
7623 4 2 1 1 2655 2430 942 957
7624 4 2 1 1 942 2654 2655 943
7625 4 2 1 1 957 942 2655 943
7626 4 2 1 1 957 2655 958 943
7627 4 2 1 1 2655 2430 957 2431
7628 4 2 1 1 957 2655 2431 2656
7629 4 2 1 1 2656 2431 957 972
7630 4 2 1 1 957 2655 2656 958
7631 4 2 1 1 972 957 2656 958
7632 4 2 1 1 972 2656 973 958
7633 4 2 1 1 2656 2431 972 2432
7634 4 2 1 1 972 2656 2432 2657
7635 4 2 1 1 2657 2432 972 987
7636 4 2 1 1 972 2656 2657 973
7637 4 2 1 1 987 972 2657 973
7638 4 2 1 1 987 2657 988 973
7639 4 2 1 1 2657 2432 987 2433
7640 4 2 1 1 987 2657 2433 2658
7641 4 2 1 1 2658 2433 987 1002
7642 4 2 1 1 987 2657 2658 988
7643 4 2 1 1 1002 987 2658 988
7644 4 2 1 1 1002 2658 1003 988
7645 4 2 1 1 2658 2433 1002 2434
7646 4 2 1 1 1002 2658 2434 2659
7647 4 2 1 1 2659 2434 1002 1017
7648 4 2 1 1 1002 2658 2659 1003
7649 4 2 1 1 1017 1002 2659 1003
7650 4 2 1 1 1017 2659 1018 1003
7651 4 2 1 1 2659 2434 1017 2435
7652 4 2 1 1 1017 2659 2435 2660
7653 4 2 1 1 2660 2435 1017 1032
7654 4 2 1 1 1017 2659 2660 1018
7655 4 2 1 1 1032 1017 2660 1018
7656 4 2 1 1 1032 2660 1033 1018
7657 4 2 1 1 2660 2435 1032 2436
7658 4 2 1 1 1032 2660 2436 2661
7659 4 2 1 1 2661 2436 1032 1047
7660 4 2 1 1 1032 2660 2661 1033
7661 4 2 1 1 1047 1032 2661 1033
7662 4 2 1 1 1047 2661 1048 1033
7663 4 2 1 1 2661 2436 1047 2437
7664 4 2 1 1 1047 2661 2437 2662
7665 4 2 1 1 2662 2437 1047 1062
7666 4 2 1 1 1047 2661 2662 1048
7667 4 2 1 1 1062 1047 2662 1048
7668 4 2 1 1 1062 2662 1063 1048
7669 4 2 1 1 2662 2437 1062 2438
7670 4 2 1 1 1062 2662 2438 2663
7671 4 2 1 1 2663 2438 1062 1077
7672 4 2 1 1 1062 2662 2663 1063
7673 4 2 1 1 1077 1062 2663 1063
7674 4 2 1 1 1077 2663 1078 1063
7675 4 2 1 1 2663 2438 1077 473
7676 4 2 1 1 1077 2663 473 488
7677 4 2 1 1 488 473 1077 102
7678 4 2 1 1 1077 2663 488 1078
7679 4 2 1 1 102 1077 488 1078
7680 4 2 1 1 102 488 103 1078
7681 4 2 1 1 14 13 249 643
7682 4 2 1 1 249 14 643 644
7683 4 2 1 1 644 643 249 2439
7684 4 2 1 1 249 14 644 264
7685 4 2 1 1 2439 249 644 264
7686 4 2 1 1 2439 644 2664 264
7687 4 2 1 1 644 643 2439 658
7688 4 2 1 1 2439 644 658 659
7689 4 2 1 1 659 658 2439 2440
7690 4 2 1 1 2439 644 659 2664
7691 4 2 1 1 2440 2439 659 2664
7692 4 2 1 1 2440 659 2665 2664
7693 4 2 1 1 659 658 2440 673
7694 4 2 1 1 2440 659 673 674
7695 4 2 1 1 674 673 2440 2441
7696 4 2 1 1 2440 659 674 2665
7697 4 2 1 1 2441 2440 674 2665
7698 4 2 1 1 2441 674 2666 2665
7699 4 2 1 1 674 673 2441 688
7700 4 2 1 1 2441 674 688 689
7701 4 2 1 1 689 688 2441 2442
7702 4 2 1 1 2441 674 689 2666
7703 4 2 1 1 2442 2441 689 2666
7704 4 2 1 1 2442 689 2667 2666
7705 4 2 1 1 689 688 2442 703
7706 4 2 1 1 2442 689 703 704
7707 4 2 1 1 704 703 2442 2443
7708 4 2 1 1 2442 689 704 2667
7709 4 2 1 1 2443 2442 704 2667
7710 4 2 1 1 2443 704 2668 2667
7711 4 2 1 1 704 703 2443 718
7712 4 2 1 1 2443 704 718 719
7713 4 2 1 1 719 718 2443 2444
7714 4 2 1 1 2443 704 719 2668
7715 4 2 1 1 2444 2443 719 2668
7716 4 2 1 1 2444 719 2669 2668
7717 4 2 1 1 719 718 2444 733
7718 4 2 1 1 2444 719 733 734
7719 4 2 1 1 734 733 2444 2445
7720 4 2 1 1 2444 719 734 2669
7721 4 2 1 1 2445 2444 734 2669
7722 4 2 1 1 2445 734 2670 2669
7723 4 2 1 1 734 733 2445 748
7724 4 2 1 1 2445 734 748 749
7725 4 2 1 1 749 748 2445 2446
7726 4 2 1 1 2445 734 749 2670
7727 4 2 1 1 2446 2445 749 2670
7728 4 2 1 1 2446 749 2671 2670
7729 4 2 1 1 749 748 2446 763
7730 4 2 1 1 2446 749 763 764
7731 4 2 1 1 764 763 2446 2447
7732 4 2 1 1 2446 749 764 2671
7733 4 2 1 1 2447 2446 764 2671
7734 4 2 1 1 2447 764 2672 2671
7735 4 2 1 1 764 763 2447 778
7736 4 2 1 1 2447 764 778 779
7737 4 2 1 1 779 778 2447 2448
7738 4 2 1 1 2447 764 779 2672
7739 4 2 1 1 2448 2447 779 2672
7740 4 2 1 1 2448 779 2673 2672
7741 4 2 1 1 779 778 2448 793
7742 4 2 1 1 2448 779 793 794
7743 4 2 1 1 794 793 2448 2449
7744 4 2 1 1 2448 779 794 2673
7745 4 2 1 1 2449 2448 794 2673
7746 4 2 1 1 2449 794 2674 2673
7747 4 2 1 1 794 793 2449 808
7748 4 2 1 1 2449 794 808 809
7749 4 2 1 1 809 808 2449 2450
7750 4 2 1 1 2449 794 809 2674
7751 4 2 1 1 2450 2449 809 2674
7752 4 2 1 1 2450 809 2675 2674
7753 4 2 1 1 809 808 2450 823
7754 4 2 1 1 2450 809 823 824
7755 4 2 1 1 824 823 2450 2451
7756 4 2 1 1 2450 809 824 2675
7757 4 2 1 1 2451 2450 824 2675
7758 4 2 1 1 2451 824 2676 2675
7759 4 2 1 1 824 823 2451 838
7760 4 2 1 1 2451 824 838 839
7761 4 2 1 1 839 838 2451 2452
7762 4 2 1 1 2451 824 839 2676
7763 4 2 1 1 2452 2451 839 2676
7764 4 2 1 1 2452 839 2677 2676
7765 4 2 1 1 839 838 2452 853
7766 4 2 1 1 2452 839 853 854
7767 4 2 1 1 854 853 2452 2453
7768 4 2 1 1 2452 839 854 2677
7769 4 2 1 1 2453 2452 854 2677
7770 4 2 1 1 2453 854 2678 2677
7771 4 2 1 1 854 853 2453 73
7772 4 2 1 1 2453 854 73 74
7773 4 2 1 1 74 73 2453 474
7774 4 2 1 1 2453 854 74 2678
7775 4 2 1 1 474 2453 74 2678
7776 4 2 1 1 474 74 489 2678
7777 4 2 1 1 264 249 250 2439
7778 4 2 1 1 250 264 2439 2664
7779 4 2 1 1 2664 2439 250 2454
7780 4 2 1 1 250 264 2664 265
7781 4 2 1 1 2454 250 2664 265
7782 4 2 1 1 2454 2664 2679 265
7783 4 2 1 1 2664 2439 2454 2440
7784 4 2 1 1 2454 2664 2440 2665
7785 4 2 1 1 2665 2440 2454 2455
7786 4 2 1 1 2454 2664 2665 2679
7787 4 2 1 1 2455 2454 2665 2679
7788 4 2 1 1 2455 2665 2680 2679
7789 4 2 1 1 2665 2440 2455 2441
7790 4 2 1 1 2455 2665 2441 2666
7791 4 2 1 1 2666 2441 2455 2456
7792 4 2 1 1 2455 2665 2666 2680
7793 4 2 1 1 2456 2455 2666 2680
7794 4 2 1 1 2456 2666 2681 2680
7795 4 2 1 1 2666 2441 2456 2442
7796 4 2 1 1 2456 2666 2442 2667
7797 4 2 1 1 2667 2442 2456 2457
7798 4 2 1 1 2456 2666 2667 2681
7799 4 2 1 1 2457 2456 2667 2681
7800 4 2 1 1 2457 2667 2682 2681
7801 4 2 1 1 2667 2442 2457 2443
7802 4 2 1 1 2457 2667 2443 2668
7803 4 2 1 1 2668 2443 2457 2458
7804 4 2 1 1 2457 2667 2668 2682
7805 4 2 1 1 2458 2457 2668 2682
7806 4 2 1 1 2458 2668 2683 2682
7807 4 2 1 1 2668 2443 2458 2444
7808 4 2 1 1 2458 2668 2444 2669
7809 4 2 1 1 2669 2444 2458 2459
7810 4 2 1 1 2458 2668 2669 2683
7811 4 2 1 1 2459 2458 2669 2683
7812 4 2 1 1 2459 2669 2684 2683
7813 4 2 1 1 2669 2444 2459 2445
7814 4 2 1 1 2459 2669 2445 2670
7815 4 2 1 1 2670 2445 2459 2460
7816 4 2 1 1 2459 2669 2670 2684
7817 4 2 1 1 2460 2459 2670 2684
7818 4 2 1 1 2460 2670 2685 2684
7819 4 2 1 1 2670 2445 2460 2446
7820 4 2 1 1 2460 2670 2446 2671
7821 4 2 1 1 2671 2446 2460 2461
7822 4 2 1 1 2460 2670 2671 2685
7823 4 2 1 1 2461 2460 2671 2685
7824 4 2 1 1 2461 2671 2686 2685
7825 4 2 1 1 2671 2446 2461 2447
7826 4 2 1 1 2461 2671 2447 2672
7827 4 2 1 1 2672 2447 2461 2462
7828 4 2 1 1 2461 2671 2672 2686
7829 4 2 1 1 2462 2461 2672 2686
7830 4 2 1 1 2462 2672 2687 2686
7831 4 2 1 1 2672 2447 2462 2448
7832 4 2 1 1 2462 2672 2448 2673
7833 4 2 1 1 2673 2448 2462 2463
7834 4 2 1 1 2462 2672 2673 2687
7835 4 2 1 1 2463 2462 2673 2687
7836 4 2 1 1 2463 2673 2688 2687
7837 4 2 1 1 2673 2448 2463 2449
7838 4 2 1 1 2463 2673 2449 2674
7839 4 2 1 1 2674 2449 2463 2464
7840 4 2 1 1 2463 2673 2674 2688
7841 4 2 1 1 2464 2463 2674 2688
7842 4 2 1 1 2464 2674 2689 2688
7843 4 2 1 1 2674 2449 2464 2450
7844 4 2 1 1 2464 2674 2450 2675
7845 4 2 1 1 2675 2450 2464 2465
7846 4 2 1 1 2464 2674 2675 2689
7847 4 2 1 1 2465 2464 2675 2689
7848 4 2 1 1 2465 2675 2690 2689
7849 4 2 1 1 2675 2450 2465 2451
7850 4 2 1 1 2465 2675 2451 2676
7851 4 2 1 1 2676 2451 2465 2466
7852 4 2 1 1 2465 2675 2676 2690
7853 4 2 1 1 2466 2465 2676 2690
7854 4 2 1 1 2466 2676 2691 2690
7855 4 2 1 1 2676 2451 2466 2452
7856 4 2 1 1 2466 2676 2452 2677
7857 4 2 1 1 2677 2452 2466 2467
7858 4 2 1 1 2466 2676 2677 2691
7859 4 2 1 1 2467 2466 2677 2691
7860 4 2 1 1 2467 2677 2692 2691
7861 4 2 1 1 2677 2452 2467 2453
7862 4 2 1 1 2467 2677 2453 2678
7863 4 2 1 1 2678 2453 2467 2468
7864 4 2 1 1 2467 2677 2678 2692
7865 4 2 1 1 2468 2467 2678 2692
7866 4 2 1 1 2468 2678 2693 2692
7867 4 2 1 1 2678 2453 2468 474
7868 4 2 1 1 2468 2678 474 489
7869 4 2 1 1 489 474 2468 475
7870 4 2 1 1 2468 2678 489 2693
7871 4 2 1 1 475 2468 489 2693
7872 4 2 1 1 475 489 490 2693
7873 4 2 1 1 265 250 251 2454
7874 4 2 1 1 251 265 2454 2679
7875 4 2 1 1 2679 2454 251 2469
7876 4 2 1 1 251 265 2679 266
7877 4 2 1 1 2469 251 2679 266
7878 4 2 1 1 2469 2679 2694 266
7879 4 2 1 1 2679 2454 2469 2455
7880 4 2 1 1 2469 2679 2455 2680
7881 4 2 1 1 2680 2455 2469 2470
7882 4 2 1 1 2469 2679 2680 2694
7883 4 2 1 1 2470 2469 2680 2694
7884 4 2 1 1 2470 2680 2695 2694
7885 4 2 1 1 2680 2455 2470 2456
7886 4 2 1 1 2470 2680 2456 2681
7887 4 2 1 1 2681 2456 2470 2471
7888 4 2 1 1 2470 2680 2681 2695
7889 4 2 1 1 2471 2470 2681 2695
7890 4 2 1 1 2471 2681 2696 2695
7891 4 2 1 1 2681 2456 2471 2457
7892 4 2 1 1 2471 2681 2457 2682
7893 4 2 1 1 2682 2457 2471 2472
7894 4 2 1 1 2471 2681 2682 2696
7895 4 2 1 1 2472 2471 2682 2696
7896 4 2 1 1 2472 2682 2697 2696
7897 4 2 1 1 2682 2457 2472 2458
7898 4 2 1 1 2472 2682 2458 2683
7899 4 2 1 1 2683 2458 2472 2473
7900 4 2 1 1 2472 2682 2683 2697
7901 4 2 1 1 2473 2472 2683 2697
7902 4 2 1 1 2473 2683 2698 2697
7903 4 2 1 1 2683 2458 2473 2459
7904 4 2 1 1 2473 2683 2459 2684
7905 4 2 1 1 2684 2459 2473 2474
7906 4 2 1 1 2473 2683 2684 2698
7907 4 2 1 1 2474 2473 2684 2698
7908 4 2 1 1 2474 2684 2699 2698
7909 4 2 1 1 2684 2459 2474 2460
7910 4 2 1 1 2474 2684 2460 2685
7911 4 2 1 1 2685 2460 2474 2475
7912 4 2 1 1 2474 2684 2685 2699
7913 4 2 1 1 2475 2474 2685 2699
7914 4 2 1 1 2475 2685 2700 2699
7915 4 2 1 1 2685 2460 2475 2461
7916 4 2 1 1 2475 2685 2461 2686
7917 4 2 1 1 2686 2461 2475 2476
7918 4 2 1 1 2475 2685 2686 2700
7919 4 2 1 1 2476 2475 2686 2700
7920 4 2 1 1 2476 2686 2701 2700
7921 4 2 1 1 2686 2461 2476 2462
7922 4 2 1 1 2476 2686 2462 2687
7923 4 2 1 1 2687 2462 2476 2477
7924 4 2 1 1 2476 2686 2687 2701
7925 4 2 1 1 2477 2476 2687 2701
7926 4 2 1 1 2477 2687 2702 2701
7927 4 2 1 1 2687 2462 2477 2463
7928 4 2 1 1 2477 2687 2463 2688
7929 4 2 1 1 2688 2463 2477 2478
7930 4 2 1 1 2477 2687 2688 2702
7931 4 2 1 1 2478 2477 2688 2702
7932 4 2 1 1 2478 2688 2703 2702
7933 4 2 1 1 2688 2463 2478 2464
7934 4 2 1 1 2478 2688 2464 2689
7935 4 2 1 1 2689 2464 2478 2479
7936 4 2 1 1 2478 2688 2689 2703
7937 4 2 1 1 2479 2478 2689 2703
7938 4 2 1 1 2479 2689 2704 2703
7939 4 2 1 1 2689 2464 2479 2465
7940 4 2 1 1 2479 2689 2465 2690
7941 4 2 1 1 2690 2465 2479 2480
7942 4 2 1 1 2479 2689 2690 2704
7943 4 2 1 1 2480 2479 2690 2704
7944 4 2 1 1 2480 2690 2705 2704
7945 4 2 1 1 2690 2465 2480 2466
7946 4 2 1 1 2480 2690 2466 2691
7947 4 2 1 1 2691 2466 2480 2481
7948 4 2 1 1 2480 2690 2691 2705
7949 4 2 1 1 2481 2480 2691 2705
7950 4 2 1 1 2481 2691 2706 2705
7951 4 2 1 1 2691 2466 2481 2467
7952 4 2 1 1 2481 2691 2467 2692
7953 4 2 1 1 2692 2467 2481 2482
7954 4 2 1 1 2481 2691 2692 2706
7955 4 2 1 1 2482 2481 2692 2706
7956 4 2 1 1 2482 2692 2707 2706
7957 4 2 1 1 2692 2467 2482 2468
7958 4 2 1 1 2482 2692 2468 2693
7959 4 2 1 1 2693 2468 2482 2483
7960 4 2 1 1 2482 2692 2693 2707
7961 4 2 1 1 2483 2482 2693 2707
7962 4 2 1 1 2483 2693 2708 2707
7963 4 2 1 1 2693 2468 2483 475
7964 4 2 1 1 2483 2693 475 490
7965 4 2 1 1 490 475 2483 476
7966 4 2 1 1 2483 2693 490 2708
7967 4 2 1 1 476 2483 490 2708
7968 4 2 1 1 476 490 491 2708
7969 4 2 1 1 266 251 252 2469
7970 4 2 1 1 252 266 2469 2694
7971 4 2 1 1 2694 2469 252 2484
7972 4 2 1 1 252 266 2694 267
7973 4 2 1 1 2484 252 2694 267
7974 4 2 1 1 2484 2694 2709 267
7975 4 2 1 1 2694 2469 2484 2470
7976 4 2 1 1 2484 2694 2470 2695
7977 4 2 1 1 2695 2470 2484 2485
7978 4 2 1 1 2484 2694 2695 2709
7979 4 2 1 1 2485 2484 2695 2709
7980 4 2 1 1 2485 2695 2710 2709
7981 4 2 1 1 2695 2470 2485 2471
7982 4 2 1 1 2485 2695 2471 2696
7983 4 2 1 1 2696 2471 2485 2486
7984 4 2 1 1 2485 2695 2696 2710
7985 4 2 1 1 2486 2485 2696 2710
7986 4 2 1 1 2486 2696 2711 2710
7987 4 2 1 1 2696 2471 2486 2472
7988 4 2 1 1 2486 2696 2472 2697
7989 4 2 1 1 2697 2472 2486 2487
7990 4 2 1 1 2486 2696 2697 2711
7991 4 2 1 1 2487 2486 2697 2711
7992 4 2 1 1 2487 2697 2712 2711
7993 4 2 1 1 2697 2472 2487 2473
7994 4 2 1 1 2487 2697 2473 2698
7995 4 2 1 1 2698 2473 2487 2488
7996 4 2 1 1 2487 2697 2698 2712
7997 4 2 1 1 2488 2487 2698 2712
7998 4 2 1 1 2488 2698 2713 2712
7999 4 2 1 1 2698 2473 2488 2474
8000 4 2 1 1 2488 2698 2474 2699
8001 4 2 1 1 2699 2474 2488 2489
8002 4 2 1 1 2488 2698 2699 2713
8003 4 2 1 1 2489 2488 2699 2713
8004 4 2 1 1 2489 2699 2714 2713
8005 4 2 1 1 2699 2474 2489 2475
8006 4 2 1 1 2489 2699 2475 2700
8007 4 2 1 1 2700 2475 2489 2490
8008 4 2 1 1 2489 2699 2700 2714
8009 4 2 1 1 2490 2489 2700 2714
8010 4 2 1 1 2490 2700 2715 2714
8011 4 2 1 1 2700 2475 2490 2476
8012 4 2 1 1 2490 2700 2476 2701
8013 4 2 1 1 2701 2476 2490 2491
8014 4 2 1 1 2490 2700 2701 2715
8015 4 2 1 1 2491 2490 2701 2715
8016 4 2 1 1 2491 2701 2716 2715
8017 4 2 1 1 2701 2476 2491 2477
8018 4 2 1 1 2491 2701 2477 2702
8019 4 2 1 1 2702 2477 2491 2492
8020 4 2 1 1 2491 2701 2702 2716
8021 4 2 1 1 2492 2491 2702 2716
8022 4 2 1 1 2492 2702 2717 2716
8023 4 2 1 1 2702 2477 2492 2478
8024 4 2 1 1 2492 2702 2478 2703
8025 4 2 1 1 2703 2478 2492 2493
8026 4 2 1 1 2492 2702 2703 2717
8027 4 2 1 1 2493 2492 2703 2717
8028 4 2 1 1 2493 2703 2718 2717
8029 4 2 1 1 2703 2478 2493 2479
8030 4 2 1 1 2493 2703 2479 2704
8031 4 2 1 1 2704 2479 2493 2494
8032 4 2 1 1 2493 2703 2704 2718
8033 4 2 1 1 2494 2493 2704 2718
8034 4 2 1 1 2494 2704 2719 2718
8035 4 2 1 1 2704 2479 2494 2480
8036 4 2 1 1 2494 2704 2480 2705
8037 4 2 1 1 2705 2480 2494 2495
8038 4 2 1 1 2494 2704 2705 2719
8039 4 2 1 1 2495 2494 2705 2719
8040 4 2 1 1 2495 2705 2720 2719
8041 4 2 1 1 2705 2480 2495 2481
8042 4 2 1 1 2495 2705 2481 2706
8043 4 2 1 1 2706 2481 2495 2496
8044 4 2 1 1 2495 2705 2706 2720
8045 4 2 1 1 2496 2495 2706 2720
8046 4 2 1 1 2496 2706 2721 2720
8047 4 2 1 1 2706 2481 2496 2482
8048 4 2 1 1 2496 2706 2482 2707
8049 4 2 1 1 2707 2482 2496 2497
8050 4 2 1 1 2496 2706 2707 2721
8051 4 2 1 1 2497 2496 2707 2721
8052 4 2 1 1 2497 2707 2722 2721
8053 4 2 1 1 2707 2482 2497 2483
8054 4 2 1 1 2497 2707 2483 2708
8055 4 2 1 1 2708 2483 2497 2498
8056 4 2 1 1 2497 2707 2708 2722
8057 4 2 1 1 2498 2497 2708 2722
8058 4 2 1 1 2498 2708 2723 2722
8059 4 2 1 1 2708 2483 2498 476
8060 4 2 1 1 2498 2708 476 491
8061 4 2 1 1 491 476 2498 477
8062 4 2 1 1 2498 2708 491 2723
8063 4 2 1 1 477 2498 491 2723
8064 4 2 1 1 477 491 492 2723
8065 4 2 1 1 267 252 253 2484
8066 4 2 1 1 253 267 2484 2709
8067 4 2 1 1 2709 2484 253 2499
8068 4 2 1 1 253 267 2709 268
8069 4 2 1 1 2499 253 2709 268
8070 4 2 1 1 2499 2709 2724 268
8071 4 2 1 1 2709 2484 2499 2485
8072 4 2 1 1 2499 2709 2485 2710
8073 4 2 1 1 2710 2485 2499 2500
8074 4 2 1 1 2499 2709 2710 2724
8075 4 2 1 1 2500 2499 2710 2724
8076 4 2 1 1 2500 2710 2725 2724
8077 4 2 1 1 2710 2485 2500 2486
8078 4 2 1 1 2500 2710 2486 2711
8079 4 2 1 1 2711 2486 2500 2501
8080 4 2 1 1 2500 2710 2711 2725
8081 4 2 1 1 2501 2500 2711 2725
8082 4 2 1 1 2501 2711 2726 2725
8083 4 2 1 1 2711 2486 2501 2487
8084 4 2 1 1 2501 2711 2487 2712
8085 4 2 1 1 2712 2487 2501 2502
8086 4 2 1 1 2501 2711 2712 2726
8087 4 2 1 1 2502 2501 2712 2726
8088 4 2 1 1 2502 2712 2727 2726
8089 4 2 1 1 2712 2487 2502 2488
8090 4 2 1 1 2502 2712 2488 2713
8091 4 2 1 1 2713 2488 2502 2503
8092 4 2 1 1 2502 2712 2713 2727
8093 4 2 1 1 2503 2502 2713 2727
8094 4 2 1 1 2503 2713 2728 2727
8095 4 2 1 1 2713 2488 2503 2489
8096 4 2 1 1 2503 2713 2489 2714
8097 4 2 1 1 2714 2489 2503 2504
8098 4 2 1 1 2503 2713 2714 2728
8099 4 2 1 1 2504 2503 2714 2728
8100 4 2 1 1 2504 2714 2729 2728
8101 4 2 1 1 2714 2489 2504 2490
8102 4 2 1 1 2504 2714 2490 2715
8103 4 2 1 1 2715 2490 2504 2505
8104 4 2 1 1 2504 2714 2715 2729
8105 4 2 1 1 2505 2504 2715 2729
8106 4 2 1 1 2505 2715 2730 2729
8107 4 2 1 1 2715 2490 2505 2491
8108 4 2 1 1 2505 2715 2491 2716
8109 4 2 1 1 2716 2491 2505 2506
8110 4 2 1 1 2505 2715 2716 2730
8111 4 2 1 1 2506 2505 2716 2730
8112 4 2 1 1 2506 2716 2731 2730
8113 4 2 1 1 2716 2491 2506 2492
8114 4 2 1 1 2506 2716 2492 2717
8115 4 2 1 1 2717 2492 2506 2507
8116 4 2 1 1 2506 2716 2717 2731
8117 4 2 1 1 2507 2506 2717 2731
8118 4 2 1 1 2507 2717 2732 2731
8119 4 2 1 1 2717 2492 2507 2493
8120 4 2 1 1 2507 2717 2493 2718
8121 4 2 1 1 2718 2493 2507 2508
8122 4 2 1 1 2507 2717 2718 2732
8123 4 2 1 1 2508 2507 2718 2732
8124 4 2 1 1 2508 2718 2733 2732
8125 4 2 1 1 2718 2493 2508 2494
8126 4 2 1 1 2508 2718 2494 2719
8127 4 2 1 1 2719 2494 2508 2509
8128 4 2 1 1 2508 2718 2719 2733
8129 4 2 1 1 2509 2508 2719 2733
8130 4 2 1 1 2509 2719 2734 2733
8131 4 2 1 1 2719 2494 2509 2495
8132 4 2 1 1 2509 2719 2495 2720
8133 4 2 1 1 2720 2495 2509 2510
8134 4 2 1 1 2509 2719 2720 2734
8135 4 2 1 1 2510 2509 2720 2734
8136 4 2 1 1 2510 2720 2735 2734
8137 4 2 1 1 2720 2495 2510 2496
8138 4 2 1 1 2510 2720 2496 2721
8139 4 2 1 1 2721 2496 2510 2511
8140 4 2 1 1 2510 2720 2721 2735
8141 4 2 1 1 2511 2510 2721 2735
8142 4 2 1 1 2511 2721 2736 2735
8143 4 2 1 1 2721 2496 2511 2497
8144 4 2 1 1 2511 2721 2497 2722
8145 4 2 1 1 2722 2497 2511 2512
8146 4 2 1 1 2511 2721 2722 2736
8147 4 2 1 1 2512 2511 2722 2736
8148 4 2 1 1 2512 2722 2737 2736
8149 4 2 1 1 2722 2497 2512 2498
8150 4 2 1 1 2512 2722 2498 2723
8151 4 2 1 1 2723 2498 2512 2513
8152 4 2 1 1 2512 2722 2723 2737
8153 4 2 1 1 2513 2512 2723 2737
8154 4 2 1 1 2513 2723 2738 2737
8155 4 2 1 1 2723 2498 2513 477
8156 4 2 1 1 2513 2723 477 492
8157 4 2 1 1 492 477 2513 478
8158 4 2 1 1 2513 2723 492 2738
8159 4 2 1 1 478 2513 492 2738
8160 4 2 1 1 478 492 493 2738
8161 4 2 1 1 268 253 254 2499
8162 4 2 1 1 254 268 2499 2724
8163 4 2 1 1 2724 2499 254 2514
8164 4 2 1 1 254 268 2724 269
8165 4 2 1 1 2514 254 2724 269
8166 4 2 1 1 2514 2724 2739 269
8167 4 2 1 1 2724 2499 2514 2500
8168 4 2 1 1 2514 2724 2500 2725
8169 4 2 1 1 2725 2500 2514 2515
8170 4 2 1 1 2514 2724 2725 2739
8171 4 2 1 1 2515 2514 2725 2739
8172 4 2 1 1 2515 2725 2740 2739
8173 4 2 1 1 2725 2500 2515 2501
8174 4 2 1 1 2515 2725 2501 2726
8175 4 2 1 1 2726 2501 2515 2516
8176 4 2 1 1 2515 2725 2726 2740
8177 4 2 1 1 2516 2515 2726 2740
8178 4 2 1 1 2516 2726 2741 2740
8179 4 2 1 1 2726 2501 2516 2502
8180 4 2 1 1 2516 2726 2502 2727
8181 4 2 1 1 2727 2502 2516 2517
8182 4 2 1 1 2516 2726 2727 2741
8183 4 2 1 1 2517 2516 2727 2741
8184 4 2 1 1 2517 2727 2742 2741
8185 4 2 1 1 2727 2502 2517 2503
8186 4 2 1 1 2517 2727 2503 2728
8187 4 2 1 1 2728 2503 2517 2518
8188 4 2 1 1 2517 2727 2728 2742
8189 4 2 1 1 2518 2517 2728 2742
8190 4 2 1 1 2518 2728 2743 2742
8191 4 2 1 1 2728 2503 2518 2504
8192 4 2 1 1 2518 2728 2504 2729
8193 4 2 1 1 2729 2504 2518 2519
8194 4 2 1 1 2518 2728 2729 2743
8195 4 2 1 1 2519 2518 2729 2743
8196 4 2 1 1 2519 2729 2744 2743
8197 4 2 1 1 2729 2504 2519 2505
8198 4 2 1 1 2519 2729 2505 2730
8199 4 2 1 1 2730 2505 2519 2520
8200 4 2 1 1 2519 2729 2730 2744
8201 4 2 1 1 2520 2519 2730 2744
8202 4 2 1 1 2520 2730 2745 2744
8203 4 2 1 1 2730 2505 2520 2506
8204 4 2 1 1 2520 2730 2506 2731
8205 4 2 1 1 2731 2506 2520 2521
8206 4 2 1 1 2520 2730 2731 2745
8207 4 2 1 1 2521 2520 2731 2745
8208 4 2 1 1 2521 2731 2746 2745
8209 4 2 1 1 2731 2506 2521 2507
8210 4 2 1 1 2521 2731 2507 2732
8211 4 2 1 1 2732 2507 2521 2522
8212 4 2 1 1 2521 2731 2732 2746
8213 4 2 1 1 2522 2521 2732 2746
8214 4 2 1 1 2522 2732 2747 2746
8215 4 2 1 1 2732 2507 2522 2508
8216 4 2 1 1 2522 2732 2508 2733
8217 4 2 1 1 2733 2508 2522 2523
8218 4 2 1 1 2522 2732 2733 2747
8219 4 2 1 1 2523 2522 2733 2747
8220 4 2 1 1 2523 2733 2748 2747
8221 4 2 1 1 2733 2508 2523 2509
8222 4 2 1 1 2523 2733 2509 2734
8223 4 2 1 1 2734 2509 2523 2524
8224 4 2 1 1 2523 2733 2734 2748
8225 4 2 1 1 2524 2523 2734 2748
8226 4 2 1 1 2524 2734 2749 2748
8227 4 2 1 1 2734 2509 2524 2510
8228 4 2 1 1 2524 2734 2510 2735
8229 4 2 1 1 2735 2510 2524 2525
8230 4 2 1 1 2524 2734 2735 2749
8231 4 2 1 1 2525 2524 2735 2749
8232 4 2 1 1 2525 2735 2750 2749
8233 4 2 1 1 2735 2510 2525 2511
8234 4 2 1 1 2525 2735 2511 2736
8235 4 2 1 1 2736 2511 2525 2526
8236 4 2 1 1 2525 2735 2736 2750
8237 4 2 1 1 2526 2525 2736 2750
8238 4 2 1 1 2526 2736 2751 2750
8239 4 2 1 1 2736 2511 2526 2512
8240 4 2 1 1 2526 2736 2512 2737
8241 4 2 1 1 2737 2512 2526 2527
8242 4 2 1 1 2526 2736 2737 2751
8243 4 2 1 1 2527 2526 2737 2751
8244 4 2 1 1 2527 2737 2752 2751
8245 4 2 1 1 2737 2512 2527 2513
8246 4 2 1 1 2527 2737 2513 2738
8247 4 2 1 1 2738 2513 2527 2528
8248 4 2 1 1 2527 2737 2738 2752
8249 4 2 1 1 2528 2527 2738 2752
8250 4 2 1 1 2528 2738 2753 2752
8251 4 2 1 1 2738 2513 2528 478
8252 4 2 1 1 2528 2738 478 493
8253 4 2 1 1 493 478 2528 479
8254 4 2 1 1 2528 2738 493 2753
8255 4 2 1 1 479 2528 493 2753
8256 4 2 1 1 479 493 494 2753
8257 4 2 1 1 269 254 255 2514
8258 4 2 1 1 255 269 2514 2739
8259 4 2 1 1 2739 2514 255 2529
8260 4 2 1 1 255 269 2739 270
8261 4 2 1 1 2529 255 2739 270
8262 4 2 1 1 2529 2739 2754 270
8263 4 2 1 1 2739 2514 2529 2515
8264 4 2 1 1 2529 2739 2515 2740
8265 4 2 1 1 2740 2515 2529 2530
8266 4 2 1 1 2529 2739 2740 2754
8267 4 2 1 1 2530 2529 2740 2754
8268 4 2 1 1 2530 2740 2755 2754
8269 4 2 1 1 2740 2515 2530 2516
8270 4 2 1 1 2530 2740 2516 2741
8271 4 2 1 1 2741 2516 2530 2531
8272 4 2 1 1 2530 2740 2741 2755
8273 4 2 1 1 2531 2530 2741 2755
8274 4 2 1 1 2531 2741 2756 2755
8275 4 2 1 1 2741 2516 2531 2517
8276 4 2 1 1 2531 2741 2517 2742
8277 4 2 1 1 2742 2517 2531 2532
8278 4 2 1 1 2531 2741 2742 2756
8279 4 2 1 1 2532 2531 2742 2756
8280 4 2 1 1 2532 2742 2757 2756
8281 4 2 1 1 2742 2517 2532 2518
8282 4 2 1 1 2532 2742 2518 2743
8283 4 2 1 1 2743 2518 2532 2533
8284 4 2 1 1 2532 2742 2743 2757
8285 4 2 1 1 2533 2532 2743 2757
8286 4 2 1 1 2533 2743 2758 2757
8287 4 2 1 1 2743 2518 2533 2519
8288 4 2 1 1 2533 2743 2519 2744
8289 4 2 1 1 2744 2519 2533 2534
8290 4 2 1 1 2533 2743 2744 2758
8291 4 2 1 1 2534 2533 2744 2758
8292 4 2 1 1 2534 2744 2759 2758
8293 4 2 1 1 2744 2519 2534 2520
8294 4 2 1 1 2534 2744 2520 2745
8295 4 2 1 1 2745 2520 2534 2535
8296 4 2 1 1 2534 2744 2745 2759
8297 4 2 1 1 2535 2534 2745 2759
8298 4 2 1 1 2535 2745 2760 2759
8299 4 2 1 1 2745 2520 2535 2521
8300 4 2 1 1 2535 2745 2521 2746
8301 4 2 1 1 2746 2521 2535 2536
8302 4 2 1 1 2535 2745 2746 2760
8303 4 2 1 1 2536 2535 2746 2760
8304 4 2 1 1 2536 2746 2761 2760
8305 4 2 1 1 2746 2521 2536 2522
8306 4 2 1 1 2536 2746 2522 2747
8307 4 2 1 1 2747 2522 2536 2537
8308 4 2 1 1 2536 2746 2747 2761
8309 4 2 1 1 2537 2536 2747 2761
8310 4 2 1 1 2537 2747 2762 2761
8311 4 2 1 1 2747 2522 2537 2523
8312 4 2 1 1 2537 2747 2523 2748
8313 4 2 1 1 2748 2523 2537 2538
8314 4 2 1 1 2537 2747 2748 2762
8315 4 2 1 1 2538 2537 2748 2762
8316 4 2 1 1 2538 2748 2763 2762
8317 4 2 1 1 2748 2523 2538 2524
8318 4 2 1 1 2538 2748 2524 2749
8319 4 2 1 1 2749 2524 2538 2539
8320 4 2 1 1 2538 2748 2749 2763
8321 4 2 1 1 2539 2538 2749 2763
8322 4 2 1 1 2539 2749 2764 2763
8323 4 2 1 1 2749 2524 2539 2525
8324 4 2 1 1 2539 2749 2525 2750
8325 4 2 1 1 2750 2525 2539 2540
8326 4 2 1 1 2539 2749 2750 2764
8327 4 2 1 1 2540 2539 2750 2764
8328 4 2 1 1 2540 2750 2765 2764
8329 4 2 1 1 2750 2525 2540 2526
8330 4 2 1 1 2540 2750 2526 2751
8331 4 2 1 1 2751 2526 2540 2541
8332 4 2 1 1 2540 2750 2751 2765
8333 4 2 1 1 2541 2540 2751 2765
8334 4 2 1 1 2541 2751 2766 2765
8335 4 2 1 1 2751 2526 2541 2527
8336 4 2 1 1 2541 2751 2527 2752
8337 4 2 1 1 2752 2527 2541 2542
8338 4 2 1 1 2541 2751 2752 2766
8339 4 2 1 1 2542 2541 2752 2766
8340 4 2 1 1 2542 2752 2767 2766
8341 4 2 1 1 2752 2527 2542 2528
8342 4 2 1 1 2542 2752 2528 2753
8343 4 2 1 1 2753 2528 2542 2543
8344 4 2 1 1 2542 2752 2753 2767
8345 4 2 1 1 2543 2542 2753 2767
8346 4 2 1 1 2543 2753 2768 2767
8347 4 2 1 1 2753 2528 2543 479
8348 4 2 1 1 2543 2753 479 494
8349 4 2 1 1 494 479 2543 480
8350 4 2 1 1 2543 2753 494 2768
8351 4 2 1 1 480 2543 494 2768
8352 4 2 1 1 480 494 495 2768
8353 4 2 1 1 270 255 256 2529
8354 4 2 1 1 256 270 2529 2754
8355 4 2 1 1 2754 2529 256 2544
8356 4 2 1 1 256 270 2754 271
8357 4 2 1 1 2544 256 2754 271
8358 4 2 1 1 2544 2754 2769 271
8359 4 2 1 1 2754 2529 2544 2530
8360 4 2 1 1 2544 2754 2530 2755
8361 4 2 1 1 2755 2530 2544 2545
8362 4 2 1 1 2544 2754 2755 2769
8363 4 2 1 1 2545 2544 2755 2769
8364 4 2 1 1 2545 2755 2770 2769
8365 4 2 1 1 2755 2530 2545 2531
8366 4 2 1 1 2545 2755 2531 2756
8367 4 2 1 1 2756 2531 2545 2546
8368 4 2 1 1 2545 2755 2756 2770
8369 4 2 1 1 2546 2545 2756 2770
8370 4 2 1 1 2546 2756 2771 2770
8371 4 2 1 1 2756 2531 2546 2532
8372 4 2 1 1 2546 2756 2532 2757
8373 4 2 1 1 2757 2532 2546 2547
8374 4 2 1 1 2546 2756 2757 2771
8375 4 2 1 1 2547 2546 2757 2771
8376 4 2 1 1 2547 2757 2772 2771
8377 4 2 1 1 2757 2532 2547 2533
8378 4 2 1 1 2547 2757 2533 2758
8379 4 2 1 1 2758 2533 2547 2548
8380 4 2 1 1 2547 2757 2758 2772
8381 4 2 1 1 2548 2547 2758 2772
8382 4 2 1 1 2548 2758 2773 2772
8383 4 2 1 1 2758 2533 2548 2534
8384 4 2 1 1 2548 2758 2534 2759
8385 4 2 1 1 2759 2534 2548 2549
8386 4 2 1 1 2548 2758 2759 2773
8387 4 2 1 1 2549 2548 2759 2773
8388 4 2 1 1 2549 2759 2774 2773
8389 4 2 1 1 2759 2534 2549 2535
8390 4 2 1 1 2549 2759 2535 2760
8391 4 2 1 1 2760 2535 2549 2550
8392 4 2 1 1 2549 2759 2760 2774
8393 4 2 1 1 2550 2549 2760 2774
8394 4 2 1 1 2550 2760 2775 2774
8395 4 2 1 1 2760 2535 2550 2536
8396 4 2 1 1 2550 2760 2536 2761
8397 4 2 1 1 2761 2536 2550 2551
8398 4 2 1 1 2550 2760 2761 2775
8399 4 2 1 1 2551 2550 2761 2775
8400 4 2 1 1 2551 2761 2776 2775
8401 4 2 1 1 2761 2536 2551 2537
8402 4 2 1 1 2551 2761 2537 2762
8403 4 2 1 1 2762 2537 2551 2552
8404 4 2 1 1 2551 2761 2762 2776
8405 4 2 1 1 2552 2551 2762 2776
8406 4 2 1 1 2552 2762 2777 2776
8407 4 2 1 1 2762 2537 2552 2538
8408 4 2 1 1 2552 2762 2538 2763
8409 4 2 1 1 2763 2538 2552 2553
8410 4 2 1 1 2552 2762 2763 2777
8411 4 2 1 1 2553 2552 2763 2777
8412 4 2 1 1 2553 2763 2778 2777
8413 4 2 1 1 2763 2538 2553 2539
8414 4 2 1 1 2553 2763 2539 2764
8415 4 2 1 1 2764 2539 2553 2554
8416 4 2 1 1 2553 2763 2764 2778
8417 4 2 1 1 2554 2553 2764 2778
8418 4 2 1 1 2554 2764 2779 2778
8419 4 2 1 1 2764 2539 2554 2540
8420 4 2 1 1 2554 2764 2540 2765
8421 4 2 1 1 2765 2540 2554 2555
8422 4 2 1 1 2554 2764 2765 2779
8423 4 2 1 1 2555 2554 2765 2779
8424 4 2 1 1 2555 2765 2780 2779
8425 4 2 1 1 2765 2540 2555 2541
8426 4 2 1 1 2555 2765 2541 2766
8427 4 2 1 1 2766 2541 2555 2556
8428 4 2 1 1 2555 2765 2766 2780
8429 4 2 1 1 2556 2555 2766 2780
8430 4 2 1 1 2556 2766 2781 2780
8431 4 2 1 1 2766 2541 2556 2542
8432 4 2 1 1 2556 2766 2542 2767
8433 4 2 1 1 2767 2542 2556 2557
8434 4 2 1 1 2556 2766 2767 2781
8435 4 2 1 1 2557 2556 2767 2781
8436 4 2 1 1 2557 2767 2782 2781
8437 4 2 1 1 2767 2542 2557 2543
8438 4 2 1 1 2557 2767 2543 2768
8439 4 2 1 1 2768 2543 2557 2558
8440 4 2 1 1 2557 2767 2768 2782
8441 4 2 1 1 2558 2557 2768 2782
8442 4 2 1 1 2558 2768 2783 2782
8443 4 2 1 1 2768 2543 2558 480
8444 4 2 1 1 2558 2768 480 495
8445 4 2 1 1 495 480 2558 481
8446 4 2 1 1 2558 2768 495 2783
8447 4 2 1 1 481 2558 495 2783
8448 4 2 1 1 481 495 496 2783
8449 4 2 1 1 271 256 257 2544
8450 4 2 1 1 257 271 2544 2769
8451 4 2 1 1 2769 2544 257 2559
8452 4 2 1 1 257 271 2769 272
8453 4 2 1 1 2559 257 2769 272
8454 4 2 1 1 2559 2769 2784 272
8455 4 2 1 1 2769 2544 2559 2545
8456 4 2 1 1 2559 2769 2545 2770
8457 4 2 1 1 2770 2545 2559 2560
8458 4 2 1 1 2559 2769 2770 2784
8459 4 2 1 1 2560 2559 2770 2784
8460 4 2 1 1 2560 2770 2785 2784
8461 4 2 1 1 2770 2545 2560 2546
8462 4 2 1 1 2560 2770 2546 2771
8463 4 2 1 1 2771 2546 2560 2561
8464 4 2 1 1 2560 2770 2771 2785
8465 4 2 1 1 2561 2560 2771 2785
8466 4 2 1 1 2561 2771 2786 2785
8467 4 2 1 1 2771 2546 2561 2547
8468 4 2 1 1 2561 2771 2547 2772
8469 4 2 1 1 2772 2547 2561 2562
8470 4 2 1 1 2561 2771 2772 2786
8471 4 2 1 1 2562 2561 2772 2786
8472 4 2 1 1 2562 2772 2787 2786
8473 4 2 1 1 2772 2547 2562 2548
8474 4 2 1 1 2562 2772 2548 2773
8475 4 2 1 1 2773 2548 2562 2563
8476 4 2 1 1 2562 2772 2773 2787
8477 4 2 1 1 2563 2562 2773 2787
8478 4 2 1 1 2563 2773 2788 2787
8479 4 2 1 1 2773 2548 2563 2549
8480 4 2 1 1 2563 2773 2549 2774
8481 4 2 1 1 2774 2549 2563 2564
8482 4 2 1 1 2563 2773 2774 2788
8483 4 2 1 1 2564 2563 2774 2788
8484 4 2 1 1 2564 2774 2789 2788
8485 4 2 1 1 2774 2549 2564 2550
8486 4 2 1 1 2564 2774 2550 2775
8487 4 2 1 1 2775 2550 2564 2565
8488 4 2 1 1 2564 2774 2775 2789
8489 4 2 1 1 2565 2564 2775 2789
8490 4 2 1 1 2565 2775 2790 2789
8491 4 2 1 1 2775 2550 2565 2551
8492 4 2 1 1 2565 2775 2551 2776
8493 4 2 1 1 2776 2551 2565 2566
8494 4 2 1 1 2565 2775 2776 2790
8495 4 2 1 1 2566 2565 2776 2790
8496 4 2 1 1 2566 2776 2791 2790
8497 4 2 1 1 2776 2551 2566 2552
8498 4 2 1 1 2566 2776 2552 2777
8499 4 2 1 1 2777 2552 2566 2567
8500 4 2 1 1 2566 2776 2777 2791
8501 4 2 1 1 2567 2566 2777 2791
8502 4 2 1 1 2567 2777 2792 2791
8503 4 2 1 1 2777 2552 2567 2553
8504 4 2 1 1 2567 2777 2553 2778
8505 4 2 1 1 2778 2553 2567 2568
8506 4 2 1 1 2567 2777 2778 2792
8507 4 2 1 1 2568 2567 2778 2792
8508 4 2 1 1 2568 2778 2793 2792
8509 4 2 1 1 2778 2553 2568 2554
8510 4 2 1 1 2568 2778 2554 2779
8511 4 2 1 1 2779 2554 2568 2569
8512 4 2 1 1 2568 2778 2779 2793
8513 4 2 1 1 2569 2568 2779 2793
8514 4 2 1 1 2569 2779 2794 2793
8515 4 2 1 1 2779 2554 2569 2555
8516 4 2 1 1 2569 2779 2555 2780
8517 4 2 1 1 2780 2555 2569 2570
8518 4 2 1 1 2569 2779 2780 2794
8519 4 2 1 1 2570 2569 2780 2794
8520 4 2 1 1 2570 2780 2795 2794
8521 4 2 1 1 2780 2555 2570 2556
8522 4 2 1 1 2570 2780 2556 2781
8523 4 2 1 1 2781 2556 2570 2571
8524 4 2 1 1 2570 2780 2781 2795
8525 4 2 1 1 2571 2570 2781 2795
8526 4 2 1 1 2571 2781 2796 2795
8527 4 2 1 1 2781 2556 2571 2557
8528 4 2 1 1 2571 2781 2557 2782
8529 4 2 1 1 2782 2557 2571 2572
8530 4 2 1 1 2571 2781 2782 2796
8531 4 2 1 1 2572 2571 2782 2796
8532 4 2 1 1 2572 2782 2797 2796
8533 4 2 1 1 2782 2557 2572 2558
8534 4 2 1 1 2572 2782 2558 2783
8535 4 2 1 1 2783 2558 2572 2573
8536 4 2 1 1 2572 2782 2783 2797
8537 4 2 1 1 2573 2572 2783 2797
8538 4 2 1 1 2573 2783 2798 2797
8539 4 2 1 1 2783 2558 2573 481
8540 4 2 1 1 2573 2783 481 496
8541 4 2 1 1 496 481 2573 482
8542 4 2 1 1 2573 2783 496 2798
8543 4 2 1 1 482 2573 496 2798
8544 4 2 1 1 482 496 497 2798
8545 4 2 1 1 272 257 258 2559
8546 4 2 1 1 258 272 2559 2784
8547 4 2 1 1 2784 2559 258 2574
8548 4 2 1 1 258 272 2784 273
8549 4 2 1 1 2574 258 2784 273
8550 4 2 1 1 2574 2784 2799 273
8551 4 2 1 1 2784 2559 2574 2560
8552 4 2 1 1 2574 2784 2560 2785
8553 4 2 1 1 2785 2560 2574 2575
8554 4 2 1 1 2574 2784 2785 2799
8555 4 2 1 1 2575 2574 2785 2799
8556 4 2 1 1 2575 2785 2800 2799
8557 4 2 1 1 2785 2560 2575 2561
8558 4 2 1 1 2575 2785 2561 2786
8559 4 2 1 1 2786 2561 2575 2576
8560 4 2 1 1 2575 2785 2786 2800
8561 4 2 1 1 2576 2575 2786 2800
8562 4 2 1 1 2576 2786 2801 2800
8563 4 2 1 1 2786 2561 2576 2562
8564 4 2 1 1 2576 2786 2562 2787
8565 4 2 1 1 2787 2562 2576 2577
8566 4 2 1 1 2576 2786 2787 2801
8567 4 2 1 1 2577 2576 2787 2801
8568 4 2 1 1 2577 2787 2802 2801
8569 4 2 1 1 2787 2562 2577 2563
8570 4 2 1 1 2577 2787 2563 2788
8571 4 2 1 1 2788 2563 2577 2578
8572 4 2 1 1 2577 2787 2788 2802
8573 4 2 1 1 2578 2577 2788 2802
8574 4 2 1 1 2578 2788 2803 2802
8575 4 2 1 1 2788 2563 2578 2564
8576 4 2 1 1 2578 2788 2564 2789
8577 4 2 1 1 2789 2564 2578 2579
8578 4 2 1 1 2578 2788 2789 2803
8579 4 2 1 1 2579 2578 2789 2803
8580 4 2 1 1 2579 2789 2804 2803
8581 4 2 1 1 2789 2564 2579 2565
8582 4 2 1 1 2579 2789 2565 2790
8583 4 2 1 1 2790 2565 2579 2580
8584 4 2 1 1 2579 2789 2790 2804
8585 4 2 1 1 2580 2579 2790 2804
8586 4 2 1 1 2580 2790 2805 2804
8587 4 2 1 1 2790 2565 2580 2566
8588 4 2 1 1 2580 2790 2566 2791
8589 4 2 1 1 2791 2566 2580 2581
8590 4 2 1 1 2580 2790 2791 2805
8591 4 2 1 1 2581 2580 2791 2805
8592 4 2 1 1 2581 2791 2806 2805
8593 4 2 1 1 2791 2566 2581 2567
8594 4 2 1 1 2581 2791 2567 2792
8595 4 2 1 1 2792 2567 2581 2582
8596 4 2 1 1 2581 2791 2792 2806
8597 4 2 1 1 2582 2581 2792 2806
8598 4 2 1 1 2582 2792 2807 2806
8599 4 2 1 1 2792 2567 2582 2568
8600 4 2 1 1 2582 2792 2568 2793
8601 4 2 1 1 2793 2568 2582 2583
8602 4 2 1 1 2582 2792 2793 2807
8603 4 2 1 1 2583 2582 2793 2807
8604 4 2 1 1 2583 2793 2808 2807
8605 4 2 1 1 2793 2568 2583 2569
8606 4 2 1 1 2583 2793 2569 2794
8607 4 2 1 1 2794 2569 2583 2584
8608 4 2 1 1 2583 2793 2794 2808
8609 4 2 1 1 2584 2583 2794 2808
8610 4 2 1 1 2584 2794 2809 2808
8611 4 2 1 1 2794 2569 2584 2570
8612 4 2 1 1 2584 2794 2570 2795
8613 4 2 1 1 2795 2570 2584 2585
8614 4 2 1 1 2584 2794 2795 2809
8615 4 2 1 1 2585 2584 2795 2809
8616 4 2 1 1 2585 2795 2810 2809
8617 4 2 1 1 2795 2570 2585 2571
8618 4 2 1 1 2585 2795 2571 2796
8619 4 2 1 1 2796 2571 2585 2586
8620 4 2 1 1 2585 2795 2796 2810
8621 4 2 1 1 2586 2585 2796 2810
8622 4 2 1 1 2586 2796 2811 2810
8623 4 2 1 1 2796 2571 2586 2572
8624 4 2 1 1 2586 2796 2572 2797
8625 4 2 1 1 2797 2572 2586 2587
8626 4 2 1 1 2586 2796 2797 2811
8627 4 2 1 1 2587 2586 2797 2811
8628 4 2 1 1 2587 2797 2812 2811
8629 4 2 1 1 2797 2572 2587 2573
8630 4 2 1 1 2587 2797 2573 2798
8631 4 2 1 1 2798 2573 2587 2588
8632 4 2 1 1 2587 2797 2798 2812
8633 4 2 1 1 2588 2587 2798 2812
8634 4 2 1 1 2588 2798 2813 2812
8635 4 2 1 1 2798 2573 2588 482
8636 4 2 1 1 2588 2798 482 497
8637 4 2 1 1 497 482 2588 483
8638 4 2 1 1 2588 2798 497 2813
8639 4 2 1 1 483 2588 497 2813
8640 4 2 1 1 483 497 498 2813
8641 4 2 1 1 273 258 259 2574
8642 4 2 1 1 259 273 2574 2799
8643 4 2 1 1 2799 2574 259 2589
8644 4 2 1 1 259 273 2799 274
8645 4 2 1 1 2589 259 2799 274
8646 4 2 1 1 2589 2799 2814 274
8647 4 2 1 1 2799 2574 2589 2575
8648 4 2 1 1 2589 2799 2575 2800
8649 4 2 1 1 2800 2575 2589 2590
8650 4 2 1 1 2589 2799 2800 2814
8651 4 2 1 1 2590 2589 2800 2814
8652 4 2 1 1 2590 2800 2815 2814
8653 4 2 1 1 2800 2575 2590 2576
8654 4 2 1 1 2590 2800 2576 2801
8655 4 2 1 1 2801 2576 2590 2591
8656 4 2 1 1 2590 2800 2801 2815
8657 4 2 1 1 2591 2590 2801 2815
8658 4 2 1 1 2591 2801 2816 2815
8659 4 2 1 1 2801 2576 2591 2577
8660 4 2 1 1 2591 2801 2577 2802
8661 4 2 1 1 2802 2577 2591 2592
8662 4 2 1 1 2591 2801 2802 2816
8663 4 2 1 1 2592 2591 2802 2816
8664 4 2 1 1 2592 2802 2817 2816
8665 4 2 1 1 2802 2577 2592 2578
8666 4 2 1 1 2592 2802 2578 2803
8667 4 2 1 1 2803 2578 2592 2593
8668 4 2 1 1 2592 2802 2803 2817
8669 4 2 1 1 2593 2592 2803 2817
8670 4 2 1 1 2593 2803 2818 2817
8671 4 2 1 1 2803 2578 2593 2579
8672 4 2 1 1 2593 2803 2579 2804
8673 4 2 1 1 2804 2579 2593 2594
8674 4 2 1 1 2593 2803 2804 2818
8675 4 2 1 1 2594 2593 2804 2818
8676 4 2 1 1 2594 2804 2819 2818
8677 4 2 1 1 2804 2579 2594 2580
8678 4 2 1 1 2594 2804 2580 2805
8679 4 2 1 1 2805 2580 2594 2595
8680 4 2 1 1 2594 2804 2805 2819
8681 4 2 1 1 2595 2594 2805 2819
8682 4 2 1 1 2595 2805 2820 2819
8683 4 2 1 1 2805 2580 2595 2581
8684 4 2 1 1 2595 2805 2581 2806
8685 4 2 1 1 2806 2581 2595 2596
8686 4 2 1 1 2595 2805 2806 2820
8687 4 2 1 1 2596 2595 2806 2820
8688 4 2 1 1 2596 2806 2821 2820
8689 4 2 1 1 2806 2581 2596 2582
8690 4 2 1 1 2596 2806 2582 2807
8691 4 2 1 1 2807 2582 2596 2597
8692 4 2 1 1 2596 2806 2807 2821
8693 4 2 1 1 2597 2596 2807 2821
8694 4 2 1 1 2597 2807 2822 2821
8695 4 2 1 1 2807 2582 2597 2583
8696 4 2 1 1 2597 2807 2583 2808
8697 4 2 1 1 2808 2583 2597 2598
8698 4 2 1 1 2597 2807 2808 2822
8699 4 2 1 1 2598 2597 2808 2822
8700 4 2 1 1 2598 2808 2823 2822
8701 4 2 1 1 2808 2583 2598 2584
8702 4 2 1 1 2598 2808 2584 2809
8703 4 2 1 1 2809 2584 2598 2599
8704 4 2 1 1 2598 2808 2809 2823
8705 4 2 1 1 2599 2598 2809 2823
8706 4 2 1 1 2599 2809 2824 2823
8707 4 2 1 1 2809 2584 2599 2585
8708 4 2 1 1 2599 2809 2585 2810
8709 4 2 1 1 2810 2585 2599 2600
8710 4 2 1 1 2599 2809 2810 2824
8711 4 2 1 1 2600 2599 2810 2824
8712 4 2 1 1 2600 2810 2825 2824
8713 4 2 1 1 2810 2585 2600 2586
8714 4 2 1 1 2600 2810 2586 2811
8715 4 2 1 1 2811 2586 2600 2601
8716 4 2 1 1 2600 2810 2811 2825
8717 4 2 1 1 2601 2600 2811 2825
8718 4 2 1 1 2601 2811 2826 2825
8719 4 2 1 1 2811 2586 2601 2587
8720 4 2 1 1 2601 2811 2587 2812
8721 4 2 1 1 2812 2587 2601 2602
8722 4 2 1 1 2601 2811 2812 2826
8723 4 2 1 1 2602 2601 2812 2826
8724 4 2 1 1 2602 2812 2827 2826
8725 4 2 1 1 2812 2587 2602 2588
8726 4 2 1 1 2602 2812 2588 2813
8727 4 2 1 1 2813 2588 2602 2603
8728 4 2 1 1 2602 2812 2813 2827
8729 4 2 1 1 2603 2602 2813 2827
8730 4 2 1 1 2603 2813 2828 2827
8731 4 2 1 1 2813 2588 2603 483
8732 4 2 1 1 2603 2813 483 498
8733 4 2 1 1 498 483 2603 484
8734 4 2 1 1 2603 2813 498 2828
8735 4 2 1 1 484 2603 498 2828
8736 4 2 1 1 484 498 499 2828
8737 4 2 1 1 274 259 260 2589
8738 4 2 1 1 260 274 2589 2814
8739 4 2 1 1 2814 2589 260 2604
8740 4 2 1 1 260 274 2814 275
8741 4 2 1 1 2604 260 2814 275
8742 4 2 1 1 2604 2814 2829 275
8743 4 2 1 1 2814 2589 2604 2590
8744 4 2 1 1 2604 2814 2590 2815
8745 4 2 1 1 2815 2590 2604 2605
8746 4 2 1 1 2604 2814 2815 2829
8747 4 2 1 1 2605 2604 2815 2829
8748 4 2 1 1 2605 2815 2830 2829
8749 4 2 1 1 2815 2590 2605 2591
8750 4 2 1 1 2605 2815 2591 2816
8751 4 2 1 1 2816 2591 2605 2606
8752 4 2 1 1 2605 2815 2816 2830
8753 4 2 1 1 2606 2605 2816 2830
8754 4 2 1 1 2606 2816 2831 2830
8755 4 2 1 1 2816 2591 2606 2592
8756 4 2 1 1 2606 2816 2592 2817
8757 4 2 1 1 2817 2592 2606 2607
8758 4 2 1 1 2606 2816 2817 2831
8759 4 2 1 1 2607 2606 2817 2831
8760 4 2 1 1 2607 2817 2832 2831
8761 4 2 1 1 2817 2592 2607 2593
8762 4 2 1 1 2607 2817 2593 2818
8763 4 2 1 1 2818 2593 2607 2608
8764 4 2 1 1 2607 2817 2818 2832
8765 4 2 1 1 2608 2607 2818 2832
8766 4 2 1 1 2608 2818 2833 2832
8767 4 2 1 1 2818 2593 2608 2594
8768 4 2 1 1 2608 2818 2594 2819
8769 4 2 1 1 2819 2594 2608 2609
8770 4 2 1 1 2608 2818 2819 2833
8771 4 2 1 1 2609 2608 2819 2833
8772 4 2 1 1 2609 2819 2834 2833
8773 4 2 1 1 2819 2594 2609 2595
8774 4 2 1 1 2609 2819 2595 2820
8775 4 2 1 1 2820 2595 2609 2610
8776 4 2 1 1 2609 2819 2820 2834
8777 4 2 1 1 2610 2609 2820 2834
8778 4 2 1 1 2610 2820 2835 2834
8779 4 2 1 1 2820 2595 2610 2596
8780 4 2 1 1 2610 2820 2596 2821
8781 4 2 1 1 2821 2596 2610 2611
8782 4 2 1 1 2610 2820 2821 2835
8783 4 2 1 1 2611 2610 2821 2835
8784 4 2 1 1 2611 2821 2836 2835
8785 4 2 1 1 2821 2596 2611 2597
8786 4 2 1 1 2611 2821 2597 2822
8787 4 2 1 1 2822 2597 2611 2612
8788 4 2 1 1 2611 2821 2822 2836
8789 4 2 1 1 2612 2611 2822 2836
8790 4 2 1 1 2612 2822 2837 2836
8791 4 2 1 1 2822 2597 2612 2598
8792 4 2 1 1 2612 2822 2598 2823
8793 4 2 1 1 2823 2598 2612 2613
8794 4 2 1 1 2612 2822 2823 2837
8795 4 2 1 1 2613 2612 2823 2837
8796 4 2 1 1 2613 2823 2838 2837
8797 4 2 1 1 2823 2598 2613 2599
8798 4 2 1 1 2613 2823 2599 2824
8799 4 2 1 1 2824 2599 2613 2614
8800 4 2 1 1 2613 2823 2824 2838
8801 4 2 1 1 2614 2613 2824 2838
8802 4 2 1 1 2614 2824 2839 2838
8803 4 2 1 1 2824 2599 2614 2600
8804 4 2 1 1 2614 2824 2600 2825
8805 4 2 1 1 2825 2600 2614 2615
8806 4 2 1 1 2614 2824 2825 2839
8807 4 2 1 1 2615 2614 2825 2839
8808 4 2 1 1 2615 2825 2840 2839
8809 4 2 1 1 2825 2600 2615 2601
8810 4 2 1 1 2615 2825 2601 2826
8811 4 2 1 1 2826 2601 2615 2616
8812 4 2 1 1 2615 2825 2826 2840
8813 4 2 1 1 2616 2615 2826 2840
8814 4 2 1 1 2616 2826 2841 2840
8815 4 2 1 1 2826 2601 2616 2602
8816 4 2 1 1 2616 2826 2602 2827
8817 4 2 1 1 2827 2602 2616 2617
8818 4 2 1 1 2616 2826 2827 2841
8819 4 2 1 1 2617 2616 2827 2841
8820 4 2 1 1 2617 2827 2842 2841
8821 4 2 1 1 2827 2602 2617 2603
8822 4 2 1 1 2617 2827 2603 2828
8823 4 2 1 1 2828 2603 2617 2618
8824 4 2 1 1 2617 2827 2828 2842
8825 4 2 1 1 2618 2617 2828 2842
8826 4 2 1 1 2618 2828 2843 2842
8827 4 2 1 1 2828 2603 2618 484
8828 4 2 1 1 2618 2828 484 499
8829 4 2 1 1 499 484 2618 485
8830 4 2 1 1 2618 2828 499 2843
8831 4 2 1 1 485 2618 499 2843
8832 4 2 1 1 485 499 500 2843
8833 4 2 1 1 275 260 261 2604
8834 4 2 1 1 261 275 2604 2829
8835 4 2 1 1 2829 2604 261 2619
8836 4 2 1 1 261 275 2829 276
8837 4 2 1 1 2619 261 2829 276
8838 4 2 1 1 2619 2829 2844 276
8839 4 2 1 1 2829 2604 2619 2605
8840 4 2 1 1 2619 2829 2605 2830
8841 4 2 1 1 2830 2605 2619 2620
8842 4 2 1 1 2619 2829 2830 2844
8843 4 2 1 1 2620 2619 2830 2844
8844 4 2 1 1 2620 2830 2845 2844
8845 4 2 1 1 2830 2605 2620 2606
8846 4 2 1 1 2620 2830 2606 2831
8847 4 2 1 1 2831 2606 2620 2621
8848 4 2 1 1 2620 2830 2831 2845
8849 4 2 1 1 2621 2620 2831 2845
8850 4 2 1 1 2621 2831 2846 2845
8851 4 2 1 1 2831 2606 2621 2607
8852 4 2 1 1 2621 2831 2607 2832
8853 4 2 1 1 2832 2607 2621 2622
8854 4 2 1 1 2621 2831 2832 2846
8855 4 2 1 1 2622 2621 2832 2846
8856 4 2 1 1 2622 2832 2847 2846
8857 4 2 1 1 2832 2607 2622 2608
8858 4 2 1 1 2622 2832 2608 2833
8859 4 2 1 1 2833 2608 2622 2623
8860 4 2 1 1 2622 2832 2833 2847
8861 4 2 1 1 2623 2622 2833 2847
8862 4 2 1 1 2623 2833 2848 2847
8863 4 2 1 1 2833 2608 2623 2609
8864 4 2 1 1 2623 2833 2609 2834
8865 4 2 1 1 2834 2609 2623 2624
8866 4 2 1 1 2623 2833 2834 2848
8867 4 2 1 1 2624 2623 2834 2848
8868 4 2 1 1 2624 2834 2849 2848
8869 4 2 1 1 2834 2609 2624 2610
8870 4 2 1 1 2624 2834 2610 2835
8871 4 2 1 1 2835 2610 2624 2625
8872 4 2 1 1 2624 2834 2835 2849
8873 4 2 1 1 2625 2624 2835 2849
8874 4 2 1 1 2625 2835 2850 2849
8875 4 2 1 1 2835 2610 2625 2611
8876 4 2 1 1 2625 2835 2611 2836
8877 4 2 1 1 2836 2611 2625 2626
8878 4 2 1 1 2625 2835 2836 2850
8879 4 2 1 1 2626 2625 2836 2850
8880 4 2 1 1 2626 2836 2851 2850
8881 4 2 1 1 2836 2611 2626 2612
8882 4 2 1 1 2626 2836 2612 2837
8883 4 2 1 1 2837 2612 2626 2627
8884 4 2 1 1 2626 2836 2837 2851
8885 4 2 1 1 2627 2626 2837 2851
8886 4 2 1 1 2627 2837 2852 2851
8887 4 2 1 1 2837 2612 2627 2613
8888 4 2 1 1 2627 2837 2613 2838
8889 4 2 1 1 2838 2613 2627 2628
8890 4 2 1 1 2627 2837 2838 2852
8891 4 2 1 1 2628 2627 2838 2852
8892 4 2 1 1 2628 2838 2853 2852
8893 4 2 1 1 2838 2613 2628 2614
8894 4 2 1 1 2628 2838 2614 2839
8895 4 2 1 1 2839 2614 2628 2629
8896 4 2 1 1 2628 2838 2839 2853
8897 4 2 1 1 2629 2628 2839 2853
8898 4 2 1 1 2629 2839 2854 2853
8899 4 2 1 1 2839 2614 2629 2615
8900 4 2 1 1 2629 2839 2615 2840
8901 4 2 1 1 2840 2615 2629 2630
8902 4 2 1 1 2629 2839 2840 2854
8903 4 2 1 1 2630 2629 2840 2854
8904 4 2 1 1 2630 2840 2855 2854
8905 4 2 1 1 2840 2615 2630 2616
8906 4 2 1 1 2630 2840 2616 2841
8907 4 2 1 1 2841 2616 2630 2631
8908 4 2 1 1 2630 2840 2841 2855
8909 4 2 1 1 2631 2630 2841 2855
8910 4 2 1 1 2631 2841 2856 2855
8911 4 2 1 1 2841 2616 2631 2617
8912 4 2 1 1 2631 2841 2617 2842
8913 4 2 1 1 2842 2617 2631 2632
8914 4 2 1 1 2631 2841 2842 2856
8915 4 2 1 1 2632 2631 2842 2856
8916 4 2 1 1 2632 2842 2857 2856
8917 4 2 1 1 2842 2617 2632 2618
8918 4 2 1 1 2632 2842 2618 2843
8919 4 2 1 1 2843 2618 2632 2633
8920 4 2 1 1 2632 2842 2843 2857
8921 4 2 1 1 2633 2632 2843 2857
8922 4 2 1 1 2633 2843 2858 2857
8923 4 2 1 1 2843 2618 2633 485
8924 4 2 1 1 2633 2843 485 500
8925 4 2 1 1 500 485 2633 486
8926 4 2 1 1 2633 2843 500 2858
8927 4 2 1 1 486 2633 500 2858
8928 4 2 1 1 486 500 501 2858
8929 4 2 1 1 276 261 262 2619
8930 4 2 1 1 262 276 2619 2844
8931 4 2 1 1 2844 2619 262 2634
8932 4 2 1 1 262 276 2844 277
8933 4 2 1 1 2634 262 2844 277
8934 4 2 1 1 2634 2844 2859 277
8935 4 2 1 1 2844 2619 2634 2620
8936 4 2 1 1 2634 2844 2620 2845
8937 4 2 1 1 2845 2620 2634 2635
8938 4 2 1 1 2634 2844 2845 2859
8939 4 2 1 1 2635 2634 2845 2859
8940 4 2 1 1 2635 2845 2860 2859
8941 4 2 1 1 2845 2620 2635 2621
8942 4 2 1 1 2635 2845 2621 2846
8943 4 2 1 1 2846 2621 2635 2636
8944 4 2 1 1 2635 2845 2846 2860
8945 4 2 1 1 2636 2635 2846 2860
8946 4 2 1 1 2636 2846 2861 2860
8947 4 2 1 1 2846 2621 2636 2622
8948 4 2 1 1 2636 2846 2622 2847
8949 4 2 1 1 2847 2622 2636 2637
8950 4 2 1 1 2636 2846 2847 2861
8951 4 2 1 1 2637 2636 2847 2861
8952 4 2 1 1 2637 2847 2862 2861
8953 4 2 1 1 2847 2622 2637 2623
8954 4 2 1 1 2637 2847 2623 2848
8955 4 2 1 1 2848 2623 2637 2638
8956 4 2 1 1 2637 2847 2848 2862
8957 4 2 1 1 2638 2637 2848 2862
8958 4 2 1 1 2638 2848 2863 2862
8959 4 2 1 1 2848 2623 2638 2624
8960 4 2 1 1 2638 2848 2624 2849
8961 4 2 1 1 2849 2624 2638 2639
8962 4 2 1 1 2638 2848 2849 2863
8963 4 2 1 1 2639 2638 2849 2863
8964 4 2 1 1 2639 2849 2864 2863
8965 4 2 1 1 2849 2624 2639 2625
8966 4 2 1 1 2639 2849 2625 2850
8967 4 2 1 1 2850 2625 2639 2640
8968 4 2 1 1 2639 2849 2850 2864
8969 4 2 1 1 2640 2639 2850 2864
8970 4 2 1 1 2640 2850 2865 2864
8971 4 2 1 1 2850 2625 2640 2626
8972 4 2 1 1 2640 2850 2626 2851
8973 4 2 1 1 2851 2626 2640 2641
8974 4 2 1 1 2640 2850 2851 2865
8975 4 2 1 1 2641 2640 2851 2865
8976 4 2 1 1 2641 2851 2866 2865
8977 4 2 1 1 2851 2626 2641 2627
8978 4 2 1 1 2641 2851 2627 2852
8979 4 2 1 1 2852 2627 2641 2642
8980 4 2 1 1 2641 2851 2852 2866
8981 4 2 1 1 2642 2641 2852 2866
8982 4 2 1 1 2642 2852 2867 2866
8983 4 2 1 1 2852 2627 2642 2628
8984 4 2 1 1 2642 2852 2628 2853
8985 4 2 1 1 2853 2628 2642 2643
8986 4 2 1 1 2642 2852 2853 2867
8987 4 2 1 1 2643 2642 2853 2867
8988 4 2 1 1 2643 2853 2868 2867
8989 4 2 1 1 2853 2628 2643 2629
8990 4 2 1 1 2643 2853 2629 2854
8991 4 2 1 1 2854 2629 2643 2644
8992 4 2 1 1 2643 2853 2854 2868
8993 4 2 1 1 2644 2643 2854 2868
8994 4 2 1 1 2644 2854 2869 2868
8995 4 2 1 1 2854 2629 2644 2630
8996 4 2 1 1 2644 2854 2630 2855
8997 4 2 1 1 2855 2630 2644 2645
8998 4 2 1 1 2644 2854 2855 2869
8999 4 2 1 1 2645 2644 2855 2869
9000 4 2 1 1 2645 2855 2870 2869
9001 4 2 1 1 2855 2630 2645 2631
9002 4 2 1 1 2645 2855 2631 2856
9003 4 2 1 1 2856 2631 2645 2646
9004 4 2 1 1 2645 2855 2856 2870
9005 4 2 1 1 2646 2645 2856 2870
9006 4 2 1 1 2646 2856 2871 2870
9007 4 2 1 1 2856 2631 2646 2632
9008 4 2 1 1 2646 2856 2632 2857
9009 4 2 1 1 2857 2632 2646 2647
9010 4 2 1 1 2646 2856 2857 2871
9011 4 2 1 1 2647 2646 2857 2871
9012 4 2 1 1 2647 2857 2872 2871
9013 4 2 1 1 2857 2632 2647 2633
9014 4 2 1 1 2647 2857 2633 2858
9015 4 2 1 1 2858 2633 2647 2648
9016 4 2 1 1 2647 2857 2858 2872
9017 4 2 1 1 2648 2647 2858 2872
9018 4 2 1 1 2648 2858 2873 2872
9019 4 2 1 1 2858 2633 2648 486
9020 4 2 1 1 2648 2858 486 501
9021 4 2 1 1 501 486 2648 487
9022 4 2 1 1 2648 2858 501 2873
9023 4 2 1 1 487 2648 501 2873
9024 4 2 1 1 487 501 502 2873
9025 4 2 1 1 277 262 263 2634
9026 4 2 1 1 263 277 2634 2859
9027 4 2 1 1 2859 2634 263 2649
9028 4 2 1 1 263 277 2859 278
9029 4 2 1 1 2649 263 2859 278
9030 4 2 1 1 2649 2859 2874 278
9031 4 2 1 1 2859 2634 2649 2635
9032 4 2 1 1 2649 2859 2635 2860
9033 4 2 1 1 2860 2635 2649 2650
9034 4 2 1 1 2649 2859 2860 2874
9035 4 2 1 1 2650 2649 2860 2874
9036 4 2 1 1 2650 2860 2875 2874
9037 4 2 1 1 2860 2635 2650 2636
9038 4 2 1 1 2650 2860 2636 2861
9039 4 2 1 1 2861 2636 2650 2651
9040 4 2 1 1 2650 2860 2861 2875
9041 4 2 1 1 2651 2650 2861 2875
9042 4 2 1 1 2651 2861 2876 2875
9043 4 2 1 1 2861 2636 2651 2637
9044 4 2 1 1 2651 2861 2637 2862
9045 4 2 1 1 2862 2637 2651 2652
9046 4 2 1 1 2651 2861 2862 2876
9047 4 2 1 1 2652 2651 2862 2876
9048 4 2 1 1 2652 2862 2877 2876
9049 4 2 1 1 2862 2637 2652 2638
9050 4 2 1 1 2652 2862 2638 2863
9051 4 2 1 1 2863 2638 2652 2653
9052 4 2 1 1 2652 2862 2863 2877
9053 4 2 1 1 2653 2652 2863 2877
9054 4 2 1 1 2653 2863 2878 2877
9055 4 2 1 1 2863 2638 2653 2639
9056 4 2 1 1 2653 2863 2639 2864
9057 4 2 1 1 2864 2639 2653 2654
9058 4 2 1 1 2653 2863 2864 2878
9059 4 2 1 1 2654 2653 2864 2878
9060 4 2 1 1 2654 2864 2879 2878
9061 4 2 1 1 2864 2639 2654 2640
9062 4 2 1 1 2654 2864 2640 2865
9063 4 2 1 1 2865 2640 2654 2655
9064 4 2 1 1 2654 2864 2865 2879
9065 4 2 1 1 2655 2654 2865 2879
9066 4 2 1 1 2655 2865 2880 2879
9067 4 2 1 1 2865 2640 2655 2641
9068 4 2 1 1 2655 2865 2641 2866
9069 4 2 1 1 2866 2641 2655 2656
9070 4 2 1 1 2655 2865 2866 2880
9071 4 2 1 1 2656 2655 2866 2880
9072 4 2 1 1 2656 2866 2881 2880
9073 4 2 1 1 2866 2641 2656 2642
9074 4 2 1 1 2656 2866 2642 2867
9075 4 2 1 1 2867 2642 2656 2657
9076 4 2 1 1 2656 2866 2867 2881
9077 4 2 1 1 2657 2656 2867 2881
9078 4 2 1 1 2657 2867 2882 2881
9079 4 2 1 1 2867 2642 2657 2643
9080 4 2 1 1 2657 2867 2643 2868
9081 4 2 1 1 2868 2643 2657 2658
9082 4 2 1 1 2657 2867 2868 2882
9083 4 2 1 1 2658 2657 2868 2882
9084 4 2 1 1 2658 2868 2883 2882
9085 4 2 1 1 2868 2643 2658 2644
9086 4 2 1 1 2658 2868 2644 2869
9087 4 2 1 1 2869 2644 2658 2659
9088 4 2 1 1 2658 2868 2869 2883
9089 4 2 1 1 2659 2658 2869 2883
9090 4 2 1 1 2659 2869 2884 2883
9091 4 2 1 1 2869 2644 2659 2645
9092 4 2 1 1 2659 2869 2645 2870
9093 4 2 1 1 2870 2645 2659 2660
9094 4 2 1 1 2659 2869 2870 2884
9095 4 2 1 1 2660 2659 2870 2884
9096 4 2 1 1 2660 2870 2885 2884
9097 4 2 1 1 2870 2645 2660 2646
9098 4 2 1 1 2660 2870 2646 2871
9099 4 2 1 1 2871 2646 2660 2661
9100 4 2 1 1 2660 2870 2871 2885
9101 4 2 1 1 2661 2660 2871 2885
9102 4 2 1 1 2661 2871 2886 2885
9103 4 2 1 1 2871 2646 2661 2647
9104 4 2 1 1 2661 2871 2647 2872
9105 4 2 1 1 2872 2647 2661 2662
9106 4 2 1 1 2661 2871 2872 2886
9107 4 2 1 1 2662 2661 2872 2886
9108 4 2 1 1 2662 2872 2887 2886
9109 4 2 1 1 2872 2647 2662 2648
9110 4 2 1 1 2662 2872 2648 2873
9111 4 2 1 1 2873 2648 2662 2663
9112 4 2 1 1 2662 2872 2873 2887
9113 4 2 1 1 2663 2662 2873 2887
9114 4 2 1 1 2663 2873 2888 2887
9115 4 2 1 1 2873 2648 2663 487
9116 4 2 1 1 2663 2873 487 502
9117 4 2 1 1 502 487 2663 488
9118 4 2 1 1 2663 2873 502 2888
9119 4 2 1 1 488 2663 502 2888
9120 4 2 1 1 488 502 503 2888
9121 4 2 1 1 278 263 43 2649
9122 4 2 1 1 43 278 2649 2874
9123 4 2 1 1 2874 2649 43 868
9124 4 2 1 1 43 278 2874 44
9125 4 2 1 1 868 43 2874 44
9126 4 2 1 1 868 2874 869 44
9127 4 2 1 1 2874 2649 868 2650
9128 4 2 1 1 868 2874 2650 2875
9129 4 2 1 1 2875 2650 868 883
9130 4 2 1 1 868 2874 2875 869
9131 4 2 1 1 883 868 2875 869
9132 4 2 1 1 883 2875 884 869
9133 4 2 1 1 2875 2650 883 2651
9134 4 2 1 1 883 2875 2651 2876
9135 4 2 1 1 2876 2651 883 898
9136 4 2 1 1 883 2875 2876 884
9137 4 2 1 1 898 883 2876 884
9138 4 2 1 1 898 2876 899 884
9139 4 2 1 1 2876 2651 898 2652
9140 4 2 1 1 898 2876 2652 2877
9141 4 2 1 1 2877 2652 898 913
9142 4 2 1 1 898 2876 2877 899
9143 4 2 1 1 913 898 2877 899
9144 4 2 1 1 913 2877 914 899
9145 4 2 1 1 2877 2652 913 2653
9146 4 2 1 1 913 2877 2653 2878
9147 4 2 1 1 2878 2653 913 928
9148 4 2 1 1 913 2877 2878 914
9149 4 2 1 1 928 913 2878 914
9150 4 2 1 1 928 2878 929 914
9151 4 2 1 1 2878 2653 928 2654
9152 4 2 1 1 928 2878 2654 2879
9153 4 2 1 1 2879 2654 928 943
9154 4 2 1 1 928 2878 2879 929
9155 4 2 1 1 943 928 2879 929
9156 4 2 1 1 943 2879 944 929
9157 4 2 1 1 2879 2654 943 2655
9158 4 2 1 1 943 2879 2655 2880
9159 4 2 1 1 2880 2655 943 958
9160 4 2 1 1 943 2879 2880 944
9161 4 2 1 1 958 943 2880 944
9162 4 2 1 1 958 2880 959 944
9163 4 2 1 1 2880 2655 958 2656
9164 4 2 1 1 958 2880 2656 2881
9165 4 2 1 1 2881 2656 958 973
9166 4 2 1 1 958 2880 2881 959
9167 4 2 1 1 973 958 2881 959
9168 4 2 1 1 973 2881 974 959
9169 4 2 1 1 2881 2656 973 2657
9170 4 2 1 1 973 2881 2657 2882
9171 4 2 1 1 2882 2657 973 988
9172 4 2 1 1 973 2881 2882 974
9173 4 2 1 1 988 973 2882 974
9174 4 2 1 1 988 2882 989 974
9175 4 2 1 1 2882 2657 988 2658
9176 4 2 1 1 988 2882 2658 2883
9177 4 2 1 1 2883 2658 988 1003
9178 4 2 1 1 988 2882 2883 989
9179 4 2 1 1 1003 988 2883 989
9180 4 2 1 1 1003 2883 1004 989
9181 4 2 1 1 2883 2658 1003 2659
9182 4 2 1 1 1003 2883 2659 2884
9183 4 2 1 1 2884 2659 1003 1018
9184 4 2 1 1 1003 2883 2884 1004
9185 4 2 1 1 1018 1003 2884 1004
9186 4 2 1 1 1018 2884 1019 1004
9187 4 2 1 1 2884 2659 1018 2660
9188 4 2 1 1 1018 2884 2660 2885
9189 4 2 1 1 2885 2660 1018 1033
9190 4 2 1 1 1018 2884 2885 1019
9191 4 2 1 1 1033 1018 2885 1019
9192 4 2 1 1 1033 2885 1034 1019
9193 4 2 1 1 2885 2660 1033 2661
9194 4 2 1 1 1033 2885 2661 2886
9195 4 2 1 1 2886 2661 1033 1048
9196 4 2 1 1 1033 2885 2886 1034
9197 4 2 1 1 1048 1033 2886 1034
9198 4 2 1 1 1048 2886 1049 1034
9199 4 2 1 1 2886 2661 1048 2662
9200 4 2 1 1 1048 2886 2662 2887
9201 4 2 1 1 2887 2662 1048 1063
9202 4 2 1 1 1048 2886 2887 1049
9203 4 2 1 1 1063 1048 2887 1049
9204 4 2 1 1 1063 2887 1064 1049
9205 4 2 1 1 2887 2662 1063 2663
9206 4 2 1 1 1063 2887 2663 2888
9207 4 2 1 1 2888 2663 1063 1078
9208 4 2 1 1 1063 2887 2888 1064
9209 4 2 1 1 1078 1063 2888 1064
9210 4 2 1 1 1078 2888 1079 1064
9211 4 2 1 1 2888 2663 1078 488
9212 4 2 1 1 1078 2888 488 503
9213 4 2 1 1 503 488 1078 103
9214 4 2 1 1 1078 2888 503 1079
9215 4 2 1 1 103 1078 503 1079
9216 4 2 1 1 103 503 104 1079
9217 4 2 1 1 15 14 264 644
9218 4 2 1 1 264 15 644 645
9219 4 2 1 1 645 644 264 2664
9220 4 2 1 1 264 15 645 279
9221 4 2 1 1 2664 264 645 279
9222 4 2 1 1 2664 645 2889 279
9223 4 2 1 1 645 644 2664 659
9224 4 2 1 1 2664 645 659 660
9225 4 2 1 1 660 659 2664 2665
9226 4 2 1 1 2664 645 660 2889
9227 4 2 1 1 2665 2664 660 2889
9228 4 2 1 1 2665 660 2890 2889
9229 4 2 1 1 660 659 2665 674
9230 4 2 1 1 2665 660 674 675
9231 4 2 1 1 675 674 2665 2666
9232 4 2 1 1 2665 660 675 2890
9233 4 2 1 1 2666 2665 675 2890
9234 4 2 1 1 2666 675 2891 2890
9235 4 2 1 1 675 674 2666 689
9236 4 2 1 1 2666 675 689 690
9237 4 2 1 1 690 689 2666 2667
9238 4 2 1 1 2666 675 690 2891
9239 4 2 1 1 2667 2666 690 2891
9240 4 2 1 1 2667 690 2892 2891
9241 4 2 1 1 690 689 2667 704
9242 4 2 1 1 2667 690 704 705
9243 4 2 1 1 705 704 2667 2668
9244 4 2 1 1 2667 690 705 2892
9245 4 2 1 1 2668 2667 705 2892
9246 4 2 1 1 2668 705 2893 2892
9247 4 2 1 1 705 704 2668 719
9248 4 2 1 1 2668 705 719 720
9249 4 2 1 1 720 719 2668 2669
9250 4 2 1 1 2668 705 720 2893
9251 4 2 1 1 2669 2668 720 2893
9252 4 2 1 1 2669 720 2894 2893
9253 4 2 1 1 720 719 2669 734
9254 4 2 1 1 2669 720 734 735
9255 4 2 1 1 735 734 2669 2670
9256 4 2 1 1 2669 720 735 2894
9257 4 2 1 1 2670 2669 735 2894
9258 4 2 1 1 2670 735 2895 2894
9259 4 2 1 1 735 734 2670 749
9260 4 2 1 1 2670 735 749 750
9261 4 2 1 1 750 749 2670 2671
9262 4 2 1 1 2670 735 750 2895
9263 4 2 1 1 2671 2670 750 2895
9264 4 2 1 1 2671 750 2896 2895
9265 4 2 1 1 750 749 2671 764
9266 4 2 1 1 2671 750 764 765
9267 4 2 1 1 765 764 2671 2672
9268 4 2 1 1 2671 750 765 2896
9269 4 2 1 1 2672 2671 765 2896
9270 4 2 1 1 2672 765 2897 2896
9271 4 2 1 1 765 764 2672 779
9272 4 2 1 1 2672 765 779 780
9273 4 2 1 1 780 779 2672 2673
9274 4 2 1 1 2672 765 780 2897
9275 4 2 1 1 2673 2672 780 2897
9276 4 2 1 1 2673 780 2898 2897
9277 4 2 1 1 780 779 2673 794
9278 4 2 1 1 2673 780 794 795
9279 4 2 1 1 795 794 2673 2674
9280 4 2 1 1 2673 780 795 2898
9281 4 2 1 1 2674 2673 795 2898
9282 4 2 1 1 2674 795 2899 2898
9283 4 2 1 1 795 794 2674 809
9284 4 2 1 1 2674 795 809 810
9285 4 2 1 1 810 809 2674 2675
9286 4 2 1 1 2674 795 810 2899
9287 4 2 1 1 2675 2674 810 2899
9288 4 2 1 1 2675 810 2900 2899
9289 4 2 1 1 810 809 2675 824
9290 4 2 1 1 2675 810 824 825
9291 4 2 1 1 825 824 2675 2676
9292 4 2 1 1 2675 810 825 2900
9293 4 2 1 1 2676 2675 825 2900
9294 4 2 1 1 2676 825 2901 2900
9295 4 2 1 1 825 824 2676 839
9296 4 2 1 1 2676 825 839 840
9297 4 2 1 1 840 839 2676 2677
9298 4 2 1 1 2676 825 840 2901
9299 4 2 1 1 2677 2676 840 2901
9300 4 2 1 1 2677 840 2902 2901
9301 4 2 1 1 840 839 2677 854
9302 4 2 1 1 2677 840 854 855
9303 4 2 1 1 855 854 2677 2678
9304 4 2 1 1 2677 840 855 2902
9305 4 2 1 1 2678 2677 855 2902
9306 4 2 1 1 2678 855 2903 2902
9307 4 2 1 1 855 854 2678 74
9308 4 2 1 1 2678 855 74 75
9309 4 2 1 1 75 74 2678 489
9310 4 2 1 1 2678 855 75 2903
9311 4 2 1 1 489 2678 75 2903
9312 4 2 1 1 489 75 504 2903
9313 4 2 1 1 279 264 265 2664
9314 4 2 1 1 265 279 2664 2889
9315 4 2 1 1 2889 2664 265 2679
9316 4 2 1 1 265 279 2889 280
9317 4 2 1 1 2679 265 2889 280
9318 4 2 1 1 2679 2889 2904 280
9319 4 2 1 1 2889 2664 2679 2665
9320 4 2 1 1 2679 2889 2665 2890
9321 4 2 1 1 2890 2665 2679 2680
9322 4 2 1 1 2679 2889 2890 2904
9323 4 2 1 1 2680 2679 2890 2904
9324 4 2 1 1 2680 2890 2905 2904
9325 4 2 1 1 2890 2665 2680 2666
9326 4 2 1 1 2680 2890 2666 2891
9327 4 2 1 1 2891 2666 2680 2681
9328 4 2 1 1 2680 2890 2891 2905
9329 4 2 1 1 2681 2680 2891 2905
9330 4 2 1 1 2681 2891 2906 2905
9331 4 2 1 1 2891 2666 2681 2667
9332 4 2 1 1 2681 2891 2667 2892
9333 4 2 1 1 2892 2667 2681 2682
9334 4 2 1 1 2681 2891 2892 2906
9335 4 2 1 1 2682 2681 2892 2906
9336 4 2 1 1 2682 2892 2907 2906
9337 4 2 1 1 2892 2667 2682 2668
9338 4 2 1 1 2682 2892 2668 2893
9339 4 2 1 1 2893 2668 2682 2683
9340 4 2 1 1 2682 2892 2893 2907
9341 4 2 1 1 2683 2682 2893 2907
9342 4 2 1 1 2683 2893 2908 2907
9343 4 2 1 1 2893 2668 2683 2669
9344 4 2 1 1 2683 2893 2669 2894
9345 4 2 1 1 2894 2669 2683 2684
9346 4 2 1 1 2683 2893 2894 2908
9347 4 2 1 1 2684 2683 2894 2908
9348 4 2 1 1 2684 2894 2909 2908
9349 4 2 1 1 2894 2669 2684 2670
9350 4 2 1 1 2684 2894 2670 2895
9351 4 2 1 1 2895 2670 2684 2685
9352 4 2 1 1 2684 2894 2895 2909
9353 4 2 1 1 2685 2684 2895 2909
9354 4 2 1 1 2685 2895 2910 2909
9355 4 2 1 1 2895 2670 2685 2671
9356 4 2 1 1 2685 2895 2671 2896
9357 4 2 1 1 2896 2671 2685 2686
9358 4 2 1 1 2685 2895 2896 2910
9359 4 2 1 1 2686 2685 2896 2910
9360 4 2 1 1 2686 2896 2911 2910
9361 4 2 1 1 2896 2671 2686 2672
9362 4 2 1 1 2686 2896 2672 2897
9363 4 2 1 1 2897 2672 2686 2687
9364 4 2 1 1 2686 2896 2897 2911
9365 4 2 1 1 2687 2686 2897 2911
9366 4 2 1 1 2687 2897 2912 2911
9367 4 2 1 1 2897 2672 2687 2673
9368 4 2 1 1 2687 2897 2673 2898
9369 4 2 1 1 2898 2673 2687 2688
9370 4 2 1 1 2687 2897 2898 2912
9371 4 2 1 1 2688 2687 2898 2912
9372 4 2 1 1 2688 2898 2913 2912
9373 4 2 1 1 2898 2673 2688 2674
9374 4 2 1 1 2688 2898 2674 2899
9375 4 2 1 1 2899 2674 2688 2689
9376 4 2 1 1 2688 2898 2899 2913
9377 4 2 1 1 2689 2688 2899 2913
9378 4 2 1 1 2689 2899 2914 2913
9379 4 2 1 1 2899 2674 2689 2675
9380 4 2 1 1 2689 2899 2675 2900
9381 4 2 1 1 2900 2675 2689 2690
9382 4 2 1 1 2689 2899 2900 2914
9383 4 2 1 1 2690 2689 2900 2914
9384 4 2 1 1 2690 2900 2915 2914
9385 4 2 1 1 2900 2675 2690 2676
9386 4 2 1 1 2690 2900 2676 2901
9387 4 2 1 1 2901 2676 2690 2691
9388 4 2 1 1 2690 2900 2901 2915
9389 4 2 1 1 2691 2690 2901 2915
9390 4 2 1 1 2691 2901 2916 2915
9391 4 2 1 1 2901 2676 2691 2677
9392 4 2 1 1 2691 2901 2677 2902
9393 4 2 1 1 2902 2677 2691 2692
9394 4 2 1 1 2691 2901 2902 2916
9395 4 2 1 1 2692 2691 2902 2916
9396 4 2 1 1 2692 2902 2917 2916
9397 4 2 1 1 2902 2677 2692 2678
9398 4 2 1 1 2692 2902 2678 2903
9399 4 2 1 1 2903 2678 2692 2693
9400 4 2 1 1 2692 2902 2903 2917
9401 4 2 1 1 2693 2692 2903 2917
9402 4 2 1 1 2693 2903 2918 2917
9403 4 2 1 1 2903 2678 2693 489
9404 4 2 1 1 2693 2903 489 504
9405 4 2 1 1 504 489 2693 490
9406 4 2 1 1 2693 2903 504 2918
9407 4 2 1 1 490 2693 504 2918
9408 4 2 1 1 490 504 505 2918
9409 4 2 1 1 280 265 266 2679
9410 4 2 1 1 266 280 2679 2904
9411 4 2 1 1 2904 2679 266 2694
9412 4 2 1 1 266 280 2904 281
9413 4 2 1 1 2694 266 2904 281
9414 4 2 1 1 2694 2904 2919 281
9415 4 2 1 1 2904 2679 2694 2680
9416 4 2 1 1 2694 2904 2680 2905
9417 4 2 1 1 2905 2680 2694 2695
9418 4 2 1 1 2694 2904 2905 2919
9419 4 2 1 1 2695 2694 2905 2919
9420 4 2 1 1 2695 2905 2920 2919
9421 4 2 1 1 2905 2680 2695 2681
9422 4 2 1 1 2695 2905 2681 2906
9423 4 2 1 1 2906 2681 2695 2696
9424 4 2 1 1 2695 2905 2906 2920
9425 4 2 1 1 2696 2695 2906 2920
9426 4 2 1 1 2696 2906 2921 2920
9427 4 2 1 1 2906 2681 2696 2682
9428 4 2 1 1 2696 2906 2682 2907
9429 4 2 1 1 2907 2682 2696 2697
9430 4 2 1 1 2696 2906 2907 2921
9431 4 2 1 1 2697 2696 2907 2921
9432 4 2 1 1 2697 2907 2922 2921
9433 4 2 1 1 2907 2682 2697 2683
9434 4 2 1 1 2697 2907 2683 2908
9435 4 2 1 1 2908 2683 2697 2698
9436 4 2 1 1 2697 2907 2908 2922
9437 4 2 1 1 2698 2697 2908 2922
9438 4 2 1 1 2698 2908 2923 2922
9439 4 2 1 1 2908 2683 2698 2684
9440 4 2 1 1 2698 2908 2684 2909
9441 4 2 1 1 2909 2684 2698 2699
9442 4 2 1 1 2698 2908 2909 2923
9443 4 2 1 1 2699 2698 2909 2923
9444 4 2 1 1 2699 2909 2924 2923
9445 4 2 1 1 2909 2684 2699 2685
9446 4 2 1 1 2699 2909 2685 2910
9447 4 2 1 1 2910 2685 2699 2700
9448 4 2 1 1 2699 2909 2910 2924
9449 4 2 1 1 2700 2699 2910 2924
9450 4 2 1 1 2700 2910 2925 2924
9451 4 2 1 1 2910 2685 2700 2686
9452 4 2 1 1 2700 2910 2686 2911
9453 4 2 1 1 2911 2686 2700 2701
9454 4 2 1 1 2700 2910 2911 2925
9455 4 2 1 1 2701 2700 2911 2925
9456 4 2 1 1 2701 2911 2926 2925
9457 4 2 1 1 2911 2686 2701 2687
9458 4 2 1 1 2701 2911 2687 2912
9459 4 2 1 1 2912 2687 2701 2702
9460 4 2 1 1 2701 2911 2912 2926
9461 4 2 1 1 2702 2701 2912 2926
9462 4 2 1 1 2702 2912 2927 2926
9463 4 2 1 1 2912 2687 2702 2688
9464 4 2 1 1 2702 2912 2688 2913
9465 4 2 1 1 2913 2688 2702 2703
9466 4 2 1 1 2702 2912 2913 2927
9467 4 2 1 1 2703 2702 2913 2927
9468 4 2 1 1 2703 2913 2928 2927
9469 4 2 1 1 2913 2688 2703 2689
9470 4 2 1 1 2703 2913 2689 2914
9471 4 2 1 1 2914 2689 2703 2704
9472 4 2 1 1 2703 2913 2914 2928
9473 4 2 1 1 2704 2703 2914 2928
9474 4 2 1 1 2704 2914 2929 2928
9475 4 2 1 1 2914 2689 2704 2690
9476 4 2 1 1 2704 2914 2690 2915
9477 4 2 1 1 2915 2690 2704 2705
9478 4 2 1 1 2704 2914 2915 2929
9479 4 2 1 1 2705 2704 2915 2929
9480 4 2 1 1 2705 2915 2930 2929
9481 4 2 1 1 2915 2690 2705 2691
9482 4 2 1 1 2705 2915 2691 2916
9483 4 2 1 1 2916 2691 2705 2706
9484 4 2 1 1 2705 2915 2916 2930
9485 4 2 1 1 2706 2705 2916 2930
9486 4 2 1 1 2706 2916 2931 2930
9487 4 2 1 1 2916 2691 2706 2692
9488 4 2 1 1 2706 2916 2692 2917
9489 4 2 1 1 2917 2692 2706 2707
9490 4 2 1 1 2706 2916 2917 2931
9491 4 2 1 1 2707 2706 2917 2931
9492 4 2 1 1 2707 2917 2932 2931
9493 4 2 1 1 2917 2692 2707 2693
9494 4 2 1 1 2707 2917 2693 2918
9495 4 2 1 1 2918 2693 2707 2708
9496 4 2 1 1 2707 2917 2918 2932
9497 4 2 1 1 2708 2707 2918 2932
9498 4 2 1 1 2708 2918 2933 2932
9499 4 2 1 1 2918 2693 2708 490
9500 4 2 1 1 2708 2918 490 505
9501 4 2 1 1 505 490 2708 491
9502 4 2 1 1 2708 2918 505 2933
9503 4 2 1 1 491 2708 505 2933
9504 4 2 1 1 491 505 506 2933
9505 4 2 1 1 281 266 267 2694
9506 4 2 1 1 267 281 2694 2919
9507 4 2 1 1 2919 2694 267 2709
9508 4 2 1 1 267 281 2919 282
9509 4 2 1 1 2709 267 2919 282
9510 4 2 1 1 2709 2919 2934 282
9511 4 2 1 1 2919 2694 2709 2695
9512 4 2 1 1 2709 2919 2695 2920
9513 4 2 1 1 2920 2695 2709 2710
9514 4 2 1 1 2709 2919 2920 2934
9515 4 2 1 1 2710 2709 2920 2934
9516 4 2 1 1 2710 2920 2935 2934
9517 4 2 1 1 2920 2695 2710 2696
9518 4 2 1 1 2710 2920 2696 2921
9519 4 2 1 1 2921 2696 2710 2711
9520 4 2 1 1 2710 2920 2921 2935
9521 4 2 1 1 2711 2710 2921 2935
9522 4 2 1 1 2711 2921 2936 2935
9523 4 2 1 1 2921 2696 2711 2697
9524 4 2 1 1 2711 2921 2697 2922
9525 4 2 1 1 2922 2697 2711 2712
9526 4 2 1 1 2711 2921 2922 2936
9527 4 2 1 1 2712 2711 2922 2936
9528 4 2 1 1 2712 2922 2937 2936
9529 4 2 1 1 2922 2697 2712 2698
9530 4 2 1 1 2712 2922 2698 2923
9531 4 2 1 1 2923 2698 2712 2713
9532 4 2 1 1 2712 2922 2923 2937
9533 4 2 1 1 2713 2712 2923 2937
9534 4 2 1 1 2713 2923 2938 2937
9535 4 2 1 1 2923 2698 2713 2699
9536 4 2 1 1 2713 2923 2699 2924
9537 4 2 1 1 2924 2699 2713 2714
9538 4 2 1 1 2713 2923 2924 2938
9539 4 2 1 1 2714 2713 2924 2938
9540 4 2 1 1 2714 2924 2939 2938
9541 4 2 1 1 2924 2699 2714 2700
9542 4 2 1 1 2714 2924 2700 2925
9543 4 2 1 1 2925 2700 2714 2715
9544 4 2 1 1 2714 2924 2925 2939
9545 4 2 1 1 2715 2714 2925 2939
9546 4 2 1 1 2715 2925 2940 2939
9547 4 2 1 1 2925 2700 2715 2701
9548 4 2 1 1 2715 2925 2701 2926
9549 4 2 1 1 2926 2701 2715 2716
9550 4 2 1 1 2715 2925 2926 2940
9551 4 2 1 1 2716 2715 2926 2940
9552 4 2 1 1 2716 2926 2941 2940
9553 4 2 1 1 2926 2701 2716 2702
9554 4 2 1 1 2716 2926 2702 2927
9555 4 2 1 1 2927 2702 2716 2717
9556 4 2 1 1 2716 2926 2927 2941
9557 4 2 1 1 2717 2716 2927 2941
9558 4 2 1 1 2717 2927 2942 2941
9559 4 2 1 1 2927 2702 2717 2703
9560 4 2 1 1 2717 2927 2703 2928
9561 4 2 1 1 2928 2703 2717 2718
9562 4 2 1 1 2717 2927 2928 2942
9563 4 2 1 1 2718 2717 2928 2942
9564 4 2 1 1 2718 2928 2943 2942
9565 4 2 1 1 2928 2703 2718 2704
9566 4 2 1 1 2718 2928 2704 2929
9567 4 2 1 1 2929 2704 2718 2719
9568 4 2 1 1 2718 2928 2929 2943
9569 4 2 1 1 2719 2718 2929 2943
9570 4 2 1 1 2719 2929 2944 2943
9571 4 2 1 1 2929 2704 2719 2705
9572 4 2 1 1 2719 2929 2705 2930
9573 4 2 1 1 2930 2705 2719 2720
9574 4 2 1 1 2719 2929 2930 2944
9575 4 2 1 1 2720 2719 2930 2944
9576 4 2 1 1 2720 2930 2945 2944
9577 4 2 1 1 2930 2705 2720 2706
9578 4 2 1 1 2720 2930 2706 2931
9579 4 2 1 1 2931 2706 2720 2721
9580 4 2 1 1 2720 2930 2931 2945
9581 4 2 1 1 2721 2720 2931 2945
9582 4 2 1 1 2721 2931 2946 2945
9583 4 2 1 1 2931 2706 2721 2707
9584 4 2 1 1 2721 2931 2707 2932
9585 4 2 1 1 2932 2707 2721 2722
9586 4 2 1 1 2721 2931 2932 2946
9587 4 2 1 1 2722 2721 2932 2946
9588 4 2 1 1 2722 2932 2947 2946
9589 4 2 1 1 2932 2707 2722 2708
9590 4 2 1 1 2722 2932 2708 2933
9591 4 2 1 1 2933 2708 2722 2723
9592 4 2 1 1 2722 2932 2933 2947
9593 4 2 1 1 2723 2722 2933 2947
9594 4 2 1 1 2723 2933 2948 2947
9595 4 2 1 1 2933 2708 2723 491
9596 4 2 1 1 2723 2933 491 506
9597 4 2 1 1 506 491 2723 492
9598 4 2 1 1 2723 2933 506 2948
9599 4 2 1 1 492 2723 506 2948
9600 4 2 1 1 492 506 507 2948
9601 4 2 1 1 282 267 268 2709
9602 4 2 1 1 268 282 2709 2934
9603 4 2 1 1 2934 2709 268 2724
9604 4 2 1 1 268 282 2934 283
9605 4 2 1 1 2724 268 2934 283
9606 4 2 1 1 2724 2934 2949 283
9607 4 2 1 1 2934 2709 2724 2710
9608 4 2 1 1 2724 2934 2710 2935
9609 4 2 1 1 2935 2710 2724 2725
9610 4 2 1 1 2724 2934 2935 2949
9611 4 2 1 1 2725 2724 2935 2949
9612 4 2 1 1 2725 2935 2950 2949
9613 4 2 1 1 2935 2710 2725 2711
9614 4 2 1 1 2725 2935 2711 2936
9615 4 2 1 1 2936 2711 2725 2726
9616 4 2 1 1 2725 2935 2936 2950
9617 4 2 1 1 2726 2725 2936 2950
9618 4 2 1 1 2726 2936 2951 2950
9619 4 2 1 1 2936 2711 2726 2712
9620 4 2 1 1 2726 2936 2712 2937
9621 4 2 1 1 2937 2712 2726 2727
9622 4 2 1 1 2726 2936 2937 2951
9623 4 2 1 1 2727 2726 2937 2951
9624 4 2 1 1 2727 2937 2952 2951
9625 4 2 1 1 2937 2712 2727 2713
9626 4 2 1 1 2727 2937 2713 2938
9627 4 2 1 1 2938 2713 2727 2728
9628 4 2 1 1 2727 2937 2938 2952
9629 4 2 1 1 2728 2727 2938 2952
9630 4 2 1 1 2728 2938 2953 2952
9631 4 2 1 1 2938 2713 2728 2714
9632 4 2 1 1 2728 2938 2714 2939
9633 4 2 1 1 2939 2714 2728 2729
9634 4 2 1 1 2728 2938 2939 2953
9635 4 2 1 1 2729 2728 2939 2953
9636 4 2 1 1 2729 2939 2954 2953
9637 4 2 1 1 2939 2714 2729 2715
9638 4 2 1 1 2729 2939 2715 2940
9639 4 2 1 1 2940 2715 2729 2730
9640 4 2 1 1 2729 2939 2940 2954
9641 4 2 1 1 2730 2729 2940 2954
9642 4 2 1 1 2730 2940 2955 2954
9643 4 2 1 1 2940 2715 2730 2716
9644 4 2 1 1 2730 2940 2716 2941
9645 4 2 1 1 2941 2716 2730 2731
9646 4 2 1 1 2730 2940 2941 2955
9647 4 2 1 1 2731 2730 2941 2955
9648 4 2 1 1 2731 2941 2956 2955
9649 4 2 1 1 2941 2716 2731 2717
9650 4 2 1 1 2731 2941 2717 2942
9651 4 2 1 1 2942 2717 2731 2732
9652 4 2 1 1 2731 2941 2942 2956
9653 4 2 1 1 2732 2731 2942 2956
9654 4 2 1 1 2732 2942 2957 2956
9655 4 2 1 1 2942 2717 2732 2718
9656 4 2 1 1 2732 2942 2718 2943
9657 4 2 1 1 2943 2718 2732 2733
9658 4 2 1 1 2732 2942 2943 2957
9659 4 2 1 1 2733 2732 2943 2957
9660 4 2 1 1 2733 2943 2958 2957
9661 4 2 1 1 2943 2718 2733 2719
9662 4 2 1 1 2733 2943 2719 2944
9663 4 2 1 1 2944 2719 2733 2734
9664 4 2 1 1 2733 2943 2944 2958
9665 4 2 1 1 2734 2733 2944 2958
9666 4 2 1 1 2734 2944 2959 2958
9667 4 2 1 1 2944 2719 2734 2720
9668 4 2 1 1 2734 2944 2720 2945
9669 4 2 1 1 2945 2720 2734 2735
9670 4 2 1 1 2734 2944 2945 2959
9671 4 2 1 1 2735 2734 2945 2959
9672 4 2 1 1 2735 2945 2960 2959
9673 4 2 1 1 2945 2720 2735 2721
9674 4 2 1 1 2735 2945 2721 2946
9675 4 2 1 1 2946 2721 2735 2736
9676 4 2 1 1 2735 2945 2946 2960
9677 4 2 1 1 2736 2735 2946 2960
9678 4 2 1 1 2736 2946 2961 2960
9679 4 2 1 1 2946 2721 2736 2722
9680 4 2 1 1 2736 2946 2722 2947
9681 4 2 1 1 2947 2722 2736 2737
9682 4 2 1 1 2736 2946 2947 2961
9683 4 2 1 1 2737 2736 2947 2961
9684 4 2 1 1 2737 2947 2962 2961
9685 4 2 1 1 2947 2722 2737 2723
9686 4 2 1 1 2737 2947 2723 2948
9687 4 2 1 1 2948 2723 2737 2738
9688 4 2 1 1 2737 2947 2948 2962
9689 4 2 1 1 2738 2737 2948 2962
9690 4 2 1 1 2738 2948 2963 2962
9691 4 2 1 1 2948 2723 2738 492
9692 4 2 1 1 2738 2948 492 507
9693 4 2 1 1 507 492 2738 493
9694 4 2 1 1 2738 2948 507 2963
9695 4 2 1 1 493 2738 507 2963
9696 4 2 1 1 493 507 508 2963
9697 4 2 1 1 283 268 269 2724
9698 4 2 1 1 269 283 2724 2949
9699 4 2 1 1 2949 2724 269 2739
9700 4 2 1 1 269 283 2949 284
9701 4 2 1 1 2739 269 2949 284
9702 4 2 1 1 2739 2949 2964 284
9703 4 2 1 1 2949 2724 2739 2725
9704 4 2 1 1 2739 2949 2725 2950
9705 4 2 1 1 2950 2725 2739 2740
9706 4 2 1 1 2739 2949 2950 2964
9707 4 2 1 1 2740 2739 2950 2964
9708 4 2 1 1 2740 2950 2965 2964
9709 4 2 1 1 2950 2725 2740 2726
9710 4 2 1 1 2740 2950 2726 2951
9711 4 2 1 1 2951 2726 2740 2741
9712 4 2 1 1 2740 2950 2951 2965
9713 4 2 1 1 2741 2740 2951 2965
9714 4 2 1 1 2741 2951 2966 2965
9715 4 2 1 1 2951 2726 2741 2727
9716 4 2 1 1 2741 2951 2727 2952
9717 4 2 1 1 2952 2727 2741 2742
9718 4 2 1 1 2741 2951 2952 2966
9719 4 2 1 1 2742 2741 2952 2966
9720 4 2 1 1 2742 2952 2967 2966
9721 4 2 1 1 2952 2727 2742 2728
9722 4 2 1 1 2742 2952 2728 2953
9723 4 2 1 1 2953 2728 2742 2743
9724 4 2 1 1 2742 2952 2953 2967
9725 4 2 1 1 2743 2742 2953 2967
9726 4 2 1 1 2743 2953 2968 2967
9727 4 2 1 1 2953 2728 2743 2729
9728 4 2 1 1 2743 2953 2729 2954
9729 4 2 1 1 2954 2729 2743 2744
9730 4 2 1 1 2743 2953 2954 2968
9731 4 2 1 1 2744 2743 2954 2968
9732 4 2 1 1 2744 2954 2969 2968
9733 4 2 1 1 2954 2729 2744 2730
9734 4 2 1 1 2744 2954 2730 2955
9735 4 2 1 1 2955 2730 2744 2745
9736 4 2 1 1 2744 2954 2955 2969
9737 4 2 1 1 2745 2744 2955 2969
9738 4 2 1 1 2745 2955 2970 2969
9739 4 2 1 1 2955 2730 2745 2731
9740 4 2 1 1 2745 2955 2731 2956
9741 4 2 1 1 2956 2731 2745 2746
9742 4 2 1 1 2745 2955 2956 2970
9743 4 2 1 1 2746 2745 2956 2970
9744 4 2 1 1 2746 2956 2971 2970
9745 4 2 1 1 2956 2731 2746 2732
9746 4 2 1 1 2746 2956 2732 2957
9747 4 2 1 1 2957 2732 2746 2747
9748 4 2 1 1 2746 2956 2957 2971
9749 4 2 1 1 2747 2746 2957 2971
9750 4 2 1 1 2747 2957 2972 2971
9751 4 2 1 1 2957 2732 2747 2733
9752 4 2 1 1 2747 2957 2733 2958
9753 4 2 1 1 2958 2733 2747 2748
9754 4 2 1 1 2747 2957 2958 2972
9755 4 2 1 1 2748 2747 2958 2972
9756 4 2 1 1 2748 2958 2973 2972
9757 4 2 1 1 2958 2733 2748 2734
9758 4 2 1 1 2748 2958 2734 2959
9759 4 2 1 1 2959 2734 2748 2749
9760 4 2 1 1 2748 2958 2959 2973
9761 4 2 1 1 2749 2748 2959 2973
9762 4 2 1 1 2749 2959 2974 2973
9763 4 2 1 1 2959 2734 2749 2735
9764 4 2 1 1 2749 2959 2735 2960
9765 4 2 1 1 2960 2735 2749 2750
9766 4 2 1 1 2749 2959 2960 2974
9767 4 2 1 1 2750 2749 2960 2974
9768 4 2 1 1 2750 2960 2975 2974
9769 4 2 1 1 2960 2735 2750 2736
9770 4 2 1 1 2750 2960 2736 2961
9771 4 2 1 1 2961 2736 2750 2751
9772 4 2 1 1 2750 2960 2961 2975
9773 4 2 1 1 2751 2750 2961 2975
9774 4 2 1 1 2751 2961 2976 2975
9775 4 2 1 1 2961 2736 2751 2737
9776 4 2 1 1 2751 2961 2737 2962
9777 4 2 1 1 2962 2737 2751 2752
9778 4 2 1 1 2751 2961 2962 2976
9779 4 2 1 1 2752 2751 2962 2976
9780 4 2 1 1 2752 2962 2977 2976
9781 4 2 1 1 2962 2737 2752 2738
9782 4 2 1 1 2752 2962 2738 2963
9783 4 2 1 1 2963 2738 2752 2753
9784 4 2 1 1 2752 2962 2963 2977
9785 4 2 1 1 2753 2752 2963 2977
9786 4 2 1 1 2753 2963 2978 2977
9787 4 2 1 1 2963 2738 2753 493
9788 4 2 1 1 2753 2963 493 508
9789 4 2 1 1 508 493 2753 494
9790 4 2 1 1 2753 2963 508 2978
9791 4 2 1 1 494 2753 508 2978
9792 4 2 1 1 494 508 509 2978
9793 4 2 1 1 284 269 270 2739
9794 4 2 1 1 270 284 2739 2964
9795 4 2 1 1 2964 2739 270 2754
9796 4 2 1 1 270 284 2964 285
9797 4 2 1 1 2754 270 2964 285
9798 4 2 1 1 2754 2964 2979 285
9799 4 2 1 1 2964 2739 2754 2740
9800 4 2 1 1 2754 2964 2740 2965
9801 4 2 1 1 2965 2740 2754 2755
9802 4 2 1 1 2754 2964 2965 2979
9803 4 2 1 1 2755 2754 2965 2979
9804 4 2 1 1 2755 2965 2980 2979
9805 4 2 1 1 2965 2740 2755 2741
9806 4 2 1 1 2755 2965 2741 2966
9807 4 2 1 1 2966 2741 2755 2756
9808 4 2 1 1 2755 2965 2966 2980
9809 4 2 1 1 2756 2755 2966 2980
9810 4 2 1 1 2756 2966 2981 2980
9811 4 2 1 1 2966 2741 2756 2742
9812 4 2 1 1 2756 2966 2742 2967
9813 4 2 1 1 2967 2742 2756 2757
9814 4 2 1 1 2756 2966 2967 2981
9815 4 2 1 1 2757 2756 2967 2981
9816 4 2 1 1 2757 2967 2982 2981
9817 4 2 1 1 2967 2742 2757 2743
9818 4 2 1 1 2757 2967 2743 2968
9819 4 2 1 1 2968 2743 2757 2758
9820 4 2 1 1 2757 2967 2968 2982
9821 4 2 1 1 2758 2757 2968 2982
9822 4 2 1 1 2758 2968 2983 2982
9823 4 2 1 1 2968 2743 2758 2744
9824 4 2 1 1 2758 2968 2744 2969
9825 4 2 1 1 2969 2744 2758 2759
9826 4 2 1 1 2758 2968 2969 2983
9827 4 2 1 1 2759 2758 2969 2983
9828 4 2 1 1 2759 2969 2984 2983
9829 4 2 1 1 2969 2744 2759 2745
9830 4 2 1 1 2759 2969 2745 2970
9831 4 2 1 1 2970 2745 2759 2760
9832 4 2 1 1 2759 2969 2970 2984
9833 4 2 1 1 2760 2759 2970 2984
9834 4 2 1 1 2760 2970 2985 2984
9835 4 2 1 1 2970 2745 2760 2746
9836 4 2 1 1 2760 2970 2746 2971
9837 4 2 1 1 2971 2746 2760 2761
9838 4 2 1 1 2760 2970 2971 2985
9839 4 2 1 1 2761 2760 2971 2985
9840 4 2 1 1 2761 2971 2986 2985
9841 4 2 1 1 2971 2746 2761 2747
9842 4 2 1 1 2761 2971 2747 2972
9843 4 2 1 1 2972 2747 2761 2762
9844 4 2 1 1 2761 2971 2972 2986
9845 4 2 1 1 2762 2761 2972 2986
9846 4 2 1 1 2762 2972 2987 2986
9847 4 2 1 1 2972 2747 2762 2748
9848 4 2 1 1 2762 2972 2748 2973
9849 4 2 1 1 2973 2748 2762 2763
9850 4 2 1 1 2762 2972 2973 2987
9851 4 2 1 1 2763 2762 2973 2987
9852 4 2 1 1 2763 2973 2988 2987
9853 4 2 1 1 2973 2748 2763 2749
9854 4 2 1 1 2763 2973 2749 2974
9855 4 2 1 1 2974 2749 2763 2764
9856 4 2 1 1 2763 2973 2974 2988
9857 4 2 1 1 2764 2763 2974 2988
9858 4 2 1 1 2764 2974 2989 2988
9859 4 2 1 1 2974 2749 2764 2750
9860 4 2 1 1 2764 2974 2750 2975
9861 4 2 1 1 2975 2750 2764 2765
9862 4 2 1 1 2764 2974 2975 2989
9863 4 2 1 1 2765 2764 2975 2989
9864 4 2 1 1 2765 2975 2990 2989
9865 4 2 1 1 2975 2750 2765 2751
9866 4 2 1 1 2765 2975 2751 2976
9867 4 2 1 1 2976 2751 2765 2766
9868 4 2 1 1 2765 2975 2976 2990
9869 4 2 1 1 2766 2765 2976 2990
9870 4 2 1 1 2766 2976 2991 2990
9871 4 2 1 1 2976 2751 2766 2752
9872 4 2 1 1 2766 2976 2752 2977
9873 4 2 1 1 2977 2752 2766 2767
9874 4 2 1 1 2766 2976 2977 2991
9875 4 2 1 1 2767 2766 2977 2991
9876 4 2 1 1 2767 2977 2992 2991
9877 4 2 1 1 2977 2752 2767 2753
9878 4 2 1 1 2767 2977 2753 2978
9879 4 2 1 1 2978 2753 2767 2768
9880 4 2 1 1 2767 2977 2978 2992
9881 4 2 1 1 2768 2767 2978 2992
9882 4 2 1 1 2768 2978 2993 2992
9883 4 2 1 1 2978 2753 2768 494
9884 4 2 1 1 2768 2978 494 509
9885 4 2 1 1 509 494 2768 495
9886 4 2 1 1 2768 2978 509 2993
9887 4 2 1 1 495 2768 509 2993
9888 4 2 1 1 495 509 510 2993
9889 4 2 1 1 285 270 271 2754
9890 4 2 1 1 271 285 2754 2979
9891 4 2 1 1 2979 2754 271 2769
9892 4 2 1 1 271 285 2979 286
9893 4 2 1 1 2769 271 2979 286
9894 4 2 1 1 2769 2979 2994 286
9895 4 2 1 1 2979 2754 2769 2755
9896 4 2 1 1 2769 2979 2755 2980
9897 4 2 1 1 2980 2755 2769 2770
9898 4 2 1 1 2769 2979 2980 2994
9899 4 2 1 1 2770 2769 2980 2994
9900 4 2 1 1 2770 2980 2995 2994
9901 4 2 1 1 2980 2755 2770 2756
9902 4 2 1 1 2770 2980 2756 2981
9903 4 2 1 1 2981 2756 2770 2771
9904 4 2 1 1 2770 2980 2981 2995
9905 4 2 1 1 2771 2770 2981 2995
9906 4 2 1 1 2771 2981 2996 2995
9907 4 2 1 1 2981 2756 2771 2757
9908 4 2 1 1 2771 2981 2757 2982
9909 4 2 1 1 2982 2757 2771 2772
9910 4 2 1 1 2771 2981 2982 2996
9911 4 2 1 1 2772 2771 2982 2996
9912 4 2 1 1 2772 2982 2997 2996
9913 4 2 1 1 2982 2757 2772 2758
9914 4 2 1 1 2772 2982 2758 2983
9915 4 2 1 1 2983 2758 2772 2773
9916 4 2 1 1 2772 2982 2983 2997
9917 4 2 1 1 2773 2772 2983 2997
9918 4 2 1 1 2773 2983 2998 2997
9919 4 2 1 1 2983 2758 2773 2759
9920 4 2 1 1 2773 2983 2759 2984
9921 4 2 1 1 2984 2759 2773 2774
9922 4 2 1 1 2773 2983 2984 2998
9923 4 2 1 1 2774 2773 2984 2998
9924 4 2 1 1 2774 2984 2999 2998
9925 4 2 1 1 2984 2759 2774 2760
9926 4 2 1 1 2774 2984 2760 2985
9927 4 2 1 1 2985 2760 2774 2775
9928 4 2 1 1 2774 2984 2985 2999
9929 4 2 1 1 2775 2774 2985 2999
9930 4 2 1 1 2775 2985 3000 2999
9931 4 2 1 1 2985 2760 2775 2761
9932 4 2 1 1 2775 2985 2761 2986
9933 4 2 1 1 2986 2761 2775 2776
9934 4 2 1 1 2775 2985 2986 3000
9935 4 2 1 1 2776 2775 2986 3000
9936 4 2 1 1 2776 2986 3001 3000
9937 4 2 1 1 2986 2761 2776 2762
9938 4 2 1 1 2776 2986 2762 2987
9939 4 2 1 1 2987 2762 2776 2777
9940 4 2 1 1 2776 2986 2987 3001
9941 4 2 1 1 2777 2776 2987 3001
9942 4 2 1 1 2777 2987 3002 3001
9943 4 2 1 1 2987 2762 2777 2763
9944 4 2 1 1 2777 2987 2763 2988
9945 4 2 1 1 2988 2763 2777 2778
9946 4 2 1 1 2777 2987 2988 3002
9947 4 2 1 1 2778 2777 2988 3002
9948 4 2 1 1 2778 2988 3003 3002
9949 4 2 1 1 2988 2763 2778 2764
9950 4 2 1 1 2778 2988 2764 2989
9951 4 2 1 1 2989 2764 2778 2779
9952 4 2 1 1 2778 2988 2989 3003
9953 4 2 1 1 2779 2778 2989 3003
9954 4 2 1 1 2779 2989 3004 3003
9955 4 2 1 1 2989 2764 2779 2765
9956 4 2 1 1 2779 2989 2765 2990
9957 4 2 1 1 2990 2765 2779 2780
9958 4 2 1 1 2779 2989 2990 3004
9959 4 2 1 1 2780 2779 2990 3004
9960 4 2 1 1 2780 2990 3005 3004
9961 4 2 1 1 2990 2765 2780 2766
9962 4 2 1 1 2780 2990 2766 2991
9963 4 2 1 1 2991 2766 2780 2781
9964 4 2 1 1 2780 2990 2991 3005
9965 4 2 1 1 2781 2780 2991 3005
9966 4 2 1 1 2781 2991 3006 3005
9967 4 2 1 1 2991 2766 2781 2767
9968 4 2 1 1 2781 2991 2767 2992
9969 4 2 1 1 2992 2767 2781 2782
9970 4 2 1 1 2781 2991 2992 3006
9971 4 2 1 1 2782 2781 2992 3006
9972 4 2 1 1 2782 2992 3007 3006
9973 4 2 1 1 2992 2767 2782 2768
9974 4 2 1 1 2782 2992 2768 2993
9975 4 2 1 1 2993 2768 2782 2783
9976 4 2 1 1 2782 2992 2993 3007
9977 4 2 1 1 2783 2782 2993 3007
9978 4 2 1 1 2783 2993 3008 3007
9979 4 2 1 1 2993 2768 2783 495
9980 4 2 1 1 2783 2993 495 510
9981 4 2 1 1 510 495 2783 496
9982 4 2 1 1 2783 2993 510 3008
9983 4 2 1 1 496 2783 510 3008
9984 4 2 1 1 496 510 511 3008
9985 4 2 1 1 286 271 272 2769
9986 4 2 1 1 272 286 2769 2994
9987 4 2 1 1 2994 2769 272 2784
9988 4 2 1 1 272 286 2994 287
9989 4 2 1 1 2784 272 2994 287
9990 4 2 1 1 2784 2994 3009 287
9991 4 2 1 1 2994 2769 2784 2770
9992 4 2 1 1 2784 2994 2770 2995
9993 4 2 1 1 2995 2770 2784 2785
9994 4 2 1 1 2784 2994 2995 3009
9995 4 2 1 1 2785 2784 2995 3009
9996 4 2 1 1 2785 2995 3010 3009
9997 4 2 1 1 2995 2770 2785 2771
9998 4 2 1 1 2785 2995 2771 2996
9999 4 2 1 1 2996 2771 2785 2786
10000 4 2 1 1 2785 2995 2996 3010
10001 4 2 1 1 2786 2785 2996 3010
10002 4 2 1 1 2786 2996 3011 3010
10003 4 2 1 1 2996 2771 2786 2772
10004 4 2 1 1 2786 2996 2772 2997
10005 4 2 1 1 2997 2772 2786 2787
10006 4 2 1 1 2786 2996 2997 3011
10007 4 2 1 1 2787 2786 2997 3011
10008 4 2 1 1 2787 2997 3012 3011
10009 4 2 1 1 2997 2772 2787 2773
10010 4 2 1 1 2787 2997 2773 2998
10011 4 2 1 1 2998 2773 2787 2788
10012 4 2 1 1 2787 2997 2998 3012
10013 4 2 1 1 2788 2787 2998 3012
10014 4 2 1 1 2788 2998 3013 3012
10015 4 2 1 1 2998 2773 2788 2774
10016 4 2 1 1 2788 2998 2774 2999
10017 4 2 1 1 2999 2774 2788 2789
10018 4 2 1 1 2788 2998 2999 3013
10019 4 2 1 1 2789 2788 2999 3013
10020 4 2 1 1 2789 2999 3014 3013
10021 4 2 1 1 2999 2774 2789 2775
10022 4 2 1 1 2789 2999 2775 3000
10023 4 2 1 1 3000 2775 2789 2790
10024 4 2 1 1 2789 2999 3000 3014
10025 4 2 1 1 2790 2789 3000 3014
10026 4 2 1 1 2790 3000 3015 3014
10027 4 2 1 1 3000 2775 2790 2776
10028 4 2 1 1 2790 3000 2776 3001
10029 4 2 1 1 3001 2776 2790 2791
10030 4 2 1 1 2790 3000 3001 3015
10031 4 2 1 1 2791 2790 3001 3015
10032 4 2 1 1 2791 3001 3016 3015
10033 4 2 1 1 3001 2776 2791 2777
10034 4 2 1 1 2791 3001 2777 3002
10035 4 2 1 1 3002 2777 2791 2792
10036 4 2 1 1 2791 3001 3002 3016
10037 4 2 1 1 2792 2791 3002 3016
10038 4 2 1 1 2792 3002 3017 3016
10039 4 2 1 1 3002 2777 2792 2778
10040 4 2 1 1 2792 3002 2778 3003
10041 4 2 1 1 3003 2778 2792 2793
10042 4 2 1 1 2792 3002 3003 3017
10043 4 2 1 1 2793 2792 3003 3017
10044 4 2 1 1 2793 3003 3018 3017
10045 4 2 1 1 3003 2778 2793 2779
10046 4 2 1 1 2793 3003 2779 3004
10047 4 2 1 1 3004 2779 2793 2794
10048 4 2 1 1 2793 3003 3004 3018
10049 4 2 1 1 2794 2793 3004 3018
10050 4 2 1 1 2794 3004 3019 3018
10051 4 2 1 1 3004 2779 2794 2780
10052 4 2 1 1 2794 3004 2780 3005
10053 4 2 1 1 3005 2780 2794 2795
10054 4 2 1 1 2794 3004 3005 3019
10055 4 2 1 1 2795 2794 3005 3019
10056 4 2 1 1 2795 3005 3020 3019
10057 4 2 1 1 3005 2780 2795 2781
10058 4 2 1 1 2795 3005 2781 3006
10059 4 2 1 1 3006 2781 2795 2796
10060 4 2 1 1 2795 3005 3006 3020
10061 4 2 1 1 2796 2795 3006 3020
10062 4 2 1 1 2796 3006 3021 3020
10063 4 2 1 1 3006 2781 2796 2782
10064 4 2 1 1 2796 3006 2782 3007
10065 4 2 1 1 3007 2782 2796 2797
10066 4 2 1 1 2796 3006 3007 3021
10067 4 2 1 1 2797 2796 3007 3021
10068 4 2 1 1 2797 3007 3022 3021
10069 4 2 1 1 3007 2782 2797 2783
10070 4 2 1 1 2797 3007 2783 3008
10071 4 2 1 1 3008 2783 2797 2798
10072 4 2 1 1 2797 3007 3008 3022
10073 4 2 1 1 2798 2797 3008 3022
10074 4 2 1 1 2798 3008 3023 3022
10075 4 2 1 1 3008 2783 2798 496
10076 4 2 1 1 2798 3008 496 511
10077 4 2 1 1 511 496 2798 497
10078 4 2 1 1 2798 3008 511 3023
10079 4 2 1 1 497 2798 511 3023
10080 4 2 1 1 497 511 512 3023
10081 4 2 1 1 287 272 273 2784
10082 4 2 1 1 273 287 2784 3009
10083 4 2 1 1 3009 2784 273 2799
10084 4 2 1 1 273 287 3009 288
10085 4 2 1 1 2799 273 3009 288
10086 4 2 1 1 2799 3009 3024 288
10087 4 2 1 1 3009 2784 2799 2785
10088 4 2 1 1 2799 3009 2785 3010
10089 4 2 1 1 3010 2785 2799 2800
10090 4 2 1 1 2799 3009 3010 3024
10091 4 2 1 1 2800 2799 3010 3024
10092 4 2 1 1 2800 3010 3025 3024
10093 4 2 1 1 3010 2785 2800 2786
10094 4 2 1 1 2800 3010 2786 3011
10095 4 2 1 1 3011 2786 2800 2801
10096 4 2 1 1 2800 3010 3011 3025
10097 4 2 1 1 2801 2800 3011 3025
10098 4 2 1 1 2801 3011 3026 3025
10099 4 2 1 1 3011 2786 2801 2787
10100 4 2 1 1 2801 3011 2787 3012
10101 4 2 1 1 3012 2787 2801 2802
10102 4 2 1 1 2801 3011 3012 3026
10103 4 2 1 1 2802 2801 3012 3026
10104 4 2 1 1 2802 3012 3027 3026
10105 4 2 1 1 3012 2787 2802 2788
10106 4 2 1 1 2802 3012 2788 3013
10107 4 2 1 1 3013 2788 2802 2803
10108 4 2 1 1 2802 3012 3013 3027
10109 4 2 1 1 2803 2802 3013 3027
10110 4 2 1 1 2803 3013 3028 3027
10111 4 2 1 1 3013 2788 2803 2789
10112 4 2 1 1 2803 3013 2789 3014
10113 4 2 1 1 3014 2789 2803 2804
10114 4 2 1 1 2803 3013 3014 3028
10115 4 2 1 1 2804 2803 3014 3028
10116 4 2 1 1 2804 3014 3029 3028
10117 4 2 1 1 3014 2789 2804 2790
10118 4 2 1 1 2804 3014 2790 3015
10119 4 2 1 1 3015 2790 2804 2805
10120 4 2 1 1 2804 3014 3015 3029
10121 4 2 1 1 2805 2804 3015 3029
10122 4 2 1 1 2805 3015 3030 3029
10123 4 2 1 1 3015 2790 2805 2791
10124 4 2 1 1 2805 3015 2791 3016
10125 4 2 1 1 3016 2791 2805 2806
10126 4 2 1 1 2805 3015 3016 3030
10127 4 2 1 1 2806 2805 3016 3030
10128 4 2 1 1 2806 3016 3031 3030
10129 4 2 1 1 3016 2791 2806 2792
10130 4 2 1 1 2806 3016 2792 3017
10131 4 2 1 1 3017 2792 2806 2807
10132 4 2 1 1 2806 3016 3017 3031
10133 4 2 1 1 2807 2806 3017 3031
10134 4 2 1 1 2807 3017 3032 3031
10135 4 2 1 1 3017 2792 2807 2793
10136 4 2 1 1 2807 3017 2793 3018
10137 4 2 1 1 3018 2793 2807 2808
10138 4 2 1 1 2807 3017 3018 3032
10139 4 2 1 1 2808 2807 3018 3032
10140 4 2 1 1 2808 3018 3033 3032
10141 4 2 1 1 3018 2793 2808 2794
10142 4 2 1 1 2808 3018 2794 3019
10143 4 2 1 1 3019 2794 2808 2809
10144 4 2 1 1 2808 3018 3019 3033
10145 4 2 1 1 2809 2808 3019 3033
10146 4 2 1 1 2809 3019 3034 3033
10147 4 2 1 1 3019 2794 2809 2795
10148 4 2 1 1 2809 3019 2795 3020
10149 4 2 1 1 3020 2795 2809 2810
10150 4 2 1 1 2809 3019 3020 3034
10151 4 2 1 1 2810 2809 3020 3034
10152 4 2 1 1 2810 3020 3035 3034
10153 4 2 1 1 3020 2795 2810 2796
10154 4 2 1 1 2810 3020 2796 3021
10155 4 2 1 1 3021 2796 2810 2811
10156 4 2 1 1 2810 3020 3021 3035
10157 4 2 1 1 2811 2810 3021 3035
10158 4 2 1 1 2811 3021 3036 3035
10159 4 2 1 1 3021 2796 2811 2797
10160 4 2 1 1 2811 3021 2797 3022
10161 4 2 1 1 3022 2797 2811 2812
10162 4 2 1 1 2811 3021 3022 3036
10163 4 2 1 1 2812 2811 3022 3036
10164 4 2 1 1 2812 3022 3037 3036
10165 4 2 1 1 3022 2797 2812 2798
10166 4 2 1 1 2812 3022 2798 3023
10167 4 2 1 1 3023 2798 2812 2813
10168 4 2 1 1 2812 3022 3023 3037
10169 4 2 1 1 2813 2812 3023 3037
10170 4 2 1 1 2813 3023 3038 3037
10171 4 2 1 1 3023 2798 2813 497
10172 4 2 1 1 2813 3023 497 512
10173 4 2 1 1 512 497 2813 498
10174 4 2 1 1 2813 3023 512 3038
10175 4 2 1 1 498 2813 512 3038
10176 4 2 1 1 498 512 513 3038
10177 4 2 1 1 288 273 274 2799
10178 4 2 1 1 274 288 2799 3024
10179 4 2 1 1 3024 2799 274 2814
10180 4 2 1 1 274 288 3024 289
10181 4 2 1 1 2814 274 3024 289
10182 4 2 1 1 2814 3024 3039 289
10183 4 2 1 1 3024 2799 2814 2800
10184 4 2 1 1 2814 3024 2800 3025
10185 4 2 1 1 3025 2800 2814 2815
10186 4 2 1 1 2814 3024 3025 3039
10187 4 2 1 1 2815 2814 3025 3039
10188 4 2 1 1 2815 3025 3040 3039
10189 4 2 1 1 3025 2800 2815 2801
10190 4 2 1 1 2815 3025 2801 3026
10191 4 2 1 1 3026 2801 2815 2816
10192 4 2 1 1 2815 3025 3026 3040
10193 4 2 1 1 2816 2815 3026 3040
10194 4 2 1 1 2816 3026 3041 3040
10195 4 2 1 1 3026 2801 2816 2802
10196 4 2 1 1 2816 3026 2802 3027
10197 4 2 1 1 3027 2802 2816 2817
10198 4 2 1 1 2816 3026 3027 3041
10199 4 2 1 1 2817 2816 3027 3041
10200 4 2 1 1 2817 3027 3042 3041
10201 4 2 1 1 3027 2802 2817 2803
10202 4 2 1 1 2817 3027 2803 3028
10203 4 2 1 1 3028 2803 2817 2818
10204 4 2 1 1 2817 3027 3028 3042
10205 4 2 1 1 2818 2817 3028 3042
10206 4 2 1 1 2818 3028 3043 3042
10207 4 2 1 1 3028 2803 2818 2804
10208 4 2 1 1 2818 3028 2804 3029
10209 4 2 1 1 3029 2804 2818 2819
10210 4 2 1 1 2818 3028 3029 3043
10211 4 2 1 1 2819 2818 3029 3043
10212 4 2 1 1 2819 3029 3044 3043
10213 4 2 1 1 3029 2804 2819 2805
10214 4 2 1 1 2819 3029 2805 3030
10215 4 2 1 1 3030 2805 2819 2820
10216 4 2 1 1 2819 3029 3030 3044
10217 4 2 1 1 2820 2819 3030 3044
10218 4 2 1 1 2820 3030 3045 3044
10219 4 2 1 1 3030 2805 2820 2806
10220 4 2 1 1 2820 3030 2806 3031
10221 4 2 1 1 3031 2806 2820 2821
10222 4 2 1 1 2820 3030 3031 3045
10223 4 2 1 1 2821 2820 3031 3045
10224 4 2 1 1 2821 3031 3046 3045
10225 4 2 1 1 3031 2806 2821 2807
10226 4 2 1 1 2821 3031 2807 3032
10227 4 2 1 1 3032 2807 2821 2822
10228 4 2 1 1 2821 3031 3032 3046
10229 4 2 1 1 2822 2821 3032 3046
10230 4 2 1 1 2822 3032 3047 3046
10231 4 2 1 1 3032 2807 2822 2808
10232 4 2 1 1 2822 3032 2808 3033
10233 4 2 1 1 3033 2808 2822 2823
10234 4 2 1 1 2822 3032 3033 3047
10235 4 2 1 1 2823 2822 3033 3047
10236 4 2 1 1 2823 3033 3048 3047
10237 4 2 1 1 3033 2808 2823 2809
10238 4 2 1 1 2823 3033 2809 3034
10239 4 2 1 1 3034 2809 2823 2824
10240 4 2 1 1 2823 3033 3034 3048
10241 4 2 1 1 2824 2823 3034 3048
10242 4 2 1 1 2824 3034 3049 3048
10243 4 2 1 1 3034 2809 2824 2810
10244 4 2 1 1 2824 3034 2810 3035
10245 4 2 1 1 3035 2810 2824 2825
10246 4 2 1 1 2824 3034 3035 3049
10247 4 2 1 1 2825 2824 3035 3049
10248 4 2 1 1 2825 3035 3050 3049
10249 4 2 1 1 3035 2810 2825 2811
10250 4 2 1 1 2825 3035 2811 3036
10251 4 2 1 1 3036 2811 2825 2826
10252 4 2 1 1 2825 3035 3036 3050
10253 4 2 1 1 2826 2825 3036 3050
10254 4 2 1 1 2826 3036 3051 3050
10255 4 2 1 1 3036 2811 2826 2812
10256 4 2 1 1 2826 3036 2812 3037
10257 4 2 1 1 3037 2812 2826 2827
10258 4 2 1 1 2826 3036 3037 3051
10259 4 2 1 1 2827 2826 3037 3051
10260 4 2 1 1 2827 3037 3052 3051
10261 4 2 1 1 3037 2812 2827 2813
10262 4 2 1 1 2827 3037 2813 3038
10263 4 2 1 1 3038 2813 2827 2828
10264 4 2 1 1 2827 3037 3038 3052
10265 4 2 1 1 2828 2827 3038 3052
10266 4 2 1 1 2828 3038 3053 3052
10267 4 2 1 1 3038 2813 2828 498
10268 4 2 1 1 2828 3038 498 513
10269 4 2 1 1 513 498 2828 499
10270 4 2 1 1 2828 3038 513 3053
10271 4 2 1 1 499 2828 513 3053
10272 4 2 1 1 499 513 514 3053
10273 4 2 1 1 289 274 275 2814
10274 4 2 1 1 275 289 2814 3039
10275 4 2 1 1 3039 2814 275 2829
10276 4 2 1 1 275 289 3039 290
10277 4 2 1 1 2829 275 3039 290
10278 4 2 1 1 2829 3039 3054 290
10279 4 2 1 1 3039 2814 2829 2815
10280 4 2 1 1 2829 3039 2815 3040
10281 4 2 1 1 3040 2815 2829 2830
10282 4 2 1 1 2829 3039 3040 3054
10283 4 2 1 1 2830 2829 3040 3054
10284 4 2 1 1 2830 3040 3055 3054
10285 4 2 1 1 3040 2815 2830 2816
10286 4 2 1 1 2830 3040 2816 3041
10287 4 2 1 1 3041 2816 2830 2831
10288 4 2 1 1 2830 3040 3041 3055
10289 4 2 1 1 2831 2830 3041 3055
10290 4 2 1 1 2831 3041 3056 3055
10291 4 2 1 1 3041 2816 2831 2817
10292 4 2 1 1 2831 3041 2817 3042
10293 4 2 1 1 3042 2817 2831 2832
10294 4 2 1 1 2831 3041 3042 3056
10295 4 2 1 1 2832 2831 3042 3056
10296 4 2 1 1 2832 3042 3057 3056
10297 4 2 1 1 3042 2817 2832 2818
10298 4 2 1 1 2832 3042 2818 3043
10299 4 2 1 1 3043 2818 2832 2833
10300 4 2 1 1 2832 3042 3043 3057
10301 4 2 1 1 2833 2832 3043 3057
10302 4 2 1 1 2833 3043 3058 3057
10303 4 2 1 1 3043 2818 2833 2819
10304 4 2 1 1 2833 3043 2819 3044
10305 4 2 1 1 3044 2819 2833 2834
10306 4 2 1 1 2833 3043 3044 3058
10307 4 2 1 1 2834 2833 3044 3058
10308 4 2 1 1 2834 3044 3059 3058
10309 4 2 1 1 3044 2819 2834 2820
10310 4 2 1 1 2834 3044 2820 3045
10311 4 2 1 1 3045 2820 2834 2835
10312 4 2 1 1 2834 3044 3045 3059
10313 4 2 1 1 2835 2834 3045 3059
10314 4 2 1 1 2835 3045 3060 3059
10315 4 2 1 1 3045 2820 2835 2821
10316 4 2 1 1 2835 3045 2821 3046
10317 4 2 1 1 3046 2821 2835 2836
10318 4 2 1 1 2835 3045 3046 3060
10319 4 2 1 1 2836 2835 3046 3060
10320 4 2 1 1 2836 3046 3061 3060
10321 4 2 1 1 3046 2821 2836 2822
10322 4 2 1 1 2836 3046 2822 3047
10323 4 2 1 1 3047 2822 2836 2837
10324 4 2 1 1 2836 3046 3047 3061
10325 4 2 1 1 2837 2836 3047 3061
10326 4 2 1 1 2837 3047 3062 3061
10327 4 2 1 1 3047 2822 2837 2823
10328 4 2 1 1 2837 3047 2823 3048
10329 4 2 1 1 3048 2823 2837 2838
10330 4 2 1 1 2837 3047 3048 3062
10331 4 2 1 1 2838 2837 3048 3062
10332 4 2 1 1 2838 3048 3063 3062
10333 4 2 1 1 3048 2823 2838 2824
10334 4 2 1 1 2838 3048 2824 3049
10335 4 2 1 1 3049 2824 2838 2839
10336 4 2 1 1 2838 3048 3049 3063
10337 4 2 1 1 2839 2838 3049 3063
10338 4 2 1 1 2839 3049 3064 3063
10339 4 2 1 1 3049 2824 2839 2825
10340 4 2 1 1 2839 3049 2825 3050
10341 4 2 1 1 3050 2825 2839 2840
10342 4 2 1 1 2839 3049 3050 3064
10343 4 2 1 1 2840 2839 3050 3064
10344 4 2 1 1 2840 3050 3065 3064
10345 4 2 1 1 3050 2825 2840 2826
10346 4 2 1 1 2840 3050 2826 3051
10347 4 2 1 1 3051 2826 2840 2841
10348 4 2 1 1 2840 3050 3051 3065
10349 4 2 1 1 2841 2840 3051 3065
10350 4 2 1 1 2841 3051 3066 3065
10351 4 2 1 1 3051 2826 2841 2827
10352 4 2 1 1 2841 3051 2827 3052
10353 4 2 1 1 3052 2827 2841 2842
10354 4 2 1 1 2841 3051 3052 3066
10355 4 2 1 1 2842 2841 3052 3066
10356 4 2 1 1 2842 3052 3067 3066
10357 4 2 1 1 3052 2827 2842 2828
10358 4 2 1 1 2842 3052 2828 3053
10359 4 2 1 1 3053 2828 2842 2843
10360 4 2 1 1 2842 3052 3053 3067
10361 4 2 1 1 2843 2842 3053 3067
10362 4 2 1 1 2843 3053 3068 3067
10363 4 2 1 1 3053 2828 2843 499
10364 4 2 1 1 2843 3053 499 514
10365 4 2 1 1 514 499 2843 500
10366 4 2 1 1 2843 3053 514 3068
10367 4 2 1 1 500 2843 514 3068
10368 4 2 1 1 500 514 515 3068
10369 4 2 1 1 290 275 276 2829
10370 4 2 1 1 276 290 2829 3054
10371 4 2 1 1 3054 2829 276 2844
10372 4 2 1 1 276 290 3054 291
10373 4 2 1 1 2844 276 3054 291
10374 4 2 1 1 2844 3054 3069 291
10375 4 2 1 1 3054 2829 2844 2830
10376 4 2 1 1 2844 3054 2830 3055
10377 4 2 1 1 3055 2830 2844 2845
10378 4 2 1 1 2844 3054 3055 3069
10379 4 2 1 1 2845 2844 3055 3069
10380 4 2 1 1 2845 3055 3070 3069
10381 4 2 1 1 3055 2830 2845 2831
10382 4 2 1 1 2845 3055 2831 3056
10383 4 2 1 1 3056 2831 2845 2846
10384 4 2 1 1 2845 3055 3056 3070
10385 4 2 1 1 2846 2845 3056 3070
10386 4 2 1 1 2846 3056 3071 3070
10387 4 2 1 1 3056 2831 2846 2832
10388 4 2 1 1 2846 3056 2832 3057
10389 4 2 1 1 3057 2832 2846 2847
10390 4 2 1 1 2846 3056 3057 3071
10391 4 2 1 1 2847 2846 3057 3071
10392 4 2 1 1 2847 3057 3072 3071
10393 4 2 1 1 3057 2832 2847 2833
10394 4 2 1 1 2847 3057 2833 3058
10395 4 2 1 1 3058 2833 2847 2848
10396 4 2 1 1 2847 3057 3058 3072
10397 4 2 1 1 2848 2847 3058 3072
10398 4 2 1 1 2848 3058 3073 3072
10399 4 2 1 1 3058 2833 2848 2834
10400 4 2 1 1 2848 3058 2834 3059
10401 4 2 1 1 3059 2834 2848 2849
10402 4 2 1 1 2848 3058 3059 3073
10403 4 2 1 1 2849 2848 3059 3073
10404 4 2 1 1 2849 3059 3074 3073
10405 4 2 1 1 3059 2834 2849 2835
10406 4 2 1 1 2849 3059 2835 3060
10407 4 2 1 1 3060 2835 2849 2850
10408 4 2 1 1 2849 3059 3060 3074
10409 4 2 1 1 2850 2849 3060 3074
10410 4 2 1 1 2850 3060 3075 3074
10411 4 2 1 1 3060 2835 2850 2836
10412 4 2 1 1 2850 3060 2836 3061
10413 4 2 1 1 3061 2836 2850 2851
10414 4 2 1 1 2850 3060 3061 3075
10415 4 2 1 1 2851 2850 3061 3075
10416 4 2 1 1 2851 3061 3076 3075
10417 4 2 1 1 3061 2836 2851 2837
10418 4 2 1 1 2851 3061 2837 3062
10419 4 2 1 1 3062 2837 2851 2852
10420 4 2 1 1 2851 3061 3062 3076
10421 4 2 1 1 2852 2851 3062 3076
10422 4 2 1 1 2852 3062 3077 3076
10423 4 2 1 1 3062 2837 2852 2838
10424 4 2 1 1 2852 3062 2838 3063
10425 4 2 1 1 3063 2838 2852 2853
10426 4 2 1 1 2852 3062 3063 3077
10427 4 2 1 1 2853 2852 3063 3077
10428 4 2 1 1 2853 3063 3078 3077
10429 4 2 1 1 3063 2838 2853 2839
10430 4 2 1 1 2853 3063 2839 3064
10431 4 2 1 1 3064 2839 2853 2854
10432 4 2 1 1 2853 3063 3064 3078
10433 4 2 1 1 2854 2853 3064 3078
10434 4 2 1 1 2854 3064 3079 3078
10435 4 2 1 1 3064 2839 2854 2840
10436 4 2 1 1 2854 3064 2840 3065
10437 4 2 1 1 3065 2840 2854 2855
10438 4 2 1 1 2854 3064 3065 3079
10439 4 2 1 1 2855 2854 3065 3079
10440 4 2 1 1 2855 3065 3080 3079
10441 4 2 1 1 3065 2840 2855 2841
10442 4 2 1 1 2855 3065 2841 3066
10443 4 2 1 1 3066 2841 2855 2856
10444 4 2 1 1 2855 3065 3066 3080
10445 4 2 1 1 2856 2855 3066 3080
10446 4 2 1 1 2856 3066 3081 3080
10447 4 2 1 1 3066 2841 2856 2842
10448 4 2 1 1 2856 3066 2842 3067
10449 4 2 1 1 3067 2842 2856 2857
10450 4 2 1 1 2856 3066 3067 3081
10451 4 2 1 1 2857 2856 3067 3081
10452 4 2 1 1 2857 3067 3082 3081
10453 4 2 1 1 3067 2842 2857 2843
10454 4 2 1 1 2857 3067 2843 3068
10455 4 2 1 1 3068 2843 2857 2858
10456 4 2 1 1 2857 3067 3068 3082
10457 4 2 1 1 2858 2857 3068 3082
10458 4 2 1 1 2858 3068 3083 3082
10459 4 2 1 1 3068 2843 2858 500
10460 4 2 1 1 2858 3068 500 515
10461 4 2 1 1 515 500 2858 501
10462 4 2 1 1 2858 3068 515 3083
10463 4 2 1 1 501 2858 515 3083
10464 4 2 1 1 501 515 516 3083
10465 4 2 1 1 291 276 277 2844
10466 4 2 1 1 277 291 2844 3069
10467 4 2 1 1 3069 2844 277 2859
10468 4 2 1 1 277 291 3069 292
10469 4 2 1 1 2859 277 3069 292
10470 4 2 1 1 2859 3069 3084 292
10471 4 2 1 1 3069 2844 2859 2845
10472 4 2 1 1 2859 3069 2845 3070
10473 4 2 1 1 3070 2845 2859 2860
10474 4 2 1 1 2859 3069 3070 3084
10475 4 2 1 1 2860 2859 3070 3084
10476 4 2 1 1 2860 3070 3085 3084
10477 4 2 1 1 3070 2845 2860 2846
10478 4 2 1 1 2860 3070 2846 3071
10479 4 2 1 1 3071 2846 2860 2861
10480 4 2 1 1 2860 3070 3071 3085
10481 4 2 1 1 2861 2860 3071 3085
10482 4 2 1 1 2861 3071 3086 3085
10483 4 2 1 1 3071 2846 2861 2847
10484 4 2 1 1 2861 3071 2847 3072
10485 4 2 1 1 3072 2847 2861 2862
10486 4 2 1 1 2861 3071 3072 3086
10487 4 2 1 1 2862 2861 3072 3086
10488 4 2 1 1 2862 3072 3087 3086
10489 4 2 1 1 3072 2847 2862 2848
10490 4 2 1 1 2862 3072 2848 3073
10491 4 2 1 1 3073 2848 2862 2863
10492 4 2 1 1 2862 3072 3073 3087
10493 4 2 1 1 2863 2862 3073 3087
10494 4 2 1 1 2863 3073 3088 3087
10495 4 2 1 1 3073 2848 2863 2849
10496 4 2 1 1 2863 3073 2849 3074
10497 4 2 1 1 3074 2849 2863 2864
10498 4 2 1 1 2863 3073 3074 3088
10499 4 2 1 1 2864 2863 3074 3088
10500 4 2 1 1 2864 3074 3089 3088
10501 4 2 1 1 3074 2849 2864 2850
10502 4 2 1 1 2864 3074 2850 3075
10503 4 2 1 1 3075 2850 2864 2865
10504 4 2 1 1 2864 3074 3075 3089
10505 4 2 1 1 2865 2864 3075 3089
10506 4 2 1 1 2865 3075 3090 3089
10507 4 2 1 1 3075 2850 2865 2851
10508 4 2 1 1 2865 3075 2851 3076
10509 4 2 1 1 3076 2851 2865 2866
10510 4 2 1 1 2865 3075 3076 3090
10511 4 2 1 1 2866 2865 3076 3090
10512 4 2 1 1 2866 3076 3091 3090
10513 4 2 1 1 3076 2851 2866 2852
10514 4 2 1 1 2866 3076 2852 3077
10515 4 2 1 1 3077 2852 2866 2867
10516 4 2 1 1 2866 3076 3077 3091
10517 4 2 1 1 2867 2866 3077 3091
10518 4 2 1 1 2867 3077 3092 3091
10519 4 2 1 1 3077 2852 2867 2853
10520 4 2 1 1 2867 3077 2853 3078
10521 4 2 1 1 3078 2853 2867 2868
10522 4 2 1 1 2867 3077 3078 3092
10523 4 2 1 1 2868 2867 3078 3092
10524 4 2 1 1 2868 3078 3093 3092
10525 4 2 1 1 3078 2853 2868 2854
10526 4 2 1 1 2868 3078 2854 3079
10527 4 2 1 1 3079 2854 2868 2869
10528 4 2 1 1 2868 3078 3079 3093
10529 4 2 1 1 2869 2868 3079 3093
10530 4 2 1 1 2869 3079 3094 3093
10531 4 2 1 1 3079 2854 2869 2855
10532 4 2 1 1 2869 3079 2855 3080
10533 4 2 1 1 3080 2855 2869 2870
10534 4 2 1 1 2869 3079 3080 3094
10535 4 2 1 1 2870 2869 3080 3094
10536 4 2 1 1 2870 3080 3095 3094
10537 4 2 1 1 3080 2855 2870 2856
10538 4 2 1 1 2870 3080 2856 3081
10539 4 2 1 1 3081 2856 2870 2871
10540 4 2 1 1 2870 3080 3081 3095
10541 4 2 1 1 2871 2870 3081 3095
10542 4 2 1 1 2871 3081 3096 3095
10543 4 2 1 1 3081 2856 2871 2857
10544 4 2 1 1 2871 3081 2857 3082
10545 4 2 1 1 3082 2857 2871 2872
10546 4 2 1 1 2871 3081 3082 3096
10547 4 2 1 1 2872 2871 3082 3096
10548 4 2 1 1 2872 3082 3097 3096
10549 4 2 1 1 3082 2857 2872 2858
10550 4 2 1 1 2872 3082 2858 3083
10551 4 2 1 1 3083 2858 2872 2873
10552 4 2 1 1 2872 3082 3083 3097
10553 4 2 1 1 2873 2872 3083 3097
10554 4 2 1 1 2873 3083 3098 3097
10555 4 2 1 1 3083 2858 2873 501
10556 4 2 1 1 2873 3083 501 516
10557 4 2 1 1 516 501 2873 502
10558 4 2 1 1 2873 3083 516 3098
10559 4 2 1 1 502 2873 516 3098
10560 4 2 1 1 502 516 517 3098
10561 4 2 1 1 292 277 278 2859
10562 4 2 1 1 278 292 2859 3084
10563 4 2 1 1 3084 2859 278 2874
10564 4 2 1 1 278 292 3084 293
10565 4 2 1 1 2874 278 3084 293
10566 4 2 1 1 2874 3084 3099 293
10567 4 2 1 1 3084 2859 2874 2860
10568 4 2 1 1 2874 3084 2860 3085
10569 4 2 1 1 3085 2860 2874 2875
10570 4 2 1 1 2874 3084 3085 3099
10571 4 2 1 1 2875 2874 3085 3099
10572 4 2 1 1 2875 3085 3100 3099
10573 4 2 1 1 3085 2860 2875 2861
10574 4 2 1 1 2875 3085 2861 3086
10575 4 2 1 1 3086 2861 2875 2876
10576 4 2 1 1 2875 3085 3086 3100
10577 4 2 1 1 2876 2875 3086 3100
10578 4 2 1 1 2876 3086 3101 3100
10579 4 2 1 1 3086 2861 2876 2862
10580 4 2 1 1 2876 3086 2862 3087
10581 4 2 1 1 3087 2862 2876 2877
10582 4 2 1 1 2876 3086 3087 3101
10583 4 2 1 1 2877 2876 3087 3101
10584 4 2 1 1 2877 3087 3102 3101
10585 4 2 1 1 3087 2862 2877 2863
10586 4 2 1 1 2877 3087 2863 3088
10587 4 2 1 1 3088 2863 2877 2878
10588 4 2 1 1 2877 3087 3088 3102
10589 4 2 1 1 2878 2877 3088 3102
10590 4 2 1 1 2878 3088 3103 3102
10591 4 2 1 1 3088 2863 2878 2864
10592 4 2 1 1 2878 3088 2864 3089
10593 4 2 1 1 3089 2864 2878 2879
10594 4 2 1 1 2878 3088 3089 3103
10595 4 2 1 1 2879 2878 3089 3103
10596 4 2 1 1 2879 3089 3104 3103
10597 4 2 1 1 3089 2864 2879 2865
10598 4 2 1 1 2879 3089 2865 3090
10599 4 2 1 1 3090 2865 2879 2880
10600 4 2 1 1 2879 3089 3090 3104
10601 4 2 1 1 2880 2879 3090 3104
10602 4 2 1 1 2880 3090 3105 3104
10603 4 2 1 1 3090 2865 2880 2866
10604 4 2 1 1 2880 3090 2866 3091
10605 4 2 1 1 3091 2866 2880 2881
10606 4 2 1 1 2880 3090 3091 3105
10607 4 2 1 1 2881 2880 3091 3105
10608 4 2 1 1 2881 3091 3106 3105
10609 4 2 1 1 3091 2866 2881 2867
10610 4 2 1 1 2881 3091 2867 3092
10611 4 2 1 1 3092 2867 2881 2882
10612 4 2 1 1 2881 3091 3092 3106
10613 4 2 1 1 2882 2881 3092 3106
10614 4 2 1 1 2882 3092 3107 3106
10615 4 2 1 1 3092 2867 2882 2868
10616 4 2 1 1 2882 3092 2868 3093
10617 4 2 1 1 3093 2868 2882 2883
10618 4 2 1 1 2882 3092 3093 3107
10619 4 2 1 1 2883 2882 3093 3107
10620 4 2 1 1 2883 3093 3108 3107
10621 4 2 1 1 3093 2868 2883 2869
10622 4 2 1 1 2883 3093 2869 3094
10623 4 2 1 1 3094 2869 2883 2884
10624 4 2 1 1 2883 3093 3094 3108
10625 4 2 1 1 2884 2883 3094 3108
10626 4 2 1 1 2884 3094 3109 3108
10627 4 2 1 1 3094 2869 2884 2870
10628 4 2 1 1 2884 3094 2870 3095
10629 4 2 1 1 3095 2870 2884 2885
10630 4 2 1 1 2884 3094 3095 3109
10631 4 2 1 1 2885 2884 3095 3109
10632 4 2 1 1 2885 3095 3110 3109
10633 4 2 1 1 3095 2870 2885 2871
10634 4 2 1 1 2885 3095 2871 3096
10635 4 2 1 1 3096 2871 2885 2886
10636 4 2 1 1 2885 3095 3096 3110
10637 4 2 1 1 2886 2885 3096 3110
10638 4 2 1 1 2886 3096 3111 3110
10639 4 2 1 1 3096 2871 2886 2872
10640 4 2 1 1 2886 3096 2872 3097
10641 4 2 1 1 3097 2872 2886 2887
10642 4 2 1 1 2886 3096 3097 3111
10643 4 2 1 1 2887 2886 3097 3111
10644 4 2 1 1 2887 3097 3112 3111
10645 4 2 1 1 3097 2872 2887 2873
10646 4 2 1 1 2887 3097 2873 3098
10647 4 2 1 1 3098 2873 2887 2888
10648 4 2 1 1 2887 3097 3098 3112
10649 4 2 1 1 2888 2887 3098 3112
10650 4 2 1 1 2888 3098 3113 3112
10651 4 2 1 1 3098 2873 2888 502
10652 4 2 1 1 2888 3098 502 517
10653 4 2 1 1 517 502 2888 503
10654 4 2 1 1 2888 3098 517 3113
10655 4 2 1 1 503 2888 517 3113
10656 4 2 1 1 503 517 518 3113
10657 4 2 1 1 293 278 44 2874
10658 4 2 1 1 44 293 2874 3099
10659 4 2 1 1 3099 2874 44 869
10660 4 2 1 1 44 293 3099 45
10661 4 2 1 1 869 44 3099 45
10662 4 2 1 1 869 3099 870 45
10663 4 2 1 1 3099 2874 869 2875
10664 4 2 1 1 869 3099 2875 3100
10665 4 2 1 1 3100 2875 869 884
10666 4 2 1 1 869 3099 3100 870
10667 4 2 1 1 884 869 3100 870
10668 4 2 1 1 884 3100 885 870
10669 4 2 1 1 3100 2875 884 2876
10670 4 2 1 1 884 3100 2876 3101
10671 4 2 1 1 3101 2876 884 899
10672 4 2 1 1 884 3100 3101 885
10673 4 2 1 1 899 884 3101 885
10674 4 2 1 1 899 3101 900 885
10675 4 2 1 1 3101 2876 899 2877
10676 4 2 1 1 899 3101 2877 3102
10677 4 2 1 1 3102 2877 899 914
10678 4 2 1 1 899 3101 3102 900
10679 4 2 1 1 914 899 3102 900
10680 4 2 1 1 914 3102 915 900
10681 4 2 1 1 3102 2877 914 2878
10682 4 2 1 1 914 3102 2878 3103
10683 4 2 1 1 3103 2878 914 929
10684 4 2 1 1 914 3102 3103 915
10685 4 2 1 1 929 914 3103 915
10686 4 2 1 1 929 3103 930 915
10687 4 2 1 1 3103 2878 929 2879
10688 4 2 1 1 929 3103 2879 3104
10689 4 2 1 1 3104 2879 929 944
10690 4 2 1 1 929 3103 3104 930
10691 4 2 1 1 944 929 3104 930
10692 4 2 1 1 944 3104 945 930
10693 4 2 1 1 3104 2879 944 2880
10694 4 2 1 1 944 3104 2880 3105
10695 4 2 1 1 3105 2880 944 959
10696 4 2 1 1 944 3104 3105 945
10697 4 2 1 1 959 944 3105 945
10698 4 2 1 1 959 3105 960 945
10699 4 2 1 1 3105 2880 959 2881
10700 4 2 1 1 959 3105 2881 3106
10701 4 2 1 1 3106 2881 959 974
10702 4 2 1 1 959 3105 3106 960
10703 4 2 1 1 974 959 3106 960
10704 4 2 1 1 974 3106 975 960
10705 4 2 1 1 3106 2881 974 2882
10706 4 2 1 1 974 3106 2882 3107
10707 4 2 1 1 3107 2882 974 989
10708 4 2 1 1 974 3106 3107 975
10709 4 2 1 1 989 974 3107 975
10710 4 2 1 1 989 3107 990 975
10711 4 2 1 1 3107 2882 989 2883
10712 4 2 1 1 989 3107 2883 3108
10713 4 2 1 1 3108 2883 989 1004
10714 4 2 1 1 989 3107 3108 990
10715 4 2 1 1 1004 989 3108 990
10716 4 2 1 1 1004 3108 1005 990
10717 4 2 1 1 3108 2883 1004 2884
10718 4 2 1 1 1004 3108 2884 3109
10719 4 2 1 1 3109 2884 1004 1019
10720 4 2 1 1 1004 3108 3109 1005
10721 4 2 1 1 1019 1004 3109 1005
10722 4 2 1 1 1019 3109 1020 1005
10723 4 2 1 1 3109 2884 1019 2885
10724 4 2 1 1 1019 3109 2885 3110
10725 4 2 1 1 3110 2885 1019 1034
10726 4 2 1 1 1019 3109 3110 1020
10727 4 2 1 1 1034 1019 3110 1020
10728 4 2 1 1 1034 3110 1035 1020
10729 4 2 1 1 3110 2885 1034 2886
10730 4 2 1 1 1034 3110 2886 3111
10731 4 2 1 1 3111 2886 1034 1049
10732 4 2 1 1 1034 3110 3111 1035
10733 4 2 1 1 1049 1034 3111 1035
10734 4 2 1 1 1049 3111 1050 1035
10735 4 2 1 1 3111 2886 1049 2887
10736 4 2 1 1 1049 3111 2887 3112
10737 4 2 1 1 3112 2887 1049 1064
10738 4 2 1 1 1049 3111 3112 1050
10739 4 2 1 1 1064 1049 3112 1050
10740 4 2 1 1 1064 3112 1065 1050
10741 4 2 1 1 3112 2887 1064 2888
10742 4 2 1 1 1064 3112 2888 3113
10743 4 2 1 1 3113 2888 1064 1079
10744 4 2 1 1 1064 3112 3113 1065
10745 4 2 1 1 1079 1064 3113 1065
10746 4 2 1 1 1079 3113 1080 1065
10747 4 2 1 1 3113 2888 1079 503
10748 4 2 1 1 1079 3113 503 518
10749 4 2 1 1 518 503 1079 104
10750 4 2 1 1 1079 3113 518 1080
10751 4 2 1 1 104 1079 518 1080
10752 4 2 1 1 104 518 105 1080
10753 4 2 1 1 16 15 279 645
10754 4 2 1 1 279 16 645 646
10755 4 2 1 1 646 645 279 2889
10756 4 2 1 1 279 16 646 294
10757 4 2 1 1 2889 279 646 294
10758 4 2 1 1 2889 646 3114 294
10759 4 2 1 1 646 645 2889 660
10760 4 2 1 1 2889 646 660 661
10761 4 2 1 1 661 660 2889 2890
10762 4 2 1 1 2889 646 661 3114
10763 4 2 1 1 2890 2889 661 3114
10764 4 2 1 1 2890 661 3115 3114
10765 4 2 1 1 661 660 2890 675
10766 4 2 1 1 2890 661 675 676
10767 4 2 1 1 676 675 2890 2891
10768 4 2 1 1 2890 661 676 3115
10769 4 2 1 1 2891 2890 676 3115
10770 4 2 1 1 2891 676 3116 3115
10771 4 2 1 1 676 675 2891 690
10772 4 2 1 1 2891 676 690 691
10773 4 2 1 1 691 690 2891 2892
10774 4 2 1 1 2891 676 691 3116
10775 4 2 1 1 2892 2891 691 3116
10776 4 2 1 1 2892 691 3117 3116
10777 4 2 1 1 691 690 2892 705
10778 4 2 1 1 2892 691 705 706
10779 4 2 1 1 706 705 2892 2893
10780 4 2 1 1 2892 691 706 3117
10781 4 2 1 1 2893 2892 706 3117
10782 4 2 1 1 2893 706 3118 3117
10783 4 2 1 1 706 705 2893 720
10784 4 2 1 1 2893 706 720 721
10785 4 2 1 1 721 720 2893 2894
10786 4 2 1 1 2893 706 721 3118
10787 4 2 1 1 2894 2893 721 3118
10788 4 2 1 1 2894 721 3119 3118
10789 4 2 1 1 721 720 2894 735
10790 4 2 1 1 2894 721 735 736
10791 4 2 1 1 736 735 2894 2895
10792 4 2 1 1 2894 721 736 3119
10793 4 2 1 1 2895 2894 736 3119
10794 4 2 1 1 2895 736 3120 3119
10795 4 2 1 1 736 735 2895 750
10796 4 2 1 1 2895 736 750 751
10797 4 2 1 1 751 750 2895 2896
10798 4 2 1 1 2895 736 751 3120
10799 4 2 1 1 2896 2895 751 3120
10800 4 2 1 1 2896 751 3121 3120
10801 4 2 1 1 751 750 2896 765
10802 4 2 1 1 2896 751 765 766
10803 4 2 1 1 766 765 2896 2897
10804 4 2 1 1 2896 751 766 3121
10805 4 2 1 1 2897 2896 766 3121
10806 4 2 1 1 2897 766 3122 3121
10807 4 2 1 1 766 765 2897 780
10808 4 2 1 1 2897 766 780 781
10809 4 2 1 1 781 780 2897 2898
10810 4 2 1 1 2897 766 781 3122
10811 4 2 1 1 2898 2897 781 3122
10812 4 2 1 1 2898 781 3123 3122
10813 4 2 1 1 781 780 2898 795
10814 4 2 1 1 2898 781 795 796
10815 4 2 1 1 796 795 2898 2899
10816 4 2 1 1 2898 781 796 3123
10817 4 2 1 1 2899 2898 796 3123
10818 4 2 1 1 2899 796 3124 3123
10819 4 2 1 1 796 795 2899 810
10820 4 2 1 1 2899 796 810 811
10821 4 2 1 1 811 810 2899 2900
10822 4 2 1 1 2899 796 811 3124
10823 4 2 1 1 2900 2899 811 3124
10824 4 2 1 1 2900 811 3125 3124
10825 4 2 1 1 811 810 2900 825
10826 4 2 1 1 2900 811 825 826
10827 4 2 1 1 826 825 2900 2901
10828 4 2 1 1 2900 811 826 3125
10829 4 2 1 1 2901 2900 826 3125
10830 4 2 1 1 2901 826 3126 3125
10831 4 2 1 1 826 825 2901 840
10832 4 2 1 1 2901 826 840 841
10833 4 2 1 1 841 840 2901 2902
10834 4 2 1 1 2901 826 841 3126
10835 4 2 1 1 2902 2901 841 3126
10836 4 2 1 1 2902 841 3127 3126
10837 4 2 1 1 841 840 2902 855
10838 4 2 1 1 2902 841 855 856
10839 4 2 1 1 856 855 2902 2903
10840 4 2 1 1 2902 841 856 3127
10841 4 2 1 1 2903 2902 856 3127
10842 4 2 1 1 2903 856 3128 3127
10843 4 2 1 1 856 855 2903 75
10844 4 2 1 1 2903 856 75 76
10845 4 2 1 1 76 75 2903 504
10846 4 2 1 1 2903 856 76 3128
10847 4 2 1 1 504 2903 76 3128
10848 4 2 1 1 504 76 519 3128
10849 4 2 1 1 294 279 280 2889
10850 4 2 1 1 280 294 2889 3114
10851 4 2 1 1 3114 2889 280 2904
10852 4 2 1 1 280 294 3114 295
10853 4 2 1 1 2904 280 3114 295
10854 4 2 1 1 2904 3114 3129 295
10855 4 2 1 1 3114 2889 2904 2890
10856 4 2 1 1 2904 3114 2890 3115
10857 4 2 1 1 3115 2890 2904 2905
10858 4 2 1 1 2904 3114 3115 3129
10859 4 2 1 1 2905 2904 3115 3129
10860 4 2 1 1 2905 3115 3130 3129
10861 4 2 1 1 3115 2890 2905 2891
10862 4 2 1 1 2905 3115 2891 3116
10863 4 2 1 1 3116 2891 2905 2906
10864 4 2 1 1 2905 3115 3116 3130
10865 4 2 1 1 2906 2905 3116 3130
10866 4 2 1 1 2906 3116 3131 3130
10867 4 2 1 1 3116 2891 2906 2892
10868 4 2 1 1 2906 3116 2892 3117
10869 4 2 1 1 3117 2892 2906 2907
10870 4 2 1 1 2906 3116 3117 3131
10871 4 2 1 1 2907 2906 3117 3131
10872 4 2 1 1 2907 3117 3132 3131
10873 4 2 1 1 3117 2892 2907 2893
10874 4 2 1 1 2907 3117 2893 3118
10875 4 2 1 1 3118 2893 2907 2908
10876 4 2 1 1 2907 3117 3118 3132
10877 4 2 1 1 2908 2907 3118 3132
10878 4 2 1 1 2908 3118 3133 3132
10879 4 2 1 1 3118 2893 2908 2894
10880 4 2 1 1 2908 3118 2894 3119
10881 4 2 1 1 3119 2894 2908 2909
10882 4 2 1 1 2908 3118 3119 3133
10883 4 2 1 1 2909 2908 3119 3133
10884 4 2 1 1 2909 3119 3134 3133
10885 4 2 1 1 3119 2894 2909 2895
10886 4 2 1 1 2909 3119 2895 3120
10887 4 2 1 1 3120 2895 2909 2910
10888 4 2 1 1 2909 3119 3120 3134
10889 4 2 1 1 2910 2909 3120 3134
10890 4 2 1 1 2910 3120 3135 3134
10891 4 2 1 1 3120 2895 2910 2896
10892 4 2 1 1 2910 3120 2896 3121
10893 4 2 1 1 3121 2896 2910 2911
10894 4 2 1 1 2910 3120 3121 3135
10895 4 2 1 1 2911 2910 3121 3135
10896 4 2 1 1 2911 3121 3136 3135
10897 4 2 1 1 3121 2896 2911 2897
10898 4 2 1 1 2911 3121 2897 3122
10899 4 2 1 1 3122 2897 2911 2912
10900 4 2 1 1 2911 3121 3122 3136
10901 4 2 1 1 2912 2911 3122 3136
10902 4 2 1 1 2912 3122 3137 3136
10903 4 2 1 1 3122 2897 2912 2898
10904 4 2 1 1 2912 3122 2898 3123
10905 4 2 1 1 3123 2898 2912 2913
10906 4 2 1 1 2912 3122 3123 3137
10907 4 2 1 1 2913 2912 3123 3137
10908 4 2 1 1 2913 3123 3138 3137
10909 4 2 1 1 3123 2898 2913 2899
10910 4 2 1 1 2913 3123 2899 3124
10911 4 2 1 1 3124 2899 2913 2914
10912 4 2 1 1 2913 3123 3124 3138
10913 4 2 1 1 2914 2913 3124 3138
10914 4 2 1 1 2914 3124 3139 3138
10915 4 2 1 1 3124 2899 2914 2900
10916 4 2 1 1 2914 3124 2900 3125
10917 4 2 1 1 3125 2900 2914 2915
10918 4 2 1 1 2914 3124 3125 3139
10919 4 2 1 1 2915 2914 3125 3139
10920 4 2 1 1 2915 3125 3140 3139
10921 4 2 1 1 3125 2900 2915 2901
10922 4 2 1 1 2915 3125 2901 3126
10923 4 2 1 1 3126 2901 2915 2916
10924 4 2 1 1 2915 3125 3126 3140
10925 4 2 1 1 2916 2915 3126 3140
10926 4 2 1 1 2916 3126 3141 3140
10927 4 2 1 1 3126 2901 2916 2902
10928 4 2 1 1 2916 3126 2902 3127
10929 4 2 1 1 3127 2902 2916 2917
10930 4 2 1 1 2916 3126 3127 3141
10931 4 2 1 1 2917 2916 3127 3141
10932 4 2 1 1 2917 3127 3142 3141
10933 4 2 1 1 3127 2902 2917 2903
10934 4 2 1 1 2917 3127 2903 3128
10935 4 2 1 1 3128 2903 2917 2918
10936 4 2 1 1 2917 3127 3128 3142
10937 4 2 1 1 2918 2917 3128 3142
10938 4 2 1 1 2918 3128 3143 3142
10939 4 2 1 1 3128 2903 2918 504
10940 4 2 1 1 2918 3128 504 519
10941 4 2 1 1 519 504 2918 505
10942 4 2 1 1 2918 3128 519 3143
10943 4 2 1 1 505 2918 519 3143
10944 4 2 1 1 505 519 520 3143
10945 4 2 1 1 295 280 281 2904
10946 4 2 1 1 281 295 2904 3129
10947 4 2 1 1 3129 2904 281 2919
10948 4 2 1 1 281 295 3129 296
10949 4 2 1 1 2919 281 3129 296
10950 4 2 1 1 2919 3129 3144 296
10951 4 2 1 1 3129 2904 2919 2905
10952 4 2 1 1 2919 3129 2905 3130
10953 4 2 1 1 3130 2905 2919 2920
10954 4 2 1 1 2919 3129 3130 3144
10955 4 2 1 1 2920 2919 3130 3144
10956 4 2 1 1 2920 3130 3145 3144
10957 4 2 1 1 3130 2905 2920 2906
10958 4 2 1 1 2920 3130 2906 3131
10959 4 2 1 1 3131 2906 2920 2921
10960 4 2 1 1 2920 3130 3131 3145
10961 4 2 1 1 2921 2920 3131 3145
10962 4 2 1 1 2921 3131 3146 3145
10963 4 2 1 1 3131 2906 2921 2907
10964 4 2 1 1 2921 3131 2907 3132
10965 4 2 1 1 3132 2907 2921 2922
10966 4 2 1 1 2921 3131 3132 3146
10967 4 2 1 1 2922 2921 3132 3146
10968 4 2 1 1 2922 3132 3147 3146
10969 4 2 1 1 3132 2907 2922 2908
10970 4 2 1 1 2922 3132 2908 3133
10971 4 2 1 1 3133 2908 2922 2923
10972 4 2 1 1 2922 3132 3133 3147
10973 4 2 1 1 2923 2922 3133 3147
10974 4 2 1 1 2923 3133 3148 3147
10975 4 2 1 1 3133 2908 2923 2909
10976 4 2 1 1 2923 3133 2909 3134
10977 4 2 1 1 3134 2909 2923 2924
10978 4 2 1 1 2923 3133 3134 3148
10979 4 2 1 1 2924 2923 3134 3148
10980 4 2 1 1 2924 3134 3149 3148
10981 4 2 1 1 3134 2909 2924 2910
10982 4 2 1 1 2924 3134 2910 3135
10983 4 2 1 1 3135 2910 2924 2925
10984 4 2 1 1 2924 3134 3135 3149
10985 4 2 1 1 2925 2924 3135 3149
10986 4 2 1 1 2925 3135 3150 3149
10987 4 2 1 1 3135 2910 2925 2911
10988 4 2 1 1 2925 3135 2911 3136
10989 4 2 1 1 3136 2911 2925 2926
10990 4 2 1 1 2925 3135 3136 3150
10991 4 2 1 1 2926 2925 3136 3150
10992 4 2 1 1 2926 3136 3151 3150
10993 4 2 1 1 3136 2911 2926 2912
10994 4 2 1 1 2926 3136 2912 3137
10995 4 2 1 1 3137 2912 2926 2927
10996 4 2 1 1 2926 3136 3137 3151
10997 4 2 1 1 2927 2926 3137 3151
10998 4 2 1 1 2927 3137 3152 3151
10999 4 2 1 1 3137 2912 2927 2913
11000 4 2 1 1 2927 3137 2913 3138
11001 4 2 1 1 3138 2913 2927 2928
11002 4 2 1 1 2927 3137 3138 3152
11003 4 2 1 1 2928 2927 3138 3152
11004 4 2 1 1 2928 3138 3153 3152
11005 4 2 1 1 3138 2913 2928 2914
11006 4 2 1 1 2928 3138 2914 3139
11007 4 2 1 1 3139 2914 2928 2929
11008 4 2 1 1 2928 3138 3139 3153
11009 4 2 1 1 2929 2928 3139 3153
11010 4 2 1 1 2929 3139 3154 3153
11011 4 2 1 1 3139 2914 2929 2915
11012 4 2 1 1 2929 3139 2915 3140
11013 4 2 1 1 3140 2915 2929 2930
11014 4 2 1 1 2929 3139 3140 3154
11015 4 2 1 1 2930 2929 3140 3154
11016 4 2 1 1 2930 3140 3155 3154
11017 4 2 1 1 3140 2915 2930 2916
11018 4 2 1 1 2930 3140 2916 3141
11019 4 2 1 1 3141 2916 2930 2931
11020 4 2 1 1 2930 3140 3141 3155
11021 4 2 1 1 2931 2930 3141 3155
11022 4 2 1 1 2931 3141 3156 3155
11023 4 2 1 1 3141 2916 2931 2917
11024 4 2 1 1 2931 3141 2917 3142
11025 4 2 1 1 3142 2917 2931 2932
11026 4 2 1 1 2931 3141 3142 3156
11027 4 2 1 1 2932 2931 3142 3156
11028 4 2 1 1 2932 3142 3157 3156
11029 4 2 1 1 3142 2917 2932 2918
11030 4 2 1 1 2932 3142 2918 3143
11031 4 2 1 1 3143 2918 2932 2933
11032 4 2 1 1 2932 3142 3143 3157
11033 4 2 1 1 2933 2932 3143 3157
11034 4 2 1 1 2933 3143 3158 3157
11035 4 2 1 1 3143 2918 2933 505
11036 4 2 1 1 2933 3143 505 520
11037 4 2 1 1 520 505 2933 506
11038 4 2 1 1 2933 3143 520 3158
11039 4 2 1 1 506 2933 520 3158
11040 4 2 1 1 506 520 521 3158
11041 4 2 1 1 296 281 282 2919
11042 4 2 1 1 282 296 2919 3144
11043 4 2 1 1 3144 2919 282 2934
11044 4 2 1 1 282 296 3144 297
11045 4 2 1 1 2934 282 3144 297
11046 4 2 1 1 2934 3144 3159 297
11047 4 2 1 1 3144 2919 2934 2920
11048 4 2 1 1 2934 3144 2920 3145
11049 4 2 1 1 3145 2920 2934 2935
11050 4 2 1 1 2934 3144 3145 3159
11051 4 2 1 1 2935 2934 3145 3159
11052 4 2 1 1 2935 3145 3160 3159
11053 4 2 1 1 3145 2920 2935 2921
11054 4 2 1 1 2935 3145 2921 3146
11055 4 2 1 1 3146 2921 2935 2936
11056 4 2 1 1 2935 3145 3146 3160
11057 4 2 1 1 2936 2935 3146 3160
11058 4 2 1 1 2936 3146 3161 3160
11059 4 2 1 1 3146 2921 2936 2922
11060 4 2 1 1 2936 3146 2922 3147
11061 4 2 1 1 3147 2922 2936 2937
11062 4 2 1 1 2936 3146 3147 3161
11063 4 2 1 1 2937 2936 3147 3161
11064 4 2 1 1 2937 3147 3162 3161
11065 4 2 1 1 3147 2922 2937 2923
11066 4 2 1 1 2937 3147 2923 3148
11067 4 2 1 1 3148 2923 2937 2938
11068 4 2 1 1 2937 3147 3148 3162
11069 4 2 1 1 2938 2937 3148 3162
11070 4 2 1 1 2938 3148 3163 3162
11071 4 2 1 1 3148 2923 2938 2924
11072 4 2 1 1 2938 3148 2924 3149
11073 4 2 1 1 3149 2924 2938 2939
11074 4 2 1 1 2938 3148 3149 3163
11075 4 2 1 1 2939 2938 3149 3163
11076 4 2 1 1 2939 3149 3164 3163
11077 4 2 1 1 3149 2924 2939 2925
11078 4 2 1 1 2939 3149 2925 3150
11079 4 2 1 1 3150 2925 2939 2940
11080 4 2 1 1 2939 3149 3150 3164
11081 4 2 1 1 2940 2939 3150 3164
11082 4 2 1 1 2940 3150 3165 3164
11083 4 2 1 1 3150 2925 2940 2926
11084 4 2 1 1 2940 3150 2926 3151
11085 4 2 1 1 3151 2926 2940 2941
11086 4 2 1 1 2940 3150 3151 3165
11087 4 2 1 1 2941 2940 3151 3165
11088 4 2 1 1 2941 3151 3166 3165
11089 4 2 1 1 3151 2926 2941 2927
11090 4 2 1 1 2941 3151 2927 3152
11091 4 2 1 1 3152 2927 2941 2942
11092 4 2 1 1 2941 3151 3152 3166
11093 4 2 1 1 2942 2941 3152 3166
11094 4 2 1 1 2942 3152 3167 3166
11095 4 2 1 1 3152 2927 2942 2928
11096 4 2 1 1 2942 3152 2928 3153
11097 4 2 1 1 3153 2928 2942 2943
11098 4 2 1 1 2942 3152 3153 3167
11099 4 2 1 1 2943 2942 3153 3167
11100 4 2 1 1 2943 3153 3168 3167
11101 4 2 1 1 3153 2928 2943 2929
11102 4 2 1 1 2943 3153 2929 3154
11103 4 2 1 1 3154 2929 2943 2944
11104 4 2 1 1 2943 3153 3154 3168
11105 4 2 1 1 2944 2943 3154 3168
11106 4 2 1 1 2944 3154 3169 3168
11107 4 2 1 1 3154 2929 2944 2930
11108 4 2 1 1 2944 3154 2930 3155
11109 4 2 1 1 3155 2930 2944 2945
11110 4 2 1 1 2944 3154 3155 3169
11111 4 2 1 1 2945 2944 3155 3169
11112 4 2 1 1 2945 3155 3170 3169
11113 4 2 1 1 3155 2930 2945 2931
11114 4 2 1 1 2945 3155 2931 3156
11115 4 2 1 1 3156 2931 2945 2946
11116 4 2 1 1 2945 3155 3156 3170
11117 4 2 1 1 2946 2945 3156 3170
11118 4 2 1 1 2946 3156 3171 3170
11119 4 2 1 1 3156 2931 2946 2932
11120 4 2 1 1 2946 3156 2932 3157
11121 4 2 1 1 3157 2932 2946 2947
11122 4 2 1 1 2946 3156 3157 3171
11123 4 2 1 1 2947 2946 3157 3171
11124 4 2 1 1 2947 3157 3172 3171
11125 4 2 1 1 3157 2932 2947 2933
11126 4 2 1 1 2947 3157 2933 3158
11127 4 2 1 1 3158 2933 2947 2948
11128 4 2 1 1 2947 3157 3158 3172
11129 4 2 1 1 2948 2947 3158 3172
11130 4 2 1 1 2948 3158 3173 3172
11131 4 2 1 1 3158 2933 2948 506
11132 4 2 1 1 2948 3158 506 521
11133 4 2 1 1 521 506 2948 507
11134 4 2 1 1 2948 3158 521 3173
11135 4 2 1 1 507 2948 521 3173
11136 4 2 1 1 507 521 522 3173
11137 4 2 1 1 297 282 283 2934
11138 4 2 1 1 283 297 2934 3159
11139 4 2 1 1 3159 2934 283 2949
11140 4 2 1 1 283 297 3159 298
11141 4 2 1 1 2949 283 3159 298
11142 4 2 1 1 2949 3159 3174 298
11143 4 2 1 1 3159 2934 2949 2935
11144 4 2 1 1 2949 3159 2935 3160
11145 4 2 1 1 3160 2935 2949 2950
11146 4 2 1 1 2949 3159 3160 3174
11147 4 2 1 1 2950 2949 3160 3174
11148 4 2 1 1 2950 3160 3175 3174
11149 4 2 1 1 3160 2935 2950 2936
11150 4 2 1 1 2950 3160 2936 3161
11151 4 2 1 1 3161 2936 2950 2951
11152 4 2 1 1 2950 3160 3161 3175
11153 4 2 1 1 2951 2950 3161 3175
11154 4 2 1 1 2951 3161 3176 3175
11155 4 2 1 1 3161 2936 2951 2937
11156 4 2 1 1 2951 3161 2937 3162
11157 4 2 1 1 3162 2937 2951 2952
11158 4 2 1 1 2951 3161 3162 3176
11159 4 2 1 1 2952 2951 3162 3176
11160 4 2 1 1 2952 3162 3177 3176
11161 4 2 1 1 3162 2937 2952 2938
11162 4 2 1 1 2952 3162 2938 3163
11163 4 2 1 1 3163 2938 2952 2953
11164 4 2 1 1 2952 3162 3163 3177
11165 4 2 1 1 2953 2952 3163 3177
11166 4 2 1 1 2953 3163 3178 3177
11167 4 2 1 1 3163 2938 2953 2939
11168 4 2 1 1 2953 3163 2939 3164
11169 4 2 1 1 3164 2939 2953 2954
11170 4 2 1 1 2953 3163 3164 3178
11171 4 2 1 1 2954 2953 3164 3178
11172 4 2 1 1 2954 3164 3179 3178
11173 4 2 1 1 3164 2939 2954 2940
11174 4 2 1 1 2954 3164 2940 3165
11175 4 2 1 1 3165 2940 2954 2955
11176 4 2 1 1 2954 3164 3165 3179
11177 4 2 1 1 2955 2954 3165 3179
11178 4 2 1 1 2955 3165 3180 3179
11179 4 2 1 1 3165 2940 2955 2941
11180 4 2 1 1 2955 3165 2941 3166
11181 4 2 1 1 3166 2941 2955 2956
11182 4 2 1 1 2955 3165 3166 3180
11183 4 2 1 1 2956 2955 3166 3180
11184 4 2 1 1 2956 3166 3181 3180
11185 4 2 1 1 3166 2941 2956 2942
11186 4 2 1 1 2956 3166 2942 3167
11187 4 2 1 1 3167 2942 2956 2957
11188 4 2 1 1 2956 3166 3167 3181
11189 4 2 1 1 2957 2956 3167 3181
11190 4 2 1 1 2957 3167 3182 3181
11191 4 2 1 1 3167 2942 2957 2943
11192 4 2 1 1 2957 3167 2943 3168
11193 4 2 1 1 3168 2943 2957 2958
11194 4 2 1 1 2957 3167 3168 3182
11195 4 2 1 1 2958 2957 3168 3182
11196 4 2 1 1 2958 3168 3183 3182
11197 4 2 1 1 3168 2943 2958 2944
11198 4 2 1 1 2958 3168 2944 3169
11199 4 2 1 1 3169 2944 2958 2959
11200 4 2 1 1 2958 3168 3169 3183
11201 4 2 1 1 2959 2958 3169 3183
11202 4 2 1 1 2959 3169 3184 3183
11203 4 2 1 1 3169 2944 2959 2945
11204 4 2 1 1 2959 3169 2945 3170
11205 4 2 1 1 3170 2945 2959 2960
11206 4 2 1 1 2959 3169 3170 3184
11207 4 2 1 1 2960 2959 3170 3184
11208 4 2 1 1 2960 3170 3185 3184
11209 4 2 1 1 3170 2945 2960 2946
11210 4 2 1 1 2960 3170 2946 3171
11211 4 2 1 1 3171 2946 2960 2961
11212 4 2 1 1 2960 3170 3171 3185
11213 4 2 1 1 2961 2960 3171 3185
11214 4 2 1 1 2961 3171 3186 3185
11215 4 2 1 1 3171 2946 2961 2947
11216 4 2 1 1 2961 3171 2947 3172
11217 4 2 1 1 3172 2947 2961 2962
11218 4 2 1 1 2961 3171 3172 3186
11219 4 2 1 1 2962 2961 3172 3186
11220 4 2 1 1 2962 3172 3187 3186
11221 4 2 1 1 3172 2947 2962 2948
11222 4 2 1 1 2962 3172 2948 3173
11223 4 2 1 1 3173 2948 2962 2963
11224 4 2 1 1 2962 3172 3173 3187
11225 4 2 1 1 2963 2962 3173 3187
11226 4 2 1 1 2963 3173 3188 3187
11227 4 2 1 1 3173 2948 2963 507
11228 4 2 1 1 2963 3173 507 522
11229 4 2 1 1 522 507 2963 508
11230 4 2 1 1 2963 3173 522 3188
11231 4 2 1 1 508 2963 522 3188
11232 4 2 1 1 508 522 523 3188
11233 4 2 1 1 298 283 284 2949
11234 4 2 1 1 284 298 2949 3174
11235 4 2 1 1 3174 2949 284 2964
11236 4 2 1 1 284 298 3174 299
11237 4 2 1 1 2964 284 3174 299
11238 4 2 1 1 2964 3174 3189 299
11239 4 2 1 1 3174 2949 2964 2950
11240 4 2 1 1 2964 3174 2950 3175
11241 4 2 1 1 3175 2950 2964 2965
11242 4 2 1 1 2964 3174 3175 3189
11243 4 2 1 1 2965 2964 3175 3189
11244 4 2 1 1 2965 3175 3190 3189
11245 4 2 1 1 3175 2950 2965 2951
11246 4 2 1 1 2965 3175 2951 3176
11247 4 2 1 1 3176 2951 2965 2966
11248 4 2 1 1 2965 3175 3176 3190
11249 4 2 1 1 2966 2965 3176 3190
11250 4 2 1 1 2966 3176 3191 3190
11251 4 2 1 1 3176 2951 2966 2952
11252 4 2 1 1 2966 3176 2952 3177
11253 4 2 1 1 3177 2952 2966 2967
11254 4 2 1 1 2966 3176 3177 3191
11255 4 2 1 1 2967 2966 3177 3191
11256 4 2 1 1 2967 3177 3192 3191
11257 4 2 1 1 3177 2952 2967 2953
11258 4 2 1 1 2967 3177 2953 3178
11259 4 2 1 1 3178 2953 2967 2968
11260 4 2 1 1 2967 3177 3178 3192
11261 4 2 1 1 2968 2967 3178 3192
11262 4 2 1 1 2968 3178 3193 3192
11263 4 2 1 1 3178 2953 2968 2954
11264 4 2 1 1 2968 3178 2954 3179
11265 4 2 1 1 3179 2954 2968 2969
11266 4 2 1 1 2968 3178 3179 3193
11267 4 2 1 1 2969 2968 3179 3193
11268 4 2 1 1 2969 3179 3194 3193
11269 4 2 1 1 3179 2954 2969 2955
11270 4 2 1 1 2969 3179 2955 3180
11271 4 2 1 1 3180 2955 2969 2970
11272 4 2 1 1 2969 3179 3180 3194
11273 4 2 1 1 2970 2969 3180 3194
11274 4 2 1 1 2970 3180 3195 3194
11275 4 2 1 1 3180 2955 2970 2956
11276 4 2 1 1 2970 3180 2956 3181
11277 4 2 1 1 3181 2956 2970 2971
11278 4 2 1 1 2970 3180 3181 3195
11279 4 2 1 1 2971 2970 3181 3195
11280 4 2 1 1 2971 3181 3196 3195
11281 4 2 1 1 3181 2956 2971 2957
11282 4 2 1 1 2971 3181 2957 3182
11283 4 2 1 1 3182 2957 2971 2972
11284 4 2 1 1 2971 3181 3182 3196
11285 4 2 1 1 2972 2971 3182 3196
11286 4 2 1 1 2972 3182 3197 3196
11287 4 2 1 1 3182 2957 2972 2958
11288 4 2 1 1 2972 3182 2958 3183
11289 4 2 1 1 3183 2958 2972 2973
11290 4 2 1 1 2972 3182 3183 3197
11291 4 2 1 1 2973 2972 3183 3197
11292 4 2 1 1 2973 3183 3198 3197
11293 4 2 1 1 3183 2958 2973 2959
11294 4 2 1 1 2973 3183 2959 3184
11295 4 2 1 1 3184 2959 2973 2974
11296 4 2 1 1 2973 3183 3184 3198
11297 4 2 1 1 2974 2973 3184 3198
11298 4 2 1 1 2974 3184 3199 3198
11299 4 2 1 1 3184 2959 2974 2960
11300 4 2 1 1 2974 3184 2960 3185
11301 4 2 1 1 3185 2960 2974 2975
11302 4 2 1 1 2974 3184 3185 3199
11303 4 2 1 1 2975 2974 3185 3199
11304 4 2 1 1 2975 3185 3200 3199
11305 4 2 1 1 3185 2960 2975 2961
11306 4 2 1 1 2975 3185 2961 3186
11307 4 2 1 1 3186 2961 2975 2976
11308 4 2 1 1 2975 3185 3186 3200
11309 4 2 1 1 2976 2975 3186 3200
11310 4 2 1 1 2976 3186 3201 3200
11311 4 2 1 1 3186 2961 2976 2962
11312 4 2 1 1 2976 3186 2962 3187
11313 4 2 1 1 3187 2962 2976 2977
11314 4 2 1 1 2976 3186 3187 3201
11315 4 2 1 1 2977 2976 3187 3201
11316 4 2 1 1 2977 3187 3202 3201
11317 4 2 1 1 3187 2962 2977 2963
11318 4 2 1 1 2977 3187 2963 3188
11319 4 2 1 1 3188 2963 2977 2978
11320 4 2 1 1 2977 3187 3188 3202
11321 4 2 1 1 2978 2977 3188 3202
11322 4 2 1 1 2978 3188 3203 3202
11323 4 2 1 1 3188 2963 2978 508
11324 4 2 1 1 2978 3188 508 523
11325 4 2 1 1 523 508 2978 509
11326 4 2 1 1 2978 3188 523 3203
11327 4 2 1 1 509 2978 523 3203
11328 4 2 1 1 509 523 524 3203
11329 4 2 1 1 299 284 285 2964
11330 4 2 1 1 285 299 2964 3189
11331 4 2 1 1 3189 2964 285 2979
11332 4 2 1 1 285 299 3189 300
11333 4 2 1 1 2979 285 3189 300
11334 4 2 1 1 2979 3189 3204 300
11335 4 2 1 1 3189 2964 2979 2965
11336 4 2 1 1 2979 3189 2965 3190
11337 4 2 1 1 3190 2965 2979 2980
11338 4 2 1 1 2979 3189 3190 3204
11339 4 2 1 1 2980 2979 3190 3204
11340 4 2 1 1 2980 3190 3205 3204
11341 4 2 1 1 3190 2965 2980 2966
11342 4 2 1 1 2980 3190 2966 3191
11343 4 2 1 1 3191 2966 2980 2981
11344 4 2 1 1 2980 3190 3191 3205
11345 4 2 1 1 2981 2980 3191 3205
11346 4 2 1 1 2981 3191 3206 3205
11347 4 2 1 1 3191 2966 2981 2967
11348 4 2 1 1 2981 3191 2967 3192
11349 4 2 1 1 3192 2967 2981 2982
11350 4 2 1 1 2981 3191 3192 3206
11351 4 2 1 1 2982 2981 3192 3206
11352 4 2 1 1 2982 3192 3207 3206
11353 4 2 1 1 3192 2967 2982 2968
11354 4 2 1 1 2982 3192 2968 3193
11355 4 2 1 1 3193 2968 2982 2983
11356 4 2 1 1 2982 3192 3193 3207
11357 4 2 1 1 2983 2982 3193 3207
11358 4 2 1 1 2983 3193 3208 3207
11359 4 2 1 1 3193 2968 2983 2969
11360 4 2 1 1 2983 3193 2969 3194
11361 4 2 1 1 3194 2969 2983 2984
11362 4 2 1 1 2983 3193 3194 3208
11363 4 2 1 1 2984 2983 3194 3208
11364 4 2 1 1 2984 3194 3209 3208
11365 4 2 1 1 3194 2969 2984 2970
11366 4 2 1 1 2984 3194 2970 3195
11367 4 2 1 1 3195 2970 2984 2985
11368 4 2 1 1 2984 3194 3195 3209
11369 4 2 1 1 2985 2984 3195 3209
11370 4 2 1 1 2985 3195 3210 3209
11371 4 2 1 1 3195 2970 2985 2971
11372 4 2 1 1 2985 3195 2971 3196
11373 4 2 1 1 3196 2971 2985 2986
11374 4 2 1 1 2985 3195 3196 3210
11375 4 2 1 1 2986 2985 3196 3210
11376 4 2 1 1 2986 3196 3211 3210
11377 4 2 1 1 3196 2971 2986 2972
11378 4 2 1 1 2986 3196 2972 3197
11379 4 2 1 1 3197 2972 2986 2987
11380 4 2 1 1 2986 3196 3197 3211
11381 4 2 1 1 2987 2986 3197 3211
11382 4 2 1 1 2987 3197 3212 3211
11383 4 2 1 1 3197 2972 2987 2973
11384 4 2 1 1 2987 3197 2973 3198
11385 4 2 1 1 3198 2973 2987 2988
11386 4 2 1 1 2987 3197 3198 3212
11387 4 2 1 1 2988 2987 3198 3212
11388 4 2 1 1 2988 3198 3213 3212
11389 4 2 1 1 3198 2973 2988 2974
11390 4 2 1 1 2988 3198 2974 3199
11391 4 2 1 1 3199 2974 2988 2989
11392 4 2 1 1 2988 3198 3199 3213
11393 4 2 1 1 2989 2988 3199 3213
11394 4 2 1 1 2989 3199 3214 3213
11395 4 2 1 1 3199 2974 2989 2975
11396 4 2 1 1 2989 3199 2975 3200
11397 4 2 1 1 3200 2975 2989 2990
11398 4 2 1 1 2989 3199 3200 3214
11399 4 2 1 1 2990 2989 3200 3214
11400 4 2 1 1 2990 3200 3215 3214
11401 4 2 1 1 3200 2975 2990 2976
11402 4 2 1 1 2990 3200 2976 3201
11403 4 2 1 1 3201 2976 2990 2991
11404 4 2 1 1 2990 3200 3201 3215
11405 4 2 1 1 2991 2990 3201 3215
11406 4 2 1 1 2991 3201 3216 3215
11407 4 2 1 1 3201 2976 2991 2977
11408 4 2 1 1 2991 3201 2977 3202
11409 4 2 1 1 3202 2977 2991 2992
11410 4 2 1 1 2991 3201 3202 3216
11411 4 2 1 1 2992 2991 3202 3216
11412 4 2 1 1 2992 3202 3217 3216
11413 4 2 1 1 3202 2977 2992 2978
11414 4 2 1 1 2992 3202 2978 3203
11415 4 2 1 1 3203 2978 2992 2993
11416 4 2 1 1 2992 3202 3203 3217
11417 4 2 1 1 2993 2992 3203 3217
11418 4 2 1 1 2993 3203 3218 3217
11419 4 2 1 1 3203 2978 2993 509
11420 4 2 1 1 2993 3203 509 524
11421 4 2 1 1 524 509 2993 510
11422 4 2 1 1 2993 3203 524 3218
11423 4 2 1 1 510 2993 524 3218
11424 4 2 1 1 510 524 525 3218
11425 4 2 1 1 300 285 286 2979
11426 4 2 1 1 286 300 2979 3204
11427 4 2 1 1 3204 2979 286 2994
11428 4 2 1 1 286 300 3204 301
11429 4 2 1 1 2994 286 3204 301
11430 4 2 1 1 2994 3204 3219 301
11431 4 2 1 1 3204 2979 2994 2980
11432 4 2 1 1 2994 3204 2980 3205
11433 4 2 1 1 3205 2980 2994 2995
11434 4 2 1 1 2994 3204 3205 3219
11435 4 2 1 1 2995 2994 3205 3219
11436 4 2 1 1 2995 3205 3220 3219
11437 4 2 1 1 3205 2980 2995 2981
11438 4 2 1 1 2995 3205 2981 3206
11439 4 2 1 1 3206 2981 2995 2996
11440 4 2 1 1 2995 3205 3206 3220
11441 4 2 1 1 2996 2995 3206 3220
11442 4 2 1 1 2996 3206 3221 3220
11443 4 2 1 1 3206 2981 2996 2982
11444 4 2 1 1 2996 3206 2982 3207
11445 4 2 1 1 3207 2982 2996 2997
11446 4 2 1 1 2996 3206 3207 3221
11447 4 2 1 1 2997 2996 3207 3221
11448 4 2 1 1 2997 3207 3222 3221
11449 4 2 1 1 3207 2982 2997 2983
11450 4 2 1 1 2997 3207 2983 3208
11451 4 2 1 1 3208 2983 2997 2998
11452 4 2 1 1 2997 3207 3208 3222
11453 4 2 1 1 2998 2997 3208 3222
11454 4 2 1 1 2998 3208 3223 3222
11455 4 2 1 1 3208 2983 2998 2984
11456 4 2 1 1 2998 3208 2984 3209
11457 4 2 1 1 3209 2984 2998 2999
11458 4 2 1 1 2998 3208 3209 3223
11459 4 2 1 1 2999 2998 3209 3223
11460 4 2 1 1 2999 3209 3224 3223
11461 4 2 1 1 3209 2984 2999 2985
11462 4 2 1 1 2999 3209 2985 3210
11463 4 2 1 1 3210 2985 2999 3000
11464 4 2 1 1 2999 3209 3210 3224
11465 4 2 1 1 3000 2999 3210 3224
11466 4 2 1 1 3000 3210 3225 3224
11467 4 2 1 1 3210 2985 3000 2986
11468 4 2 1 1 3000 3210 2986 3211
11469 4 2 1 1 3211 2986 3000 3001
11470 4 2 1 1 3000 3210 3211 3225
11471 4 2 1 1 3001 3000 3211 3225
11472 4 2 1 1 3001 3211 3226 3225
11473 4 2 1 1 3211 2986 3001 2987
11474 4 2 1 1 3001 3211 2987 3212
11475 4 2 1 1 3212 2987 3001 3002
11476 4 2 1 1 3001 3211 3212 3226
11477 4 2 1 1 3002 3001 3212 3226
11478 4 2 1 1 3002 3212 3227 3226
11479 4 2 1 1 3212 2987 3002 2988
11480 4 2 1 1 3002 3212 2988 3213
11481 4 2 1 1 3213 2988 3002 3003
11482 4 2 1 1 3002 3212 3213 3227
11483 4 2 1 1 3003 3002 3213 3227
11484 4 2 1 1 3003 3213 3228 3227
11485 4 2 1 1 3213 2988 3003 2989
11486 4 2 1 1 3003 3213 2989 3214
11487 4 2 1 1 3214 2989 3003 3004
11488 4 2 1 1 3003 3213 3214 3228
11489 4 2 1 1 3004 3003 3214 3228
11490 4 2 1 1 3004 3214 3229 3228
11491 4 2 1 1 3214 2989 3004 2990
11492 4 2 1 1 3004 3214 2990 3215
11493 4 2 1 1 3215 2990 3004 3005
11494 4 2 1 1 3004 3214 3215 3229
11495 4 2 1 1 3005 3004 3215 3229
11496 4 2 1 1 3005 3215 3230 3229
11497 4 2 1 1 3215 2990 3005 2991
11498 4 2 1 1 3005 3215 2991 3216
11499 4 2 1 1 3216 2991 3005 3006
11500 4 2 1 1 3005 3215 3216 3230
11501 4 2 1 1 3006 3005 3216 3230
11502 4 2 1 1 3006 3216 3231 3230
11503 4 2 1 1 3216 2991 3006 2992
11504 4 2 1 1 3006 3216 2992 3217
11505 4 2 1 1 3217 2992 3006 3007
11506 4 2 1 1 3006 3216 3217 3231
11507 4 2 1 1 3007 3006 3217 3231
11508 4 2 1 1 3007 3217 3232 3231
11509 4 2 1 1 3217 2992 3007 2993
11510 4 2 1 1 3007 3217 2993 3218
11511 4 2 1 1 3218 2993 3007 3008
11512 4 2 1 1 3007 3217 3218 3232
11513 4 2 1 1 3008 3007 3218 3232
11514 4 2 1 1 3008 3218 3233 3232
11515 4 2 1 1 3218 2993 3008 510
11516 4 2 1 1 3008 3218 510 525
11517 4 2 1 1 525 510 3008 511
11518 4 2 1 1 3008 3218 525 3233
11519 4 2 1 1 511 3008 525 3233
11520 4 2 1 1 511 525 526 3233
11521 4 2 1 1 301 286 287 2994
11522 4 2 1 1 287 301 2994 3219
11523 4 2 1 1 3219 2994 287 3009
11524 4 2 1 1 287 301 3219 302
11525 4 2 1 1 3009 287 3219 302
11526 4 2 1 1 3009 3219 3234 302
11527 4 2 1 1 3219 2994 3009 2995
11528 4 2 1 1 3009 3219 2995 3220
11529 4 2 1 1 3220 2995 3009 3010
11530 4 2 1 1 3009 3219 3220 3234
11531 4 2 1 1 3010 3009 3220 3234
11532 4 2 1 1 3010 3220 3235 3234
11533 4 2 1 1 3220 2995 3010 2996
11534 4 2 1 1 3010 3220 2996 3221
11535 4 2 1 1 3221 2996 3010 3011
11536 4 2 1 1 3010 3220 3221 3235
11537 4 2 1 1 3011 3010 3221 3235
11538 4 2 1 1 3011 3221 3236 3235
11539 4 2 1 1 3221 2996 3011 2997
11540 4 2 1 1 3011 3221 2997 3222
11541 4 2 1 1 3222 2997 3011 3012
11542 4 2 1 1 3011 3221 3222 3236
11543 4 2 1 1 3012 3011 3222 3236
11544 4 2 1 1 3012 3222 3237 3236
11545 4 2 1 1 3222 2997 3012 2998
11546 4 2 1 1 3012 3222 2998 3223
11547 4 2 1 1 3223 2998 3012 3013
11548 4 2 1 1 3012 3222 3223 3237
11549 4 2 1 1 3013 3012 3223 3237
11550 4 2 1 1 3013 3223 3238 3237
11551 4 2 1 1 3223 2998 3013 2999
11552 4 2 1 1 3013 3223 2999 3224
11553 4 2 1 1 3224 2999 3013 3014
11554 4 2 1 1 3013 3223 3224 3238
11555 4 2 1 1 3014 3013 3224 3238
11556 4 2 1 1 3014 3224 3239 3238
11557 4 2 1 1 3224 2999 3014 3000
11558 4 2 1 1 3014 3224 3000 3225
11559 4 2 1 1 3225 3000 3014 3015
11560 4 2 1 1 3014 3224 3225 3239
11561 4 2 1 1 3015 3014 3225 3239
11562 4 2 1 1 3015 3225 3240 3239
11563 4 2 1 1 3225 3000 3015 3001
11564 4 2 1 1 3015 3225 3001 3226
11565 4 2 1 1 3226 3001 3015 3016
11566 4 2 1 1 3015 3225 3226 3240
11567 4 2 1 1 3016 3015 3226 3240
11568 4 2 1 1 3016 3226 3241 3240
11569 4 2 1 1 3226 3001 3016 3002
11570 4 2 1 1 3016 3226 3002 3227
11571 4 2 1 1 3227 3002 3016 3017
11572 4 2 1 1 3016 3226 3227 3241
11573 4 2 1 1 3017 3016 3227 3241
11574 4 2 1 1 3017 3227 3242 3241
11575 4 2 1 1 3227 3002 3017 3003
11576 4 2 1 1 3017 3227 3003 3228
11577 4 2 1 1 3228 3003 3017 3018
11578 4 2 1 1 3017 3227 3228 3242
11579 4 2 1 1 3018 3017 3228 3242
11580 4 2 1 1 3018 3228 3243 3242
11581 4 2 1 1 3228 3003 3018 3004
11582 4 2 1 1 3018 3228 3004 3229
11583 4 2 1 1 3229 3004 3018 3019
11584 4 2 1 1 3018 3228 3229 3243
11585 4 2 1 1 3019 3018 3229 3243
11586 4 2 1 1 3019 3229 3244 3243
11587 4 2 1 1 3229 3004 3019 3005
11588 4 2 1 1 3019 3229 3005 3230
11589 4 2 1 1 3230 3005 3019 3020
11590 4 2 1 1 3019 3229 3230 3244
11591 4 2 1 1 3020 3019 3230 3244
11592 4 2 1 1 3020 3230 3245 3244
11593 4 2 1 1 3230 3005 3020 3006
11594 4 2 1 1 3020 3230 3006 3231
11595 4 2 1 1 3231 3006 3020 3021
11596 4 2 1 1 3020 3230 3231 3245
11597 4 2 1 1 3021 3020 3231 3245
11598 4 2 1 1 3021 3231 3246 3245
11599 4 2 1 1 3231 3006 3021 3007
11600 4 2 1 1 3021 3231 3007 3232
11601 4 2 1 1 3232 3007 3021 3022
11602 4 2 1 1 3021 3231 3232 3246
11603 4 2 1 1 3022 3021 3232 3246
11604 4 2 1 1 3022 3232 3247 3246
11605 4 2 1 1 3232 3007 3022 3008
11606 4 2 1 1 3022 3232 3008 3233
11607 4 2 1 1 3233 3008 3022 3023
11608 4 2 1 1 3022 3232 3233 3247
11609 4 2 1 1 3023 3022 3233 3247
11610 4 2 1 1 3023 3233 3248 3247
11611 4 2 1 1 3233 3008 3023 511
11612 4 2 1 1 3023 3233 511 526
11613 4 2 1 1 526 511 3023 512
11614 4 2 1 1 3023 3233 526 3248
11615 4 2 1 1 512 3023 526 3248
11616 4 2 1 1 512 526 527 3248
11617 4 2 1 1 302 287 288 3009
11618 4 2 1 1 288 302 3009 3234
11619 4 2 1 1 3234 3009 288 3024
11620 4 2 1 1 288 302 3234 303
11621 4 2 1 1 3024 288 3234 303
11622 4 2 1 1 3024 3234 3249 303
11623 4 2 1 1 3234 3009 3024 3010
11624 4 2 1 1 3024 3234 3010 3235
11625 4 2 1 1 3235 3010 3024 3025
11626 4 2 1 1 3024 3234 3235 3249
11627 4 2 1 1 3025 3024 3235 3249
11628 4 2 1 1 3025 3235 3250 3249
11629 4 2 1 1 3235 3010 3025 3011
11630 4 2 1 1 3025 3235 3011 3236
11631 4 2 1 1 3236 3011 3025 3026
11632 4 2 1 1 3025 3235 3236 3250
11633 4 2 1 1 3026 3025 3236 3250
11634 4 2 1 1 3026 3236 3251 3250
11635 4 2 1 1 3236 3011 3026 3012
11636 4 2 1 1 3026 3236 3012 3237
11637 4 2 1 1 3237 3012 3026 3027
11638 4 2 1 1 3026 3236 3237 3251
11639 4 2 1 1 3027 3026 3237 3251
11640 4 2 1 1 3027 3237 3252 3251
11641 4 2 1 1 3237 3012 3027 3013
11642 4 2 1 1 3027 3237 3013 3238
11643 4 2 1 1 3238 3013 3027 3028
11644 4 2 1 1 3027 3237 3238 3252
11645 4 2 1 1 3028 3027 3238 3252
11646 4 2 1 1 3028 3238 3253 3252
11647 4 2 1 1 3238 3013 3028 3014
11648 4 2 1 1 3028 3238 3014 3239
11649 4 2 1 1 3239 3014 3028 3029
11650 4 2 1 1 3028 3238 3239 3253
11651 4 2 1 1 3029 3028 3239 3253
11652 4 2 1 1 3029 3239 3254 3253
11653 4 2 1 1 3239 3014 3029 3015
11654 4 2 1 1 3029 3239 3015 3240
11655 4 2 1 1 3240 3015 3029 3030
11656 4 2 1 1 3029 3239 3240 3254
11657 4 2 1 1 3030 3029 3240 3254
11658 4 2 1 1 3030 3240 3255 3254
11659 4 2 1 1 3240 3015 3030 3016
11660 4 2 1 1 3030 3240 3016 3241
11661 4 2 1 1 3241 3016 3030 3031
11662 4 2 1 1 3030 3240 3241 3255
11663 4 2 1 1 3031 3030 3241 3255
11664 4 2 1 1 3031 3241 3256 3255
11665 4 2 1 1 3241 3016 3031 3017
11666 4 2 1 1 3031 3241 3017 3242
11667 4 2 1 1 3242 3017 3031 3032
11668 4 2 1 1 3031 3241 3242 3256
11669 4 2 1 1 3032 3031 3242 3256
11670 4 2 1 1 3032 3242 3257 3256
11671 4 2 1 1 3242 3017 3032 3018
11672 4 2 1 1 3032 3242 3018 3243
11673 4 2 1 1 3243 3018 3032 3033
11674 4 2 1 1 3032 3242 3243 3257
11675 4 2 1 1 3033 3032 3243 3257
11676 4 2 1 1 3033 3243 3258 3257
11677 4 2 1 1 3243 3018 3033 3019
11678 4 2 1 1 3033 3243 3019 3244
11679 4 2 1 1 3244 3019 3033 3034
11680 4 2 1 1 3033 3243 3244 3258
11681 4 2 1 1 3034 3033 3244 3258
11682 4 2 1 1 3034 3244 3259 3258
11683 4 2 1 1 3244 3019 3034 3020
11684 4 2 1 1 3034 3244 3020 3245
11685 4 2 1 1 3245 3020 3034 3035
11686 4 2 1 1 3034 3244 3245 3259
11687 4 2 1 1 3035 3034 3245 3259
11688 4 2 1 1 3035 3245 3260 3259
11689 4 2 1 1 3245 3020 3035 3021
11690 4 2 1 1 3035 3245 3021 3246
11691 4 2 1 1 3246 3021 3035 3036
11692 4 2 1 1 3035 3245 3246 3260
11693 4 2 1 1 3036 3035 3246 3260
11694 4 2 1 1 3036 3246 3261 3260
11695 4 2 1 1 3246 3021 3036 3022
11696 4 2 1 1 3036 3246 3022 3247
11697 4 2 1 1 3247 3022 3036 3037
11698 4 2 1 1 3036 3246 3247 3261
11699 4 2 1 1 3037 3036 3247 3261
11700 4 2 1 1 3037 3247 3262 3261
11701 4 2 1 1 3247 3022 3037 3023
11702 4 2 1 1 3037 3247 3023 3248
11703 4 2 1 1 3248 3023 3037 3038
11704 4 2 1 1 3037 3247 3248 3262
11705 4 2 1 1 3038 3037 3248 3262
11706 4 2 1 1 3038 3248 3263 3262
11707 4 2 1 1 3248 3023 3038 512
11708 4 2 1 1 3038 3248 512 527
11709 4 2 1 1 527 512 3038 513
11710 4 2 1 1 3038 3248 527 3263
11711 4 2 1 1 513 3038 527 3263
11712 4 2 1 1 513 527 528 3263
11713 4 2 1 1 303 288 289 3024
11714 4 2 1 1 289 303 3024 3249
11715 4 2 1 1 3249 3024 289 3039
11716 4 2 1 1 289 303 3249 304
11717 4 2 1 1 3039 289 3249 304
11718 4 2 1 1 3039 3249 3264 304
11719 4 2 1 1 3249 3024 3039 3025
11720 4 2 1 1 3039 3249 3025 3250
11721 4 2 1 1 3250 3025 3039 3040
11722 4 2 1 1 3039 3249 3250 3264
11723 4 2 1 1 3040 3039 3250 3264
11724 4 2 1 1 3040 3250 3265 3264
11725 4 2 1 1 3250 3025 3040 3026
11726 4 2 1 1 3040 3250 3026 3251
11727 4 2 1 1 3251 3026 3040 3041
11728 4 2 1 1 3040 3250 3251 3265
11729 4 2 1 1 3041 3040 3251 3265
11730 4 2 1 1 3041 3251 3266 3265
11731 4 2 1 1 3251 3026 3041 3027
11732 4 2 1 1 3041 3251 3027 3252
11733 4 2 1 1 3252 3027 3041 3042
11734 4 2 1 1 3041 3251 3252 3266
11735 4 2 1 1 3042 3041 3252 3266
11736 4 2 1 1 3042 3252 3267 3266
11737 4 2 1 1 3252 3027 3042 3028
11738 4 2 1 1 3042 3252 3028 3253
11739 4 2 1 1 3253 3028 3042 3043
11740 4 2 1 1 3042 3252 3253 3267
11741 4 2 1 1 3043 3042 3253 3267
11742 4 2 1 1 3043 3253 3268 3267
11743 4 2 1 1 3253 3028 3043 3029
11744 4 2 1 1 3043 3253 3029 3254
11745 4 2 1 1 3254 3029 3043 3044
11746 4 2 1 1 3043 3253 3254 3268
11747 4 2 1 1 3044 3043 3254 3268
11748 4 2 1 1 3044 3254 3269 3268
11749 4 2 1 1 3254 3029 3044 3030
11750 4 2 1 1 3044 3254 3030 3255
11751 4 2 1 1 3255 3030 3044 3045
11752 4 2 1 1 3044 3254 3255 3269
11753 4 2 1 1 3045 3044 3255 3269
11754 4 2 1 1 3045 3255 3270 3269
11755 4 2 1 1 3255 3030 3045 3031
11756 4 2 1 1 3045 3255 3031 3256
11757 4 2 1 1 3256 3031 3045 3046
11758 4 2 1 1 3045 3255 3256 3270
11759 4 2 1 1 3046 3045 3256 3270
11760 4 2 1 1 3046 3256 3271 3270
11761 4 2 1 1 3256 3031 3046 3032
11762 4 2 1 1 3046 3256 3032 3257
11763 4 2 1 1 3257 3032 3046 3047
11764 4 2 1 1 3046 3256 3257 3271
11765 4 2 1 1 3047 3046 3257 3271
11766 4 2 1 1 3047 3257 3272 3271
11767 4 2 1 1 3257 3032 3047 3033
11768 4 2 1 1 3047 3257 3033 3258
11769 4 2 1 1 3258 3033 3047 3048
11770 4 2 1 1 3047 3257 3258 3272
11771 4 2 1 1 3048 3047 3258 3272
11772 4 2 1 1 3048 3258 3273 3272
11773 4 2 1 1 3258 3033 3048 3034
11774 4 2 1 1 3048 3258 3034 3259
11775 4 2 1 1 3259 3034 3048 3049
11776 4 2 1 1 3048 3258 3259 3273
11777 4 2 1 1 3049 3048 3259 3273
11778 4 2 1 1 3049 3259 3274 3273
11779 4 2 1 1 3259 3034 3049 3035
11780 4 2 1 1 3049 3259 3035 3260
11781 4 2 1 1 3260 3035 3049 3050
11782 4 2 1 1 3049 3259 3260 3274
11783 4 2 1 1 3050 3049 3260 3274
11784 4 2 1 1 3050 3260 3275 3274
11785 4 2 1 1 3260 3035 3050 3036
11786 4 2 1 1 3050 3260 3036 3261
11787 4 2 1 1 3261 3036 3050 3051
11788 4 2 1 1 3050 3260 3261 3275
11789 4 2 1 1 3051 3050 3261 3275
11790 4 2 1 1 3051 3261 3276 3275
11791 4 2 1 1 3261 3036 3051 3037
11792 4 2 1 1 3051 3261 3037 3262
11793 4 2 1 1 3262 3037 3051 3052
11794 4 2 1 1 3051 3261 3262 3276
11795 4 2 1 1 3052 3051 3262 3276
11796 4 2 1 1 3052 3262 3277 3276
11797 4 2 1 1 3262 3037 3052 3038
11798 4 2 1 1 3052 3262 3038 3263
11799 4 2 1 1 3263 3038 3052 3053
11800 4 2 1 1 3052 3262 3263 3277
11801 4 2 1 1 3053 3052 3263 3277
11802 4 2 1 1 3053 3263 3278 3277
11803 4 2 1 1 3263 3038 3053 513
11804 4 2 1 1 3053 3263 513 528
11805 4 2 1 1 528 513 3053 514
11806 4 2 1 1 3053 3263 528 3278
11807 4 2 1 1 514 3053 528 3278
11808 4 2 1 1 514 528 529 3278
11809 4 2 1 1 304 289 290 3039
11810 4 2 1 1 290 304 3039 3264
11811 4 2 1 1 3264 3039 290 3054
11812 4 2 1 1 290 304 3264 305
11813 4 2 1 1 3054 290 3264 305
11814 4 2 1 1 3054 3264 3279 305
11815 4 2 1 1 3264 3039 3054 3040
11816 4 2 1 1 3054 3264 3040 3265
11817 4 2 1 1 3265 3040 3054 3055
11818 4 2 1 1 3054 3264 3265 3279
11819 4 2 1 1 3055 3054 3265 3279
11820 4 2 1 1 3055 3265 3280 3279
11821 4 2 1 1 3265 3040 3055 3041
11822 4 2 1 1 3055 3265 3041 3266
11823 4 2 1 1 3266 3041 3055 3056
11824 4 2 1 1 3055 3265 3266 3280
11825 4 2 1 1 3056 3055 3266 3280
11826 4 2 1 1 3056 3266 3281 3280
11827 4 2 1 1 3266 3041 3056 3042
11828 4 2 1 1 3056 3266 3042 3267
11829 4 2 1 1 3267 3042 3056 3057
11830 4 2 1 1 3056 3266 3267 3281
11831 4 2 1 1 3057 3056 3267 3281
11832 4 2 1 1 3057 3267 3282 3281
11833 4 2 1 1 3267 3042 3057 3043
11834 4 2 1 1 3057 3267 3043 3268
11835 4 2 1 1 3268 3043 3057 3058
11836 4 2 1 1 3057 3267 3268 3282
11837 4 2 1 1 3058 3057 3268 3282
11838 4 2 1 1 3058 3268 3283 3282
11839 4 2 1 1 3268 3043 3058 3044
11840 4 2 1 1 3058 3268 3044 3269
11841 4 2 1 1 3269 3044 3058 3059
11842 4 2 1 1 3058 3268 3269 3283
11843 4 2 1 1 3059 3058 3269 3283
11844 4 2 1 1 3059 3269 3284 3283
11845 4 2 1 1 3269 3044 3059 3045
11846 4 2 1 1 3059 3269 3045 3270
11847 4 2 1 1 3270 3045 3059 3060
11848 4 2 1 1 3059 3269 3270 3284
11849 4 2 1 1 3060 3059 3270 3284
11850 4 2 1 1 3060 3270 3285 3284
11851 4 2 1 1 3270 3045 3060 3046
11852 4 2 1 1 3060 3270 3046 3271
11853 4 2 1 1 3271 3046 3060 3061
11854 4 2 1 1 3060 3270 3271 3285
11855 4 2 1 1 3061 3060 3271 3285
11856 4 2 1 1 3061 3271 3286 3285
11857 4 2 1 1 3271 3046 3061 3047
11858 4 2 1 1 3061 3271 3047 3272
11859 4 2 1 1 3272 3047 3061 3062
11860 4 2 1 1 3061 3271 3272 3286
11861 4 2 1 1 3062 3061 3272 3286
11862 4 2 1 1 3062 3272 3287 3286
11863 4 2 1 1 3272 3047 3062 3048
11864 4 2 1 1 3062 3272 3048 3273
11865 4 2 1 1 3273 3048 3062 3063
11866 4 2 1 1 3062 3272 3273 3287
11867 4 2 1 1 3063 3062 3273 3287
11868 4 2 1 1 3063 3273 3288 3287
11869 4 2 1 1 3273 3048 3063 3049
11870 4 2 1 1 3063 3273 3049 3274
11871 4 2 1 1 3274 3049 3063 3064
11872 4 2 1 1 3063 3273 3274 3288
11873 4 2 1 1 3064 3063 3274 3288
11874 4 2 1 1 3064 3274 3289 3288
11875 4 2 1 1 3274 3049 3064 3050
11876 4 2 1 1 3064 3274 3050 3275
11877 4 2 1 1 3275 3050 3064 3065
11878 4 2 1 1 3064 3274 3275 3289
11879 4 2 1 1 3065 3064 3275 3289
11880 4 2 1 1 3065 3275 3290 3289
11881 4 2 1 1 3275 3050 3065 3051
11882 4 2 1 1 3065 3275 3051 3276
11883 4 2 1 1 3276 3051 3065 3066
11884 4 2 1 1 3065 3275 3276 3290
11885 4 2 1 1 3066 3065 3276 3290
11886 4 2 1 1 3066 3276 3291 3290
11887 4 2 1 1 3276 3051 3066 3052
11888 4 2 1 1 3066 3276 3052 3277
11889 4 2 1 1 3277 3052 3066 3067
11890 4 2 1 1 3066 3276 3277 3291
11891 4 2 1 1 3067 3066 3277 3291
11892 4 2 1 1 3067 3277 3292 3291
11893 4 2 1 1 3277 3052 3067 3053
11894 4 2 1 1 3067 3277 3053 3278
11895 4 2 1 1 3278 3053 3067 3068
11896 4 2 1 1 3067 3277 3278 3292
11897 4 2 1 1 3068 3067 3278 3292
11898 4 2 1 1 3068 3278 3293 3292
11899 4 2 1 1 3278 3053 3068 514
11900 4 2 1 1 3068 3278 514 529
11901 4 2 1 1 529 514 3068 515
11902 4 2 1 1 3068 3278 529 3293
11903 4 2 1 1 515 3068 529 3293
11904 4 2 1 1 515 529 530 3293
11905 4 2 1 1 305 290 291 3054
11906 4 2 1 1 291 305 3054 3279
11907 4 2 1 1 3279 3054 291 3069
11908 4 2 1 1 291 305 3279 306
11909 4 2 1 1 3069 291 3279 306
11910 4 2 1 1 3069 3279 3294 306
11911 4 2 1 1 3279 3054 3069 3055
11912 4 2 1 1 3069 3279 3055 3280
11913 4 2 1 1 3280 3055 3069 3070
11914 4 2 1 1 3069 3279 3280 3294
11915 4 2 1 1 3070 3069 3280 3294
11916 4 2 1 1 3070 3280 3295 3294
11917 4 2 1 1 3280 3055 3070 3056
11918 4 2 1 1 3070 3280 3056 3281
11919 4 2 1 1 3281 3056 3070 3071
11920 4 2 1 1 3070 3280 3281 3295
11921 4 2 1 1 3071 3070 3281 3295
11922 4 2 1 1 3071 3281 3296 3295
11923 4 2 1 1 3281 3056 3071 3057
11924 4 2 1 1 3071 3281 3057 3282
11925 4 2 1 1 3282 3057 3071 3072
11926 4 2 1 1 3071 3281 3282 3296
11927 4 2 1 1 3072 3071 3282 3296
11928 4 2 1 1 3072 3282 3297 3296
11929 4 2 1 1 3282 3057 3072 3058
11930 4 2 1 1 3072 3282 3058 3283
11931 4 2 1 1 3283 3058 3072 3073
11932 4 2 1 1 3072 3282 3283 3297
11933 4 2 1 1 3073 3072 3283 3297
11934 4 2 1 1 3073 3283 3298 3297
11935 4 2 1 1 3283 3058 3073 3059
11936 4 2 1 1 3073 3283 3059 3284
11937 4 2 1 1 3284 3059 3073 3074
11938 4 2 1 1 3073 3283 3284 3298
11939 4 2 1 1 3074 3073 3284 3298
11940 4 2 1 1 3074 3284 3299 3298
11941 4 2 1 1 3284 3059 3074 3060
11942 4 2 1 1 3074 3284 3060 3285
11943 4 2 1 1 3285 3060 3074 3075
11944 4 2 1 1 3074 3284 3285 3299
11945 4 2 1 1 3075 3074 3285 3299
11946 4 2 1 1 3075 3285 3300 3299
11947 4 2 1 1 3285 3060 3075 3061
11948 4 2 1 1 3075 3285 3061 3286
11949 4 2 1 1 3286 3061 3075 3076
11950 4 2 1 1 3075 3285 3286 3300
11951 4 2 1 1 3076 3075 3286 3300
11952 4 2 1 1 3076 3286 3301 3300
11953 4 2 1 1 3286 3061 3076 3062
11954 4 2 1 1 3076 3286 3062 3287
11955 4 2 1 1 3287 3062 3076 3077
11956 4 2 1 1 3076 3286 3287 3301
11957 4 2 1 1 3077 3076 3287 3301
11958 4 2 1 1 3077 3287 3302 3301
11959 4 2 1 1 3287 3062 3077 3063
11960 4 2 1 1 3077 3287 3063 3288
11961 4 2 1 1 3288 3063 3077 3078
11962 4 2 1 1 3077 3287 3288 3302
11963 4 2 1 1 3078 3077 3288 3302
11964 4 2 1 1 3078 3288 3303 3302
11965 4 2 1 1 3288 3063 3078 3064
11966 4 2 1 1 3078 3288 3064 3289
11967 4 2 1 1 3289 3064 3078 3079
11968 4 2 1 1 3078 3288 3289 3303
11969 4 2 1 1 3079 3078 3289 3303
11970 4 2 1 1 3079 3289 3304 3303
11971 4 2 1 1 3289 3064 3079 3065
11972 4 2 1 1 3079 3289 3065 3290
11973 4 2 1 1 3290 3065 3079 3080
11974 4 2 1 1 3079 3289 3290 3304
11975 4 2 1 1 3080 3079 3290 3304
11976 4 2 1 1 3080 3290 3305 3304
11977 4 2 1 1 3290 3065 3080 3066
11978 4 2 1 1 3080 3290 3066 3291
11979 4 2 1 1 3291 3066 3080 3081
11980 4 2 1 1 3080 3290 3291 3305
11981 4 2 1 1 3081 3080 3291 3305
11982 4 2 1 1 3081 3291 3306 3305
11983 4 2 1 1 3291 3066 3081 3067
11984 4 2 1 1 3081 3291 3067 3292
11985 4 2 1 1 3292 3067 3081 3082
11986 4 2 1 1 3081 3291 3292 3306
11987 4 2 1 1 3082 3081 3292 3306
11988 4 2 1 1 3082 3292 3307 3306
11989 4 2 1 1 3292 3067 3082 3068
11990 4 2 1 1 3082 3292 3068 3293
11991 4 2 1 1 3293 3068 3082 3083
11992 4 2 1 1 3082 3292 3293 3307
11993 4 2 1 1 3083 3082 3293 3307
11994 4 2 1 1 3083 3293 3308 3307
11995 4 2 1 1 3293 3068 3083 515
11996 4 2 1 1 3083 3293 515 530
11997 4 2 1 1 530 515 3083 516
11998 4 2 1 1 3083 3293 530 3308
11999 4 2 1 1 516 3083 530 3308
12000 4 2 1 1 516 530 531 3308
12001 4 2 1 1 306 291 292 3069
12002 4 2 1 1 292 306 3069 3294
12003 4 2 1 1 3294 3069 292 3084
12004 4 2 1 1 292 306 3294 307
12005 4 2 1 1 3084 292 3294 307
12006 4 2 1 1 3084 3294 3309 307
12007 4 2 1 1 3294 3069 3084 3070
12008 4 2 1 1 3084 3294 3070 3295
12009 4 2 1 1 3295 3070 3084 3085
12010 4 2 1 1 3084 3294 3295 3309
12011 4 2 1 1 3085 3084 3295 3309
12012 4 2 1 1 3085 3295 3310 3309
12013 4 2 1 1 3295 3070 3085 3071
12014 4 2 1 1 3085 3295 3071 3296
12015 4 2 1 1 3296 3071 3085 3086
12016 4 2 1 1 3085 3295 3296 3310
12017 4 2 1 1 3086 3085 3296 3310
12018 4 2 1 1 3086 3296 3311 3310
12019 4 2 1 1 3296 3071 3086 3072
12020 4 2 1 1 3086 3296 3072 3297
12021 4 2 1 1 3297 3072 3086 3087
12022 4 2 1 1 3086 3296 3297 3311
12023 4 2 1 1 3087 3086 3297 3311
12024 4 2 1 1 3087 3297 3312 3311
12025 4 2 1 1 3297 3072 3087 3073
12026 4 2 1 1 3087 3297 3073 3298
12027 4 2 1 1 3298 3073 3087 3088
12028 4 2 1 1 3087 3297 3298 3312
12029 4 2 1 1 3088 3087 3298 3312
12030 4 2 1 1 3088 3298 3313 3312
12031 4 2 1 1 3298 3073 3088 3074
12032 4 2 1 1 3088 3298 3074 3299
12033 4 2 1 1 3299 3074 3088 3089
12034 4 2 1 1 3088 3298 3299 3313
12035 4 2 1 1 3089 3088 3299 3313
12036 4 2 1 1 3089 3299 3314 3313
12037 4 2 1 1 3299 3074 3089 3075
12038 4 2 1 1 3089 3299 3075 3300
12039 4 2 1 1 3300 3075 3089 3090
12040 4 2 1 1 3089 3299 3300 3314
12041 4 2 1 1 3090 3089 3300 3314
12042 4 2 1 1 3090 3300 3315 3314
12043 4 2 1 1 3300 3075 3090 3076
12044 4 2 1 1 3090 3300 3076 3301
12045 4 2 1 1 3301 3076 3090 3091
12046 4 2 1 1 3090 3300 3301 3315
12047 4 2 1 1 3091 3090 3301 3315
12048 4 2 1 1 3091 3301 3316 3315
12049 4 2 1 1 3301 3076 3091 3077
12050 4 2 1 1 3091 3301 3077 3302
12051 4 2 1 1 3302 3077 3091 3092
12052 4 2 1 1 3091 3301 3302 3316
12053 4 2 1 1 3092 3091 3302 3316
12054 4 2 1 1 3092 3302 3317 3316
12055 4 2 1 1 3302 3077 3092 3078
12056 4 2 1 1 3092 3302 3078 3303
12057 4 2 1 1 3303 3078 3092 3093
12058 4 2 1 1 3092 3302 3303 3317
12059 4 2 1 1 3093 3092 3303 3317
12060 4 2 1 1 3093 3303 3318 3317
12061 4 2 1 1 3303 3078 3093 3079
12062 4 2 1 1 3093 3303 3079 3304
12063 4 2 1 1 3304 3079 3093 3094
12064 4 2 1 1 3093 3303 3304 3318
12065 4 2 1 1 3094 3093 3304 3318
12066 4 2 1 1 3094 3304 3319 3318
12067 4 2 1 1 3304 3079 3094 3080
12068 4 2 1 1 3094 3304 3080 3305
12069 4 2 1 1 3305 3080 3094 3095
12070 4 2 1 1 3094 3304 3305 3319
12071 4 2 1 1 3095 3094 3305 3319
12072 4 2 1 1 3095 3305 3320 3319
12073 4 2 1 1 3305 3080 3095 3081
12074 4 2 1 1 3095 3305 3081 3306
12075 4 2 1 1 3306 3081 3095 3096
12076 4 2 1 1 3095 3305 3306 3320
12077 4 2 1 1 3096 3095 3306 3320
12078 4 2 1 1 3096 3306 3321 3320
12079 4 2 1 1 3306 3081 3096 3082
12080 4 2 1 1 3096 3306 3082 3307
12081 4 2 1 1 3307 3082 3096 3097
12082 4 2 1 1 3096 3306 3307 3321
12083 4 2 1 1 3097 3096 3307 3321
12084 4 2 1 1 3097 3307 3322 3321
12085 4 2 1 1 3307 3082 3097 3083
12086 4 2 1 1 3097 3307 3083 3308
12087 4 2 1 1 3308 3083 3097 3098
12088 4 2 1 1 3097 3307 3308 3322
12089 4 2 1 1 3098 3097 3308 3322
12090 4 2 1 1 3098 3308 3323 3322
12091 4 2 1 1 3308 3083 3098 516
12092 4 2 1 1 3098 3308 516 531
12093 4 2 1 1 531 516 3098 517
12094 4 2 1 1 3098 3308 531 3323
12095 4 2 1 1 517 3098 531 3323
12096 4 2 1 1 517 531 532 3323
12097 4 2 1 1 307 292 293 3084
12098 4 2 1 1 293 307 3084 3309
12099 4 2 1 1 3309 3084 293 3099
12100 4 2 1 1 293 307 3309 308
12101 4 2 1 1 3099 293 3309 308
12102 4 2 1 1 3099 3309 3324 308
12103 4 2 1 1 3309 3084 3099 3085
12104 4 2 1 1 3099 3309 3085 3310
12105 4 2 1 1 3310 3085 3099 3100
12106 4 2 1 1 3099 3309 3310 3324
12107 4 2 1 1 3100 3099 3310 3324
12108 4 2 1 1 3100 3310 3325 3324
12109 4 2 1 1 3310 3085 3100 3086
12110 4 2 1 1 3100 3310 3086 3311
12111 4 2 1 1 3311 3086 3100 3101
12112 4 2 1 1 3100 3310 3311 3325
12113 4 2 1 1 3101 3100 3311 3325
12114 4 2 1 1 3101 3311 3326 3325
12115 4 2 1 1 3311 3086 3101 3087
12116 4 2 1 1 3101 3311 3087 3312
12117 4 2 1 1 3312 3087 3101 3102
12118 4 2 1 1 3101 3311 3312 3326
12119 4 2 1 1 3102 3101 3312 3326
12120 4 2 1 1 3102 3312 3327 3326
12121 4 2 1 1 3312 3087 3102 3088
12122 4 2 1 1 3102 3312 3088 3313
12123 4 2 1 1 3313 3088 3102 3103
12124 4 2 1 1 3102 3312 3313 3327
12125 4 2 1 1 3103 3102 3313 3327
12126 4 2 1 1 3103 3313 3328 3327
12127 4 2 1 1 3313 3088 3103 3089
12128 4 2 1 1 3103 3313 3089 3314
12129 4 2 1 1 3314 3089 3103 3104
12130 4 2 1 1 3103 3313 3314 3328
12131 4 2 1 1 3104 3103 3314 3328
12132 4 2 1 1 3104 3314 3329 3328
12133 4 2 1 1 3314 3089 3104 3090
12134 4 2 1 1 3104 3314 3090 3315
12135 4 2 1 1 3315 3090 3104 3105
12136 4 2 1 1 3104 3314 3315 3329
12137 4 2 1 1 3105 3104 3315 3329
12138 4 2 1 1 3105 3315 3330 3329
12139 4 2 1 1 3315 3090 3105 3091
12140 4 2 1 1 3105 3315 3091 3316
12141 4 2 1 1 3316 3091 3105 3106
12142 4 2 1 1 3105 3315 3316 3330
12143 4 2 1 1 3106 3105 3316 3330
12144 4 2 1 1 3106 3316 3331 3330
12145 4 2 1 1 3316 3091 3106 3092
12146 4 2 1 1 3106 3316 3092 3317
12147 4 2 1 1 3317 3092 3106 3107
12148 4 2 1 1 3106 3316 3317 3331
12149 4 2 1 1 3107 3106 3317 3331
12150 4 2 1 1 3107 3317 3332 3331
12151 4 2 1 1 3317 3092 3107 3093
12152 4 2 1 1 3107 3317 3093 3318
12153 4 2 1 1 3318 3093 3107 3108
12154 4 2 1 1 3107 3317 3318 3332
12155 4 2 1 1 3108 3107 3318 3332
12156 4 2 1 1 3108 3318 3333 3332
12157 4 2 1 1 3318 3093 3108 3094
12158 4 2 1 1 3108 3318 3094 3319
12159 4 2 1 1 3319 3094 3108 3109
12160 4 2 1 1 3108 3318 3319 3333
12161 4 2 1 1 3109 3108 3319 3333
12162 4 2 1 1 3109 3319 3334 3333
12163 4 2 1 1 3319 3094 3109 3095
12164 4 2 1 1 3109 3319 3095 3320
12165 4 2 1 1 3320 3095 3109 3110
12166 4 2 1 1 3109 3319 3320 3334
12167 4 2 1 1 3110 3109 3320 3334
12168 4 2 1 1 3110 3320 3335 3334
12169 4 2 1 1 3320 3095 3110 3096
12170 4 2 1 1 3110 3320 3096 3321
12171 4 2 1 1 3321 3096 3110 3111
12172 4 2 1 1 3110 3320 3321 3335
12173 4 2 1 1 3111 3110 3321 3335
12174 4 2 1 1 3111 3321 3336 3335
12175 4 2 1 1 3321 3096 3111 3097
12176 4 2 1 1 3111 3321 3097 3322
12177 4 2 1 1 3322 3097 3111 3112
12178 4 2 1 1 3111 3321 3322 3336
12179 4 2 1 1 3112 3111 3322 3336
12180 4 2 1 1 3112 3322 3337 3336
12181 4 2 1 1 3322 3097 3112 3098
12182 4 2 1 1 3112 3322 3098 3323
12183 4 2 1 1 3323 3098 3112 3113
12184 4 2 1 1 3112 3322 3323 3337
12185 4 2 1 1 3113 3112 3323 3337
12186 4 2 1 1 3113 3323 3338 3337
12187 4 2 1 1 3323 3098 3113 517
12188 4 2 1 1 3113 3323 517 532
12189 4 2 1 1 532 517 3113 518
12190 4 2 1 1 3113 3323 532 3338
12191 4 2 1 1 518 3113 532 3338
12192 4 2 1 1 518 532 533 3338
12193 4 2 1 1 308 293 45 3099
12194 4 2 1 1 45 308 3099 3324
12195 4 2 1 1 3324 3099 45 870
12196 4 2 1 1 45 308 3324 46
12197 4 2 1 1 870 45 3324 46
12198 4 2 1 1 870 3324 871 46
12199 4 2 1 1 3324 3099 870 3100
12200 4 2 1 1 870 3324 3100 3325
12201 4 2 1 1 3325 3100 870 885
12202 4 2 1 1 870 3324 3325 871
12203 4 2 1 1 885 870 3325 871
12204 4 2 1 1 885 3325 886 871
12205 4 2 1 1 3325 3100 885 3101
12206 4 2 1 1 885 3325 3101 3326
12207 4 2 1 1 3326 3101 885 900
12208 4 2 1 1 885 3325 3326 886
12209 4 2 1 1 900 885 3326 886
12210 4 2 1 1 900 3326 901 886
12211 4 2 1 1 3326 3101 900 3102
12212 4 2 1 1 900 3326 3102 3327
12213 4 2 1 1 3327 3102 900 915
12214 4 2 1 1 900 3326 3327 901
12215 4 2 1 1 915 900 3327 901
12216 4 2 1 1 915 3327 916 901
12217 4 2 1 1 3327 3102 915 3103
12218 4 2 1 1 915 3327 3103 3328
12219 4 2 1 1 3328 3103 915 930
12220 4 2 1 1 915 3327 3328 916
12221 4 2 1 1 930 915 3328 916
12222 4 2 1 1 930 3328 931 916
12223 4 2 1 1 3328 3103 930 3104
12224 4 2 1 1 930 3328 3104 3329
12225 4 2 1 1 3329 3104 930 945
12226 4 2 1 1 930 3328 3329 931
12227 4 2 1 1 945 930 3329 931
12228 4 2 1 1 945 3329 946 931
12229 4 2 1 1 3329 3104 945 3105
12230 4 2 1 1 945 3329 3105 3330
12231 4 2 1 1 3330 3105 945 960
12232 4 2 1 1 945 3329 3330 946
12233 4 2 1 1 960 945 3330 946
12234 4 2 1 1 960 3330 961 946
12235 4 2 1 1 3330 3105 960 3106
12236 4 2 1 1 960 3330 3106 3331
12237 4 2 1 1 3331 3106 960 975
12238 4 2 1 1 960 3330 3331 961
12239 4 2 1 1 975 960 3331 961
12240 4 2 1 1 975 3331 976 961
12241 4 2 1 1 3331 3106 975 3107
12242 4 2 1 1 975 3331 3107 3332
12243 4 2 1 1 3332 3107 975 990
12244 4 2 1 1 975 3331 3332 976
12245 4 2 1 1 990 975 3332 976
12246 4 2 1 1 990 3332 991 976
12247 4 2 1 1 3332 3107 990 3108
12248 4 2 1 1 990 3332 3108 3333
12249 4 2 1 1 3333 3108 990 1005
12250 4 2 1 1 990 3332 3333 991
12251 4 2 1 1 1005 990 3333 991
12252 4 2 1 1 1005 3333 1006 991
12253 4 2 1 1 3333 3108 1005 3109
12254 4 2 1 1 1005 3333 3109 3334
12255 4 2 1 1 3334 3109 1005 1020
12256 4 2 1 1 1005 3333 3334 1006
12257 4 2 1 1 1020 1005 3334 1006
12258 4 2 1 1 1020 3334 1021 1006
12259 4 2 1 1 3334 3109 1020 3110
12260 4 2 1 1 1020 3334 3110 3335
12261 4 2 1 1 3335 3110 1020 1035
12262 4 2 1 1 1020 3334 3335 1021
12263 4 2 1 1 1035 1020 3335 1021
12264 4 2 1 1 1035 3335 1036 1021
12265 4 2 1 1 3335 3110 1035 3111
12266 4 2 1 1 1035 3335 3111 3336
12267 4 2 1 1 3336 3111 1035 1050
12268 4 2 1 1 1035 3335 3336 1036
12269 4 2 1 1 1050 1035 3336 1036
12270 4 2 1 1 1050 3336 1051 1036
12271 4 2 1 1 3336 3111 1050 3112
12272 4 2 1 1 1050 3336 3112 3337
12273 4 2 1 1 3337 3112 1050 1065
12274 4 2 1 1 1050 3336 3337 1051
12275 4 2 1 1 1065 1050 3337 1051
12276 4 2 1 1 1065 3337 1066 1051
12277 4 2 1 1 3337 3112 1065 3113
12278 4 2 1 1 1065 3337 3113 3338
12279 4 2 1 1 3338 3113 1065 1080
12280 4 2 1 1 1065 3337 3338 1066
12281 4 2 1 1 1080 1065 3338 1066
12282 4 2 1 1 1080 3338 1081 1066
12283 4 2 1 1 3338 3113 1080 518
12284 4 2 1 1 1080 3338 518 533
12285 4 2 1 1 533 518 1080 105
12286 4 2 1 1 1080 3338 533 1081
12287 4 2 1 1 105 1080 533 1081
12288 4 2 1 1 105 533 106 1081
12289 4 2 1 1 17 16 294 646
12290 4 2 1 1 294 17 646 647
12291 4 2 1 1 647 646 294 3114
12292 4 2 1 1 294 17 647 309
12293 4 2 1 1 3114 294 647 309
12294 4 2 1 1 3114 647 3339 309
12295 4 2 1 1 647 646 3114 661
12296 4 2 1 1 3114 647 661 662
12297 4 2 1 1 662 661 3114 3115
12298 4 2 1 1 3114 647 662 3339
12299 4 2 1 1 3115 3114 662 3339
12300 4 2 1 1 3115 662 3340 3339
12301 4 2 1 1 662 661 3115 676
12302 4 2 1 1 3115 662 676 677
12303 4 2 1 1 677 676 3115 3116
12304 4 2 1 1 3115 662 677 3340
12305 4 2 1 1 3116 3115 677 3340
12306 4 2 1 1 3116 677 3341 3340
12307 4 2 1 1 677 676 3116 691
12308 4 2 1 1 3116 677 691 692
12309 4 2 1 1 692 691 3116 3117
12310 4 2 1 1 3116 677 692 3341
12311 4 2 1 1 3117 3116 692 3341
12312 4 2 1 1 3117 692 3342 3341
12313 4 2 1 1 692 691 3117 706
12314 4 2 1 1 3117 692 706 707
12315 4 2 1 1 707 706 3117 3118
12316 4 2 1 1 3117 692 707 3342
12317 4 2 1 1 3118 3117 707 3342
12318 4 2 1 1 3118 707 3343 3342
12319 4 2 1 1 707 706 3118 721
12320 4 2 1 1 3118 707 721 722
12321 4 2 1 1 722 721 3118 3119
12322 4 2 1 1 3118 707 722 3343
12323 4 2 1 1 3119 3118 722 3343
12324 4 2 1 1 3119 722 3344 3343
12325 4 2 1 1 722 721 3119 736
12326 4 2 1 1 3119 722 736 737
12327 4 2 1 1 737 736 3119 3120
12328 4 2 1 1 3119 722 737 3344
12329 4 2 1 1 3120 3119 737 3344
12330 4 2 1 1 3120 737 3345 3344
12331 4 2 1 1 737 736 3120 751
12332 4 2 1 1 3120 737 751 752
12333 4 2 1 1 752 751 3120 3121
12334 4 2 1 1 3120 737 752 3345
12335 4 2 1 1 3121 3120 752 3345
12336 4 2 1 1 3121 752 3346 3345
12337 4 2 1 1 752 751 3121 766
12338 4 2 1 1 3121 752 766 767
12339 4 2 1 1 767 766 3121 3122
12340 4 2 1 1 3121 752 767 3346
12341 4 2 1 1 3122 3121 767 3346
12342 4 2 1 1 3122 767 3347 3346
12343 4 2 1 1 767 766 3122 781
12344 4 2 1 1 3122 767 781 782
12345 4 2 1 1 782 781 3122 3123
12346 4 2 1 1 3122 767 782 3347
12347 4 2 1 1 3123 3122 782 3347
12348 4 2 1 1 3123 782 3348 3347
12349 4 2 1 1 782 781 3123 796
12350 4 2 1 1 3123 782 796 797
12351 4 2 1 1 797 796 3123 3124
12352 4 2 1 1 3123 782 797 3348
12353 4 2 1 1 3124 3123 797 3348
12354 4 2 1 1 3124 797 3349 3348
12355 4 2 1 1 797 796 3124 811
12356 4 2 1 1 3124 797 811 812
12357 4 2 1 1 812 811 3124 3125
12358 4 2 1 1 3124 797 812 3349
12359 4 2 1 1 3125 3124 812 3349
12360 4 2 1 1 3125 812 3350 3349
12361 4 2 1 1 812 811 3125 826
12362 4 2 1 1 3125 812 826 827
12363 4 2 1 1 827 826 3125 3126
12364 4 2 1 1 3125 812 827 3350
12365 4 2 1 1 3126 3125 827 3350
12366 4 2 1 1 3126 827 3351 3350
12367 4 2 1 1 827 826 3126 841
12368 4 2 1 1 3126 827 841 842
12369 4 2 1 1 842 841 3126 3127
12370 4 2 1 1 3126 827 842 3351
12371 4 2 1 1 3127 3126 842 3351
12372 4 2 1 1 3127 842 3352 3351
12373 4 2 1 1 842 841 3127 856
12374 4 2 1 1 3127 842 856 857
12375 4 2 1 1 857 856 3127 3128
12376 4 2 1 1 3127 842 857 3352
12377 4 2 1 1 3128 3127 857 3352
12378 4 2 1 1 3128 857 3353 3352
12379 4 2 1 1 857 856 3128 76
12380 4 2 1 1 3128 857 76 77
12381 4 2 1 1 77 76 3128 519
12382 4 2 1 1 3128 857 77 3353
12383 4 2 1 1 519 3128 77 3353
12384 4 2 1 1 519 77 534 3353
12385 4 2 1 1 309 294 295 3114
12386 4 2 1 1 295 309 3114 3339
12387 4 2 1 1 3339 3114 295 3129
12388 4 2 1 1 295 309 3339 310
12389 4 2 1 1 3129 295 3339 310
12390 4 2 1 1 3129 3339 3354 310
12391 4 2 1 1 3339 3114 3129 3115
12392 4 2 1 1 3129 3339 3115 3340
12393 4 2 1 1 3340 3115 3129 3130
12394 4 2 1 1 3129 3339 3340 3354
12395 4 2 1 1 3130 3129 3340 3354
12396 4 2 1 1 3130 3340 3355 3354
12397 4 2 1 1 3340 3115 3130 3116
12398 4 2 1 1 3130 3340 3116 3341
12399 4 2 1 1 3341 3116 3130 3131
12400 4 2 1 1 3130 3340 3341 3355
12401 4 2 1 1 3131 3130 3341 3355
12402 4 2 1 1 3131 3341 3356 3355
12403 4 2 1 1 3341 3116 3131 3117
12404 4 2 1 1 3131 3341 3117 3342
12405 4 2 1 1 3342 3117 3131 3132
12406 4 2 1 1 3131 3341 3342 3356
12407 4 2 1 1 3132 3131 3342 3356
12408 4 2 1 1 3132 3342 3357 3356
12409 4 2 1 1 3342 3117 3132 3118
12410 4 2 1 1 3132 3342 3118 3343
12411 4 2 1 1 3343 3118 3132 3133
12412 4 2 1 1 3132 3342 3343 3357
12413 4 2 1 1 3133 3132 3343 3357
12414 4 2 1 1 3133 3343 3358 3357
12415 4 2 1 1 3343 3118 3133 3119
12416 4 2 1 1 3133 3343 3119 3344
12417 4 2 1 1 3344 3119 3133 3134
12418 4 2 1 1 3133 3343 3344 3358
12419 4 2 1 1 3134 3133 3344 3358
12420 4 2 1 1 3134 3344 3359 3358
12421 4 2 1 1 3344 3119 3134 3120
12422 4 2 1 1 3134 3344 3120 3345
12423 4 2 1 1 3345 3120 3134 3135
12424 4 2 1 1 3134 3344 3345 3359
12425 4 2 1 1 3135 3134 3345 3359
12426 4 2 1 1 3135 3345 3360 3359
12427 4 2 1 1 3345 3120 3135 3121
12428 4 2 1 1 3135 3345 3121 3346
12429 4 2 1 1 3346 3121 3135 3136
12430 4 2 1 1 3135 3345 3346 3360
12431 4 2 1 1 3136 3135 3346 3360
12432 4 2 1 1 3136 3346 3361 3360
12433 4 2 1 1 3346 3121 3136 3122
12434 4 2 1 1 3136 3346 3122 3347
12435 4 2 1 1 3347 3122 3136 3137
12436 4 2 1 1 3136 3346 3347 3361
12437 4 2 1 1 3137 3136 3347 3361
12438 4 2 1 1 3137 3347 3362 3361
12439 4 2 1 1 3347 3122 3137 3123
12440 4 2 1 1 3137 3347 3123 3348
12441 4 2 1 1 3348 3123 3137 3138
12442 4 2 1 1 3137 3347 3348 3362
12443 4 2 1 1 3138 3137 3348 3362
12444 4 2 1 1 3138 3348 3363 3362
12445 4 2 1 1 3348 3123 3138 3124
12446 4 2 1 1 3138 3348 3124 3349
12447 4 2 1 1 3349 3124 3138 3139
12448 4 2 1 1 3138 3348 3349 3363
12449 4 2 1 1 3139 3138 3349 3363
12450 4 2 1 1 3139 3349 3364 3363
12451 4 2 1 1 3349 3124 3139 3125
12452 4 2 1 1 3139 3349 3125 3350
12453 4 2 1 1 3350 3125 3139 3140
12454 4 2 1 1 3139 3349 3350 3364
12455 4 2 1 1 3140 3139 3350 3364
12456 4 2 1 1 3140 3350 3365 3364
12457 4 2 1 1 3350 3125 3140 3126
12458 4 2 1 1 3140 3350 3126 3351
12459 4 2 1 1 3351 3126 3140 3141
12460 4 2 1 1 3140 3350 3351 3365
12461 4 2 1 1 3141 3140 3351 3365
12462 4 2 1 1 3141 3351 3366 3365
12463 4 2 1 1 3351 3126 3141 3127
12464 4 2 1 1 3141 3351 3127 3352
12465 4 2 1 1 3352 3127 3141 3142
12466 4 2 1 1 3141 3351 3352 3366
12467 4 2 1 1 3142 3141 3352 3366
12468 4 2 1 1 3142 3352 3367 3366
12469 4 2 1 1 3352 3127 3142 3128
12470 4 2 1 1 3142 3352 3128 3353
12471 4 2 1 1 3353 3128 3142 3143
12472 4 2 1 1 3142 3352 3353 3367
12473 4 2 1 1 3143 3142 3353 3367
12474 4 2 1 1 3143 3353 3368 3367
12475 4 2 1 1 3353 3128 3143 519
12476 4 2 1 1 3143 3353 519 534
12477 4 2 1 1 534 519 3143 520
12478 4 2 1 1 3143 3353 534 3368
12479 4 2 1 1 520 3143 534 3368
12480 4 2 1 1 520 534 535 3368
12481 4 2 1 1 310 295 296 3129
12482 4 2 1 1 296 310 3129 3354
12483 4 2 1 1 3354 3129 296 3144
12484 4 2 1 1 296 310 3354 311
12485 4 2 1 1 3144 296 3354 311
12486 4 2 1 1 3144 3354 3369 311
12487 4 2 1 1 3354 3129 3144 3130
12488 4 2 1 1 3144 3354 3130 3355
12489 4 2 1 1 3355 3130 3144 3145
12490 4 2 1 1 3144 3354 3355 3369
12491 4 2 1 1 3145 3144 3355 3369
12492 4 2 1 1 3145 3355 3370 3369
12493 4 2 1 1 3355 3130 3145 3131
12494 4 2 1 1 3145 3355 3131 3356
12495 4 2 1 1 3356 3131 3145 3146
12496 4 2 1 1 3145 3355 3356 3370
12497 4 2 1 1 3146 3145 3356 3370
12498 4 2 1 1 3146 3356 3371 3370
12499 4 2 1 1 3356 3131 3146 3132
12500 4 2 1 1 3146 3356 3132 3357
12501 4 2 1 1 3357 3132 3146 3147
12502 4 2 1 1 3146 3356 3357 3371
12503 4 2 1 1 3147 3146 3357 3371
12504 4 2 1 1 3147 3357 3372 3371
12505 4 2 1 1 3357 3132 3147 3133
12506 4 2 1 1 3147 3357 3133 3358
12507 4 2 1 1 3358 3133 3147 3148
12508 4 2 1 1 3147 3357 3358 3372
12509 4 2 1 1 3148 3147 3358 3372
12510 4 2 1 1 3148 3358 3373 3372
12511 4 2 1 1 3358 3133 3148 3134
12512 4 2 1 1 3148 3358 3134 3359
12513 4 2 1 1 3359 3134 3148 3149
12514 4 2 1 1 3148 3358 3359 3373
12515 4 2 1 1 3149 3148 3359 3373
12516 4 2 1 1 3149 3359 3374 3373
12517 4 2 1 1 3359 3134 3149 3135
12518 4 2 1 1 3149 3359 3135 3360
12519 4 2 1 1 3360 3135 3149 3150
12520 4 2 1 1 3149 3359 3360 3374
12521 4 2 1 1 3150 3149 3360 3374
12522 4 2 1 1 3150 3360 3375 3374
12523 4 2 1 1 3360 3135 3150 3136
12524 4 2 1 1 3150 3360 3136 3361
12525 4 2 1 1 3361 3136 3150 3151
12526 4 2 1 1 3150 3360 3361 3375
12527 4 2 1 1 3151 3150 3361 3375
12528 4 2 1 1 3151 3361 3376 3375
12529 4 2 1 1 3361 3136 3151 3137
12530 4 2 1 1 3151 3361 3137 3362
12531 4 2 1 1 3362 3137 3151 3152
12532 4 2 1 1 3151 3361 3362 3376
12533 4 2 1 1 3152 3151 3362 3376
12534 4 2 1 1 3152 3362 3377 3376
12535 4 2 1 1 3362 3137 3152 3138
12536 4 2 1 1 3152 3362 3138 3363
12537 4 2 1 1 3363 3138 3152 3153
12538 4 2 1 1 3152 3362 3363 3377
12539 4 2 1 1 3153 3152 3363 3377
12540 4 2 1 1 3153 3363 3378 3377
12541 4 2 1 1 3363 3138 3153 3139
12542 4 2 1 1 3153 3363 3139 3364
12543 4 2 1 1 3364 3139 3153 3154
12544 4 2 1 1 3153 3363 3364 3378
12545 4 2 1 1 3154 3153 3364 3378
12546 4 2 1 1 3154 3364 3379 3378
12547 4 2 1 1 3364 3139 3154 3140
12548 4 2 1 1 3154 3364 3140 3365
12549 4 2 1 1 3365 3140 3154 3155
12550 4 2 1 1 3154 3364 3365 3379
12551 4 2 1 1 3155 3154 3365 3379
12552 4 2 1 1 3155 3365 3380 3379
12553 4 2 1 1 3365 3140 3155 3141
12554 4 2 1 1 3155 3365 3141 3366
12555 4 2 1 1 3366 3141 3155 3156
12556 4 2 1 1 3155 3365 3366 3380
12557 4 2 1 1 3156 3155 3366 3380
12558 4 2 1 1 3156 3366 3381 3380
12559 4 2 1 1 3366 3141 3156 3142
12560 4 2 1 1 3156 3366 3142 3367
12561 4 2 1 1 3367 3142 3156 3157
12562 4 2 1 1 3156 3366 3367 3381
12563 4 2 1 1 3157 3156 3367 3381
12564 4 2 1 1 3157 3367 3382 3381
12565 4 2 1 1 3367 3142 3157 3143
12566 4 2 1 1 3157 3367 3143 3368
12567 4 2 1 1 3368 3143 3157 3158
12568 4 2 1 1 3157 3367 3368 3382
12569 4 2 1 1 3158 3157 3368 3382
12570 4 2 1 1 3158 3368 3383 3382
12571 4 2 1 1 3368 3143 3158 520
12572 4 2 1 1 3158 3368 520 535
12573 4 2 1 1 535 520 3158 521
12574 4 2 1 1 3158 3368 535 3383
12575 4 2 1 1 521 3158 535 3383
12576 4 2 1 1 521 535 536 3383
12577 4 2 1 1 311 296 297 3144
12578 4 2 1 1 297 311 3144 3369
12579 4 2 1 1 3369 3144 297 3159
12580 4 2 1 1 297 311 3369 312
12581 4 2 1 1 3159 297 3369 312
12582 4 2 1 1 3159 3369 3384 312
12583 4 2 1 1 3369 3144 3159 3145
12584 4 2 1 1 3159 3369 3145 3370
12585 4 2 1 1 3370 3145 3159 3160
12586 4 2 1 1 3159 3369 3370 3384
12587 4 2 1 1 3160 3159 3370 3384
12588 4 2 1 1 3160 3370 3385 3384
12589 4 2 1 1 3370 3145 3160 3146
12590 4 2 1 1 3160 3370 3146 3371
12591 4 2 1 1 3371 3146 3160 3161
12592 4 2 1 1 3160 3370 3371 3385
12593 4 2 1 1 3161 3160 3371 3385
12594 4 2 1 1 3161 3371 3386 3385
12595 4 2 1 1 3371 3146 3161 3147
12596 4 2 1 1 3161 3371 3147 3372
12597 4 2 1 1 3372 3147 3161 3162
12598 4 2 1 1 3161 3371 3372 3386
12599 4 2 1 1 3162 3161 3372 3386
12600 4 2 1 1 3162 3372 3387 3386
12601 4 2 1 1 3372 3147 3162 3148
12602 4 2 1 1 3162 3372 3148 3373
12603 4 2 1 1 3373 3148 3162 3163
12604 4 2 1 1 3162 3372 3373 3387
12605 4 2 1 1 3163 3162 3373 3387
12606 4 2 1 1 3163 3373 3388 3387
12607 4 2 1 1 3373 3148 3163 3149
12608 4 2 1 1 3163 3373 3149 3374
12609 4 2 1 1 3374 3149 3163 3164
12610 4 2 1 1 3163 3373 3374 3388
12611 4 2 1 1 3164 3163 3374 3388
12612 4 2 1 1 3164 3374 3389 3388
12613 4 2 1 1 3374 3149 3164 3150
12614 4 2 1 1 3164 3374 3150 3375
12615 4 2 1 1 3375 3150 3164 3165
12616 4 2 1 1 3164 3374 3375 3389
12617 4 2 1 1 3165 3164 3375 3389
12618 4 2 1 1 3165 3375 3390 3389
12619 4 2 1 1 3375 3150 3165 3151
12620 4 2 1 1 3165 3375 3151 3376
12621 4 2 1 1 3376 3151 3165 3166
12622 4 2 1 1 3165 3375 3376 3390
12623 4 2 1 1 3166 3165 3376 3390
12624 4 2 1 1 3166 3376 3391 3390
12625 4 2 1 1 3376 3151 3166 3152
12626 4 2 1 1 3166 3376 3152 3377
12627 4 2 1 1 3377 3152 3166 3167
12628 4 2 1 1 3166 3376 3377 3391
12629 4 2 1 1 3167 3166 3377 3391
12630 4 2 1 1 3167 3377 3392 3391
12631 4 2 1 1 3377 3152 3167 3153
12632 4 2 1 1 3167 3377 3153 3378
12633 4 2 1 1 3378 3153 3167 3168
12634 4 2 1 1 3167 3377 3378 3392
12635 4 2 1 1 3168 3167 3378 3392
12636 4 2 1 1 3168 3378 3393 3392
12637 4 2 1 1 3378 3153 3168 3154
12638 4 2 1 1 3168 3378 3154 3379
12639 4 2 1 1 3379 3154 3168 3169
12640 4 2 1 1 3168 3378 3379 3393
12641 4 2 1 1 3169 3168 3379 3393
12642 4 2 1 1 3169 3379 3394 3393
12643 4 2 1 1 3379 3154 3169 3155
12644 4 2 1 1 3169 3379 3155 3380
12645 4 2 1 1 3380 3155 3169 3170
12646 4 2 1 1 3169 3379 3380 3394
12647 4 2 1 1 3170 3169 3380 3394
12648 4 2 1 1 3170 3380 3395 3394
12649 4 2 1 1 3380 3155 3170 3156
12650 4 2 1 1 3170 3380 3156 3381
12651 4 2 1 1 3381 3156 3170 3171
12652 4 2 1 1 3170 3380 3381 3395
12653 4 2 1 1 3171 3170 3381 3395
12654 4 2 1 1 3171 3381 3396 3395
12655 4 2 1 1 3381 3156 3171 3157
12656 4 2 1 1 3171 3381 3157 3382
12657 4 2 1 1 3382 3157 3171 3172
12658 4 2 1 1 3171 3381 3382 3396
12659 4 2 1 1 3172 3171 3382 3396
12660 4 2 1 1 3172 3382 3397 3396
12661 4 2 1 1 3382 3157 3172 3158
12662 4 2 1 1 3172 3382 3158 3383
12663 4 2 1 1 3383 3158 3172 3173
12664 4 2 1 1 3172 3382 3383 3397
12665 4 2 1 1 3173 3172 3383 3397
12666 4 2 1 1 3173 3383 3398 3397
12667 4 2 1 1 3383 3158 3173 521
12668 4 2 1 1 3173 3383 521 536
12669 4 2 1 1 536 521 3173 522
12670 4 2 1 1 3173 3383 536 3398
12671 4 2 1 1 522 3173 536 3398
12672 4 2 1 1 522 536 537 3398
12673 4 2 1 1 312 297 298 3159
12674 4 2 1 1 298 312 3159 3384
12675 4 2 1 1 3384 3159 298 3174
12676 4 2 1 1 298 312 3384 313
12677 4 2 1 1 3174 298 3384 313
12678 4 2 1 1 3174 3384 3399 313
12679 4 2 1 1 3384 3159 3174 3160
12680 4 2 1 1 3174 3384 3160 3385
12681 4 2 1 1 3385 3160 3174 3175
12682 4 2 1 1 3174 3384 3385 3399
12683 4 2 1 1 3175 3174 3385 3399
12684 4 2 1 1 3175 3385 3400 3399
12685 4 2 1 1 3385 3160 3175 3161
12686 4 2 1 1 3175 3385 3161 3386
12687 4 2 1 1 3386 3161 3175 3176
12688 4 2 1 1 3175 3385 3386 3400
12689 4 2 1 1 3176 3175 3386 3400
12690 4 2 1 1 3176 3386 3401 3400
12691 4 2 1 1 3386 3161 3176 3162
12692 4 2 1 1 3176 3386 3162 3387
12693 4 2 1 1 3387 3162 3176 3177
12694 4 2 1 1 3176 3386 3387 3401
12695 4 2 1 1 3177 3176 3387 3401
12696 4 2 1 1 3177 3387 3402 3401
12697 4 2 1 1 3387 3162 3177 3163
12698 4 2 1 1 3177 3387 3163 3388
12699 4 2 1 1 3388 3163 3177 3178
12700 4 2 1 1 3177 3387 3388 3402
12701 4 2 1 1 3178 3177 3388 3402
12702 4 2 1 1 3178 3388 3403 3402
12703 4 2 1 1 3388 3163 3178 3164
12704 4 2 1 1 3178 3388 3164 3389
12705 4 2 1 1 3389 3164 3178 3179
12706 4 2 1 1 3178 3388 3389 3403
12707 4 2 1 1 3179 3178 3389 3403
12708 4 2 1 1 3179 3389 3404 3403
12709 4 2 1 1 3389 3164 3179 3165
12710 4 2 1 1 3179 3389 3165 3390
12711 4 2 1 1 3390 3165 3179 3180
12712 4 2 1 1 3179 3389 3390 3404
12713 4 2 1 1 3180 3179 3390 3404
12714 4 2 1 1 3180 3390 3405 3404
12715 4 2 1 1 3390 3165 3180 3166
12716 4 2 1 1 3180 3390 3166 3391
12717 4 2 1 1 3391 3166 3180 3181
12718 4 2 1 1 3180 3390 3391 3405
12719 4 2 1 1 3181 3180 3391 3405
12720 4 2 1 1 3181 3391 3406 3405
12721 4 2 1 1 3391 3166 3181 3167
12722 4 2 1 1 3181 3391 3167 3392
12723 4 2 1 1 3392 3167 3181 3182
12724 4 2 1 1 3181 3391 3392 3406
12725 4 2 1 1 3182 3181 3392 3406
12726 4 2 1 1 3182 3392 3407 3406
12727 4 2 1 1 3392 3167 3182 3168
12728 4 2 1 1 3182 3392 3168 3393
12729 4 2 1 1 3393 3168 3182 3183
12730 4 2 1 1 3182 3392 3393 3407
12731 4 2 1 1 3183 3182 3393 3407
12732 4 2 1 1 3183 3393 3408 3407
12733 4 2 1 1 3393 3168 3183 3169
12734 4 2 1 1 3183 3393 3169 3394
12735 4 2 1 1 3394 3169 3183 3184
12736 4 2 1 1 3183 3393 3394 3408
12737 4 2 1 1 3184 3183 3394 3408
12738 4 2 1 1 3184 3394 3409 3408
12739 4 2 1 1 3394 3169 3184 3170
12740 4 2 1 1 3184 3394 3170 3395
12741 4 2 1 1 3395 3170 3184 3185
12742 4 2 1 1 3184 3394 3395 3409
12743 4 2 1 1 3185 3184 3395 3409
12744 4 2 1 1 3185 3395 3410 3409
12745 4 2 1 1 3395 3170 3185 3171
12746 4 2 1 1 3185 3395 3171 3396
12747 4 2 1 1 3396 3171 3185 3186
12748 4 2 1 1 3185 3395 3396 3410
12749 4 2 1 1 3186 3185 3396 3410
12750 4 2 1 1 3186 3396 3411 3410
12751 4 2 1 1 3396 3171 3186 3172
12752 4 2 1 1 3186 3396 3172 3397
12753 4 2 1 1 3397 3172 3186 3187
12754 4 2 1 1 3186 3396 3397 3411
12755 4 2 1 1 3187 3186 3397 3411
12756 4 2 1 1 3187 3397 3412 3411
12757 4 2 1 1 3397 3172 3187 3173
12758 4 2 1 1 3187 3397 3173 3398
12759 4 2 1 1 3398 3173 3187 3188
12760 4 2 1 1 3187 3397 3398 3412
12761 4 2 1 1 3188 3187 3398 3412
12762 4 2 1 1 3188 3398 3413 3412
12763 4 2 1 1 3398 3173 3188 522
12764 4 2 1 1 3188 3398 522 537
12765 4 2 1 1 537 522 3188 523
12766 4 2 1 1 3188 3398 537 3413
12767 4 2 1 1 523 3188 537 3413
12768 4 2 1 1 523 537 538 3413
12769 4 2 1 1 313 298 299 3174
12770 4 2 1 1 299 313 3174 3399
12771 4 2 1 1 3399 3174 299 3189
12772 4 2 1 1 299 313 3399 314
12773 4 2 1 1 3189 299 3399 314
12774 4 2 1 1 3189 3399 3414 314
12775 4 2 1 1 3399 3174 3189 3175
12776 4 2 1 1 3189 3399 3175 3400
12777 4 2 1 1 3400 3175 3189 3190
12778 4 2 1 1 3189 3399 3400 3414
12779 4 2 1 1 3190 3189 3400 3414
12780 4 2 1 1 3190 3400 3415 3414
12781 4 2 1 1 3400 3175 3190 3176
12782 4 2 1 1 3190 3400 3176 3401
12783 4 2 1 1 3401 3176 3190 3191
12784 4 2 1 1 3190 3400 3401 3415
12785 4 2 1 1 3191 3190 3401 3415
12786 4 2 1 1 3191 3401 3416 3415
12787 4 2 1 1 3401 3176 3191 3177
12788 4 2 1 1 3191 3401 3177 3402
12789 4 2 1 1 3402 3177 3191 3192
12790 4 2 1 1 3191 3401 3402 3416
12791 4 2 1 1 3192 3191 3402 3416
12792 4 2 1 1 3192 3402 3417 3416
12793 4 2 1 1 3402 3177 3192 3178
12794 4 2 1 1 3192 3402 3178 3403
12795 4 2 1 1 3403 3178 3192 3193
12796 4 2 1 1 3192 3402 3403 3417
12797 4 2 1 1 3193 3192 3403 3417
12798 4 2 1 1 3193 3403 3418 3417
12799 4 2 1 1 3403 3178 3193 3179
12800 4 2 1 1 3193 3403 3179 3404
12801 4 2 1 1 3404 3179 3193 3194
12802 4 2 1 1 3193 3403 3404 3418
12803 4 2 1 1 3194 3193 3404 3418
12804 4 2 1 1 3194 3404 3419 3418
12805 4 2 1 1 3404 3179 3194 3180
12806 4 2 1 1 3194 3404 3180 3405
12807 4 2 1 1 3405 3180 3194 3195
12808 4 2 1 1 3194 3404 3405 3419
12809 4 2 1 1 3195 3194 3405 3419
12810 4 2 1 1 3195 3405 3420 3419
12811 4 2 1 1 3405 3180 3195 3181
12812 4 2 1 1 3195 3405 3181 3406
12813 4 2 1 1 3406 3181 3195 3196
12814 4 2 1 1 3195 3405 3406 3420
12815 4 2 1 1 3196 3195 3406 3420
12816 4 2 1 1 3196 3406 3421 3420
12817 4 2 1 1 3406 3181 3196 3182
12818 4 2 1 1 3196 3406 3182 3407
12819 4 2 1 1 3407 3182 3196 3197
12820 4 2 1 1 3196 3406 3407 3421
12821 4 2 1 1 3197 3196 3407 3421
12822 4 2 1 1 3197 3407 3422 3421
12823 4 2 1 1 3407 3182 3197 3183
12824 4 2 1 1 3197 3407 3183 3408
12825 4 2 1 1 3408 3183 3197 3198
12826 4 2 1 1 3197 3407 3408 3422
12827 4 2 1 1 3198 3197 3408 3422
12828 4 2 1 1 3198 3408 3423 3422
12829 4 2 1 1 3408 3183 3198 3184
12830 4 2 1 1 3198 3408 3184 3409
12831 4 2 1 1 3409 3184 3198 3199
12832 4 2 1 1 3198 3408 3409 3423
12833 4 2 1 1 3199 3198 3409 3423
12834 4 2 1 1 3199 3409 3424 3423
12835 4 2 1 1 3409 3184 3199 3185
12836 4 2 1 1 3199 3409 3185 3410
12837 4 2 1 1 3410 3185 3199 3200
12838 4 2 1 1 3199 3409 3410 3424
12839 4 2 1 1 3200 3199 3410 3424
12840 4 2 1 1 3200 3410 3425 3424
12841 4 2 1 1 3410 3185 3200 3186
12842 4 2 1 1 3200 3410 3186 3411
12843 4 2 1 1 3411 3186 3200 3201
12844 4 2 1 1 3200 3410 3411 3425
12845 4 2 1 1 3201 3200 3411 3425
12846 4 2 1 1 3201 3411 3426 3425
12847 4 2 1 1 3411 3186 3201 3187
12848 4 2 1 1 3201 3411 3187 3412
12849 4 2 1 1 3412 3187 3201 3202
12850 4 2 1 1 3201 3411 3412 3426
12851 4 2 1 1 3202 3201 3412 3426
12852 4 2 1 1 3202 3412 3427 3426
12853 4 2 1 1 3412 3187 3202 3188
12854 4 2 1 1 3202 3412 3188 3413
12855 4 2 1 1 3413 3188 3202 3203
12856 4 2 1 1 3202 3412 3413 3427
12857 4 2 1 1 3203 3202 3413 3427
12858 4 2 1 1 3203 3413 3428 3427
12859 4 2 1 1 3413 3188 3203 523
12860 4 2 1 1 3203 3413 523 538
12861 4 2 1 1 538 523 3203 524
12862 4 2 1 1 3203 3413 538 3428
12863 4 2 1 1 524 3203 538 3428
12864 4 2 1 1 524 538 539 3428
12865 4 2 1 1 314 299 300 3189
12866 4 2 1 1 300 314 3189 3414
12867 4 2 1 1 3414 3189 300 3204
12868 4 2 1 1 300 314 3414 315
12869 4 2 1 1 3204 300 3414 315
12870 4 2 1 1 3204 3414 3429 315
12871 4 2 1 1 3414 3189 3204 3190
12872 4 2 1 1 3204 3414 3190 3415
12873 4 2 1 1 3415 3190 3204 3205
12874 4 2 1 1 3204 3414 3415 3429
12875 4 2 1 1 3205 3204 3415 3429
12876 4 2 1 1 3205 3415 3430 3429
12877 4 2 1 1 3415 3190 3205 3191
12878 4 2 1 1 3205 3415 3191 3416
12879 4 2 1 1 3416 3191 3205 3206
12880 4 2 1 1 3205 3415 3416 3430
12881 4 2 1 1 3206 3205 3416 3430
12882 4 2 1 1 3206 3416 3431 3430
12883 4 2 1 1 3416 3191 3206 3192
12884 4 2 1 1 3206 3416 3192 3417
12885 4 2 1 1 3417 3192 3206 3207
12886 4 2 1 1 3206 3416 3417 3431
12887 4 2 1 1 3207 3206 3417 3431
12888 4 2 1 1 3207 3417 3432 3431
12889 4 2 1 1 3417 3192 3207 3193
12890 4 2 1 1 3207 3417 3193 3418
12891 4 2 1 1 3418 3193 3207 3208
12892 4 2 1 1 3207 3417 3418 3432
12893 4 2 1 1 3208 3207 3418 3432
12894 4 2 1 1 3208 3418 3433 3432
12895 4 2 1 1 3418 3193 3208 3194
12896 4 2 1 1 3208 3418 3194 3419
12897 4 2 1 1 3419 3194 3208 3209
12898 4 2 1 1 3208 3418 3419 3433
12899 4 2 1 1 3209 3208 3419 3433
12900 4 2 1 1 3209 3419 3434 3433
12901 4 2 1 1 3419 3194 3209 3195
12902 4 2 1 1 3209 3419 3195 3420
12903 4 2 1 1 3420 3195 3209 3210
12904 4 2 1 1 3209 3419 3420 3434
12905 4 2 1 1 3210 3209 3420 3434
12906 4 2 1 1 3210 3420 3435 3434
12907 4 2 1 1 3420 3195 3210 3196
12908 4 2 1 1 3210 3420 3196 3421
12909 4 2 1 1 3421 3196 3210 3211
12910 4 2 1 1 3210 3420 3421 3435
12911 4 2 1 1 3211 3210 3421 3435
12912 4 2 1 1 3211 3421 3436 3435
12913 4 2 1 1 3421 3196 3211 3197
12914 4 2 1 1 3211 3421 3197 3422
12915 4 2 1 1 3422 3197 3211 3212
12916 4 2 1 1 3211 3421 3422 3436
12917 4 2 1 1 3212 3211 3422 3436
12918 4 2 1 1 3212 3422 3437 3436
12919 4 2 1 1 3422 3197 3212 3198
12920 4 2 1 1 3212 3422 3198 3423
12921 4 2 1 1 3423 3198 3212 3213
12922 4 2 1 1 3212 3422 3423 3437
12923 4 2 1 1 3213 3212 3423 3437
12924 4 2 1 1 3213 3423 3438 3437
12925 4 2 1 1 3423 3198 3213 3199
12926 4 2 1 1 3213 3423 3199 3424
12927 4 2 1 1 3424 3199 3213 3214
12928 4 2 1 1 3213 3423 3424 3438
12929 4 2 1 1 3214 3213 3424 3438
12930 4 2 1 1 3214 3424 3439 3438
12931 4 2 1 1 3424 3199 3214 3200
12932 4 2 1 1 3214 3424 3200 3425
12933 4 2 1 1 3425 3200 3214 3215
12934 4 2 1 1 3214 3424 3425 3439
12935 4 2 1 1 3215 3214 3425 3439
12936 4 2 1 1 3215 3425 3440 3439
12937 4 2 1 1 3425 3200 3215 3201
12938 4 2 1 1 3215 3425 3201 3426
12939 4 2 1 1 3426 3201 3215 3216
12940 4 2 1 1 3215 3425 3426 3440
12941 4 2 1 1 3216 3215 3426 3440
12942 4 2 1 1 3216 3426 3441 3440
12943 4 2 1 1 3426 3201 3216 3202
12944 4 2 1 1 3216 3426 3202 3427
12945 4 2 1 1 3427 3202 3216 3217
12946 4 2 1 1 3216 3426 3427 3441
12947 4 2 1 1 3217 3216 3427 3441
12948 4 2 1 1 3217 3427 3442 3441
12949 4 2 1 1 3427 3202 3217 3203
12950 4 2 1 1 3217 3427 3203 3428
12951 4 2 1 1 3428 3203 3217 3218
12952 4 2 1 1 3217 3427 3428 3442
12953 4 2 1 1 3218 3217 3428 3442
12954 4 2 1 1 3218 3428 3443 3442
12955 4 2 1 1 3428 3203 3218 524
12956 4 2 1 1 3218 3428 524 539
12957 4 2 1 1 539 524 3218 525
12958 4 2 1 1 3218 3428 539 3443
12959 4 2 1 1 525 3218 539 3443
12960 4 2 1 1 525 539 540 3443
12961 4 2 1 1 315 300 301 3204
12962 4 2 1 1 301 315 3204 3429
12963 4 2 1 1 3429 3204 301 3219
12964 4 2 1 1 301 315 3429 316
12965 4 2 1 1 3219 301 3429 316
12966 4 2 1 1 3219 3429 3444 316
12967 4 2 1 1 3429 3204 3219 3205
12968 4 2 1 1 3219 3429 3205 3430
12969 4 2 1 1 3430 3205 3219 3220
12970 4 2 1 1 3219 3429 3430 3444
12971 4 2 1 1 3220 3219 3430 3444
12972 4 2 1 1 3220 3430 3445 3444
12973 4 2 1 1 3430 3205 3220 3206
12974 4 2 1 1 3220 3430 3206 3431
12975 4 2 1 1 3431 3206 3220 3221
12976 4 2 1 1 3220 3430 3431 3445
12977 4 2 1 1 3221 3220 3431 3445
12978 4 2 1 1 3221 3431 3446 3445
12979 4 2 1 1 3431 3206 3221 3207
12980 4 2 1 1 3221 3431 3207 3432
12981 4 2 1 1 3432 3207 3221 3222
12982 4 2 1 1 3221 3431 3432 3446
12983 4 2 1 1 3222 3221 3432 3446
12984 4 2 1 1 3222 3432 3447 3446
12985 4 2 1 1 3432 3207 3222 3208
12986 4 2 1 1 3222 3432 3208 3433
12987 4 2 1 1 3433 3208 3222 3223
12988 4 2 1 1 3222 3432 3433 3447
12989 4 2 1 1 3223 3222 3433 3447
12990 4 2 1 1 3223 3433 3448 3447
12991 4 2 1 1 3433 3208 3223 3209
12992 4 2 1 1 3223 3433 3209 3434
12993 4 2 1 1 3434 3209 3223 3224
12994 4 2 1 1 3223 3433 3434 3448
12995 4 2 1 1 3224 3223 3434 3448
12996 4 2 1 1 3224 3434 3449 3448
12997 4 2 1 1 3434 3209 3224 3210
12998 4 2 1 1 3224 3434 3210 3435
12999 4 2 1 1 3435 3210 3224 3225
13000 4 2 1 1 3224 3434 3435 3449
13001 4 2 1 1 3225 3224 3435 3449
13002 4 2 1 1 3225 3435 3450 3449
13003 4 2 1 1 3435 3210 3225 3211
13004 4 2 1 1 3225 3435 3211 3436
13005 4 2 1 1 3436 3211 3225 3226
13006 4 2 1 1 3225 3435 3436 3450
13007 4 2 1 1 3226 3225 3436 3450
13008 4 2 1 1 3226 3436 3451 3450
13009 4 2 1 1 3436 3211 3226 3212
13010 4 2 1 1 3226 3436 3212 3437
13011 4 2 1 1 3437 3212 3226 3227
13012 4 2 1 1 3226 3436 3437 3451
13013 4 2 1 1 3227 3226 3437 3451
13014 4 2 1 1 3227 3437 3452 3451
13015 4 2 1 1 3437 3212 3227 3213
13016 4 2 1 1 3227 3437 3213 3438
13017 4 2 1 1 3438 3213 3227 3228
13018 4 2 1 1 3227 3437 3438 3452
13019 4 2 1 1 3228 3227 3438 3452
13020 4 2 1 1 3228 3438 3453 3452
13021 4 2 1 1 3438 3213 3228 3214
13022 4 2 1 1 3228 3438 3214 3439
13023 4 2 1 1 3439 3214 3228 3229
13024 4 2 1 1 3228 3438 3439 3453
13025 4 2 1 1 3229 3228 3439 3453
13026 4 2 1 1 3229 3439 3454 3453
13027 4 2 1 1 3439 3214 3229 3215
13028 4 2 1 1 3229 3439 3215 3440
13029 4 2 1 1 3440 3215 3229 3230
13030 4 2 1 1 3229 3439 3440 3454
13031 4 2 1 1 3230 3229 3440 3454
13032 4 2 1 1 3230 3440 3455 3454
13033 4 2 1 1 3440 3215 3230 3216
13034 4 2 1 1 3230 3440 3216 3441
13035 4 2 1 1 3441 3216 3230 3231
13036 4 2 1 1 3230 3440 3441 3455
13037 4 2 1 1 3231 3230 3441 3455
13038 4 2 1 1 3231 3441 3456 3455
13039 4 2 1 1 3441 3216 3231 3217
13040 4 2 1 1 3231 3441 3217 3442
13041 4 2 1 1 3442 3217 3231 3232
13042 4 2 1 1 3231 3441 3442 3456
13043 4 2 1 1 3232 3231 3442 3456
13044 4 2 1 1 3232 3442 3457 3456
13045 4 2 1 1 3442 3217 3232 3218
13046 4 2 1 1 3232 3442 3218 3443
13047 4 2 1 1 3443 3218 3232 3233
13048 4 2 1 1 3232 3442 3443 3457
13049 4 2 1 1 3233 3232 3443 3457
13050 4 2 1 1 3233 3443 3458 3457
13051 4 2 1 1 3443 3218 3233 525
13052 4 2 1 1 3233 3443 525 540
13053 4 2 1 1 540 525 3233 526
13054 4 2 1 1 3233 3443 540 3458
13055 4 2 1 1 526 3233 540 3458
13056 4 2 1 1 526 540 541 3458
13057 4 2 1 1 316 301 302 3219
13058 4 2 1 1 302 316 3219 3444
13059 4 2 1 1 3444 3219 302 3234
13060 4 2 1 1 302 316 3444 317
13061 4 2 1 1 3234 302 3444 317
13062 4 2 1 1 3234 3444 3459 317
13063 4 2 1 1 3444 3219 3234 3220
13064 4 2 1 1 3234 3444 3220 3445
13065 4 2 1 1 3445 3220 3234 3235
13066 4 2 1 1 3234 3444 3445 3459
13067 4 2 1 1 3235 3234 3445 3459
13068 4 2 1 1 3235 3445 3460 3459
13069 4 2 1 1 3445 3220 3235 3221
13070 4 2 1 1 3235 3445 3221 3446
13071 4 2 1 1 3446 3221 3235 3236
13072 4 2 1 1 3235 3445 3446 3460
13073 4 2 1 1 3236 3235 3446 3460
13074 4 2 1 1 3236 3446 3461 3460
13075 4 2 1 1 3446 3221 3236 3222
13076 4 2 1 1 3236 3446 3222 3447
13077 4 2 1 1 3447 3222 3236 3237
13078 4 2 1 1 3236 3446 3447 3461
13079 4 2 1 1 3237 3236 3447 3461
13080 4 2 1 1 3237 3447 3462 3461
13081 4 2 1 1 3447 3222 3237 3223
13082 4 2 1 1 3237 3447 3223 3448
13083 4 2 1 1 3448 3223 3237 3238
13084 4 2 1 1 3237 3447 3448 3462
13085 4 2 1 1 3238 3237 3448 3462
13086 4 2 1 1 3238 3448 3463 3462
13087 4 2 1 1 3448 3223 3238 3224
13088 4 2 1 1 3238 3448 3224 3449
13089 4 2 1 1 3449 3224 3238 3239
13090 4 2 1 1 3238 3448 3449 3463
13091 4 2 1 1 3239 3238 3449 3463
13092 4 2 1 1 3239 3449 3464 3463
13093 4 2 1 1 3449 3224 3239 3225
13094 4 2 1 1 3239 3449 3225 3450
13095 4 2 1 1 3450 3225 3239 3240
13096 4 2 1 1 3239 3449 3450 3464
13097 4 2 1 1 3240 3239 3450 3464
13098 4 2 1 1 3240 3450 3465 3464
13099 4 2 1 1 3450 3225 3240 3226
13100 4 2 1 1 3240 3450 3226 3451
13101 4 2 1 1 3451 3226 3240 3241
13102 4 2 1 1 3240 3450 3451 3465
13103 4 2 1 1 3241 3240 3451 3465
13104 4 2 1 1 3241 3451 3466 3465
13105 4 2 1 1 3451 3226 3241 3227
13106 4 2 1 1 3241 3451 3227 3452
13107 4 2 1 1 3452 3227 3241 3242
13108 4 2 1 1 3241 3451 3452 3466
13109 4 2 1 1 3242 3241 3452 3466
13110 4 2 1 1 3242 3452 3467 3466
13111 4 2 1 1 3452 3227 3242 3228
13112 4 2 1 1 3242 3452 3228 3453
13113 4 2 1 1 3453 3228 3242 3243
13114 4 2 1 1 3242 3452 3453 3467
13115 4 2 1 1 3243 3242 3453 3467
13116 4 2 1 1 3243 3453 3468 3467
13117 4 2 1 1 3453 3228 3243 3229
13118 4 2 1 1 3243 3453 3229 3454
13119 4 2 1 1 3454 3229 3243 3244
13120 4 2 1 1 3243 3453 3454 3468
13121 4 2 1 1 3244 3243 3454 3468
13122 4 2 1 1 3244 3454 3469 3468
13123 4 2 1 1 3454 3229 3244 3230
13124 4 2 1 1 3244 3454 3230 3455
13125 4 2 1 1 3455 3230 3244 3245
13126 4 2 1 1 3244 3454 3455 3469
13127 4 2 1 1 3245 3244 3455 3469
13128 4 2 1 1 3245 3455 3470 3469
13129 4 2 1 1 3455 3230 3245 3231
13130 4 2 1 1 3245 3455 3231 3456
13131 4 2 1 1 3456 3231 3245 3246
13132 4 2 1 1 3245 3455 3456 3470
13133 4 2 1 1 3246 3245 3456 3470
13134 4 2 1 1 3246 3456 3471 3470
13135 4 2 1 1 3456 3231 3246 3232
13136 4 2 1 1 3246 3456 3232 3457
13137 4 2 1 1 3457 3232 3246 3247
13138 4 2 1 1 3246 3456 3457 3471
13139 4 2 1 1 3247 3246 3457 3471
13140 4 2 1 1 3247 3457 3472 3471
13141 4 2 1 1 3457 3232 3247 3233
13142 4 2 1 1 3247 3457 3233 3458
13143 4 2 1 1 3458 3233 3247 3248
13144 4 2 1 1 3247 3457 3458 3472
13145 4 2 1 1 3248 3247 3458 3472
13146 4 2 1 1 3248 3458 3473 3472
13147 4 2 1 1 3458 3233 3248 526
13148 4 2 1 1 3248 3458 526 541
13149 4 2 1 1 541 526 3248 527
13150 4 2 1 1 3248 3458 541 3473
13151 4 2 1 1 527 3248 541 3473
13152 4 2 1 1 527 541 542 3473
13153 4 2 1 1 317 302 303 3234
13154 4 2 1 1 303 317 3234 3459
13155 4 2 1 1 3459 3234 303 3249
13156 4 2 1 1 303 317 3459 318
13157 4 2 1 1 3249 303 3459 318
13158 4 2 1 1 3249 3459 3474 318
13159 4 2 1 1 3459 3234 3249 3235
13160 4 2 1 1 3249 3459 3235 3460
13161 4 2 1 1 3460 3235 3249 3250
13162 4 2 1 1 3249 3459 3460 3474
13163 4 2 1 1 3250 3249 3460 3474
13164 4 2 1 1 3250 3460 3475 3474
13165 4 2 1 1 3460 3235 3250 3236
13166 4 2 1 1 3250 3460 3236 3461
13167 4 2 1 1 3461 3236 3250 3251
13168 4 2 1 1 3250 3460 3461 3475
13169 4 2 1 1 3251 3250 3461 3475
13170 4 2 1 1 3251 3461 3476 3475
13171 4 2 1 1 3461 3236 3251 3237
13172 4 2 1 1 3251 3461 3237 3462
13173 4 2 1 1 3462 3237 3251 3252
13174 4 2 1 1 3251 3461 3462 3476
13175 4 2 1 1 3252 3251 3462 3476
13176 4 2 1 1 3252 3462 3477 3476
13177 4 2 1 1 3462 3237 3252 3238
13178 4 2 1 1 3252 3462 3238 3463
13179 4 2 1 1 3463 3238 3252 3253
13180 4 2 1 1 3252 3462 3463 3477
13181 4 2 1 1 3253 3252 3463 3477
13182 4 2 1 1 3253 3463 3478 3477
13183 4 2 1 1 3463 3238 3253 3239
13184 4 2 1 1 3253 3463 3239 3464
13185 4 2 1 1 3464 3239 3253 3254
13186 4 2 1 1 3253 3463 3464 3478
13187 4 2 1 1 3254 3253 3464 3478
13188 4 2 1 1 3254 3464 3479 3478
13189 4 2 1 1 3464 3239 3254 3240
13190 4 2 1 1 3254 3464 3240 3465
13191 4 2 1 1 3465 3240 3254 3255
13192 4 2 1 1 3254 3464 3465 3479
13193 4 2 1 1 3255 3254 3465 3479
13194 4 2 1 1 3255 3465 3480 3479
13195 4 2 1 1 3465 3240 3255 3241
13196 4 2 1 1 3255 3465 3241 3466
13197 4 2 1 1 3466 3241 3255 3256
13198 4 2 1 1 3255 3465 3466 3480
13199 4 2 1 1 3256 3255 3466 3480
13200 4 2 1 1 3256 3466 3481 3480
13201 4 2 1 1 3466 3241 3256 3242
13202 4 2 1 1 3256 3466 3242 3467
13203 4 2 1 1 3467 3242 3256 3257
13204 4 2 1 1 3256 3466 3467 3481
13205 4 2 1 1 3257 3256 3467 3481
13206 4 2 1 1 3257 3467 3482 3481
13207 4 2 1 1 3467 3242 3257 3243
13208 4 2 1 1 3257 3467 3243 3468
13209 4 2 1 1 3468 3243 3257 3258
13210 4 2 1 1 3257 3467 3468 3482
13211 4 2 1 1 3258 3257 3468 3482
13212 4 2 1 1 3258 3468 3483 3482
13213 4 2 1 1 3468 3243 3258 3244
13214 4 2 1 1 3258 3468 3244 3469
13215 4 2 1 1 3469 3244 3258 3259
13216 4 2 1 1 3258 3468 3469 3483
13217 4 2 1 1 3259 3258 3469 3483
13218 4 2 1 1 3259 3469 3484 3483
13219 4 2 1 1 3469 3244 3259 3245
13220 4 2 1 1 3259 3469 3245 3470
13221 4 2 1 1 3470 3245 3259 3260
13222 4 2 1 1 3259 3469 3470 3484
13223 4 2 1 1 3260 3259 3470 3484
13224 4 2 1 1 3260 3470 3485 3484
13225 4 2 1 1 3470 3245 3260 3246
13226 4 2 1 1 3260 3470 3246 3471
13227 4 2 1 1 3471 3246 3260 3261
13228 4 2 1 1 3260 3470 3471 3485
13229 4 2 1 1 3261 3260 3471 3485
13230 4 2 1 1 3261 3471 3486 3485
13231 4 2 1 1 3471 3246 3261 3247
13232 4 2 1 1 3261 3471 3247 3472
13233 4 2 1 1 3472 3247 3261 3262
13234 4 2 1 1 3261 3471 3472 3486
13235 4 2 1 1 3262 3261 3472 3486
13236 4 2 1 1 3262 3472 3487 3486
13237 4 2 1 1 3472 3247 3262 3248
13238 4 2 1 1 3262 3472 3248 3473
13239 4 2 1 1 3473 3248 3262 3263
13240 4 2 1 1 3262 3472 3473 3487
13241 4 2 1 1 3263 3262 3473 3487
13242 4 2 1 1 3263 3473 3488 3487
13243 4 2 1 1 3473 3248 3263 527
13244 4 2 1 1 3263 3473 527 542
13245 4 2 1 1 542 527 3263 528
13246 4 2 1 1 3263 3473 542 3488
13247 4 2 1 1 528 3263 542 3488
13248 4 2 1 1 528 542 543 3488
13249 4 2 1 1 318 303 304 3249
13250 4 2 1 1 304 318 3249 3474
13251 4 2 1 1 3474 3249 304 3264
13252 4 2 1 1 304 318 3474 319
13253 4 2 1 1 3264 304 3474 319
13254 4 2 1 1 3264 3474 3489 319
13255 4 2 1 1 3474 3249 3264 3250
13256 4 2 1 1 3264 3474 3250 3475
13257 4 2 1 1 3475 3250 3264 3265
13258 4 2 1 1 3264 3474 3475 3489
13259 4 2 1 1 3265 3264 3475 3489
13260 4 2 1 1 3265 3475 3490 3489
13261 4 2 1 1 3475 3250 3265 3251
13262 4 2 1 1 3265 3475 3251 3476
13263 4 2 1 1 3476 3251 3265 3266
13264 4 2 1 1 3265 3475 3476 3490
13265 4 2 1 1 3266 3265 3476 3490
13266 4 2 1 1 3266 3476 3491 3490
13267 4 2 1 1 3476 3251 3266 3252
13268 4 2 1 1 3266 3476 3252 3477
13269 4 2 1 1 3477 3252 3266 3267
13270 4 2 1 1 3266 3476 3477 3491
13271 4 2 1 1 3267 3266 3477 3491
13272 4 2 1 1 3267 3477 3492 3491
13273 4 2 1 1 3477 3252 3267 3253
13274 4 2 1 1 3267 3477 3253 3478
13275 4 2 1 1 3478 3253 3267 3268
13276 4 2 1 1 3267 3477 3478 3492
13277 4 2 1 1 3268 3267 3478 3492
13278 4 2 1 1 3268 3478 3493 3492
13279 4 2 1 1 3478 3253 3268 3254
13280 4 2 1 1 3268 3478 3254 3479
13281 4 2 1 1 3479 3254 3268 3269
13282 4 2 1 1 3268 3478 3479 3493
13283 4 2 1 1 3269 3268 3479 3493
13284 4 2 1 1 3269 3479 3494 3493
13285 4 2 1 1 3479 3254 3269 3255
13286 4 2 1 1 3269 3479 3255 3480
13287 4 2 1 1 3480 3255 3269 3270
13288 4 2 1 1 3269 3479 3480 3494
13289 4 2 1 1 3270 3269 3480 3494
13290 4 2 1 1 3270 3480 3495 3494
13291 4 2 1 1 3480 3255 3270 3256
13292 4 2 1 1 3270 3480 3256 3481
13293 4 2 1 1 3481 3256 3270 3271
13294 4 2 1 1 3270 3480 3481 3495
13295 4 2 1 1 3271 3270 3481 3495
13296 4 2 1 1 3271 3481 3496 3495
13297 4 2 1 1 3481 3256 3271 3257
13298 4 2 1 1 3271 3481 3257 3482
13299 4 2 1 1 3482 3257 3271 3272
13300 4 2 1 1 3271 3481 3482 3496
13301 4 2 1 1 3272 3271 3482 3496
13302 4 2 1 1 3272 3482 3497 3496
13303 4 2 1 1 3482 3257 3272 3258
13304 4 2 1 1 3272 3482 3258 3483
13305 4 2 1 1 3483 3258 3272 3273
13306 4 2 1 1 3272 3482 3483 3497
13307 4 2 1 1 3273 3272 3483 3497
13308 4 2 1 1 3273 3483 3498 3497
13309 4 2 1 1 3483 3258 3273 3259
13310 4 2 1 1 3273 3483 3259 3484
13311 4 2 1 1 3484 3259 3273 3274
13312 4 2 1 1 3273 3483 3484 3498
13313 4 2 1 1 3274 3273 3484 3498
13314 4 2 1 1 3274 3484 3499 3498
13315 4 2 1 1 3484 3259 3274 3260
13316 4 2 1 1 3274 3484 3260 3485
13317 4 2 1 1 3485 3260 3274 3275
13318 4 2 1 1 3274 3484 3485 3499
13319 4 2 1 1 3275 3274 3485 3499
13320 4 2 1 1 3275 3485 3500 3499
13321 4 2 1 1 3485 3260 3275 3261
13322 4 2 1 1 3275 3485 3261 3486
13323 4 2 1 1 3486 3261 3275 3276
13324 4 2 1 1 3275 3485 3486 3500
13325 4 2 1 1 3276 3275 3486 3500
13326 4 2 1 1 3276 3486 3501 3500
13327 4 2 1 1 3486 3261 3276 3262
13328 4 2 1 1 3276 3486 3262 3487
13329 4 2 1 1 3487 3262 3276 3277
13330 4 2 1 1 3276 3486 3487 3501
13331 4 2 1 1 3277 3276 3487 3501
13332 4 2 1 1 3277 3487 3502 3501
13333 4 2 1 1 3487 3262 3277 3263
13334 4 2 1 1 3277 3487 3263 3488
13335 4 2 1 1 3488 3263 3277 3278
13336 4 2 1 1 3277 3487 3488 3502
13337 4 2 1 1 3278 3277 3488 3502
13338 4 2 1 1 3278 3488 3503 3502
13339 4 2 1 1 3488 3263 3278 528
13340 4 2 1 1 3278 3488 528 543
13341 4 2 1 1 543 528 3278 529
13342 4 2 1 1 3278 3488 543 3503
13343 4 2 1 1 529 3278 543 3503
13344 4 2 1 1 529 543 544 3503
13345 4 2 1 1 319 304 305 3264
13346 4 2 1 1 305 319 3264 3489
13347 4 2 1 1 3489 3264 305 3279
13348 4 2 1 1 305 319 3489 320
13349 4 2 1 1 3279 305 3489 320
13350 4 2 1 1 3279 3489 3504 320
13351 4 2 1 1 3489 3264 3279 3265
13352 4 2 1 1 3279 3489 3265 3490
13353 4 2 1 1 3490 3265 3279 3280
13354 4 2 1 1 3279 3489 3490 3504
13355 4 2 1 1 3280 3279 3490 3504
13356 4 2 1 1 3280 3490 3505 3504
13357 4 2 1 1 3490 3265 3280 3266
13358 4 2 1 1 3280 3490 3266 3491
13359 4 2 1 1 3491 3266 3280 3281
13360 4 2 1 1 3280 3490 3491 3505
13361 4 2 1 1 3281 3280 3491 3505
13362 4 2 1 1 3281 3491 3506 3505
13363 4 2 1 1 3491 3266 3281 3267
13364 4 2 1 1 3281 3491 3267 3492
13365 4 2 1 1 3492 3267 3281 3282
13366 4 2 1 1 3281 3491 3492 3506
13367 4 2 1 1 3282 3281 3492 3506
13368 4 2 1 1 3282 3492 3507 3506
13369 4 2 1 1 3492 3267 3282 3268
13370 4 2 1 1 3282 3492 3268 3493
13371 4 2 1 1 3493 3268 3282 3283
13372 4 2 1 1 3282 3492 3493 3507
13373 4 2 1 1 3283 3282 3493 3507
13374 4 2 1 1 3283 3493 3508 3507
13375 4 2 1 1 3493 3268 3283 3269
13376 4 2 1 1 3283 3493 3269 3494
13377 4 2 1 1 3494 3269 3283 3284
13378 4 2 1 1 3283 3493 3494 3508
13379 4 2 1 1 3284 3283 3494 3508
13380 4 2 1 1 3284 3494 3509 3508
13381 4 2 1 1 3494 3269 3284 3270
13382 4 2 1 1 3284 3494 3270 3495
13383 4 2 1 1 3495 3270 3284 3285
13384 4 2 1 1 3284 3494 3495 3509
13385 4 2 1 1 3285 3284 3495 3509
13386 4 2 1 1 3285 3495 3510 3509
13387 4 2 1 1 3495 3270 3285 3271
13388 4 2 1 1 3285 3495 3271 3496
13389 4 2 1 1 3496 3271 3285 3286
13390 4 2 1 1 3285 3495 3496 3510
13391 4 2 1 1 3286 3285 3496 3510
13392 4 2 1 1 3286 3496 3511 3510
13393 4 2 1 1 3496 3271 3286 3272
13394 4 2 1 1 3286 3496 3272 3497
13395 4 2 1 1 3497 3272 3286 3287
13396 4 2 1 1 3286 3496 3497 3511
13397 4 2 1 1 3287 3286 3497 3511
13398 4 2 1 1 3287 3497 3512 3511
13399 4 2 1 1 3497 3272 3287 3273
13400 4 2 1 1 3287 3497 3273 3498
13401 4 2 1 1 3498 3273 3287 3288
13402 4 2 1 1 3287 3497 3498 3512
13403 4 2 1 1 3288 3287 3498 3512
13404 4 2 1 1 3288 3498 3513 3512
13405 4 2 1 1 3498 3273 3288 3274
13406 4 2 1 1 3288 3498 3274 3499
13407 4 2 1 1 3499 3274 3288 3289
13408 4 2 1 1 3288 3498 3499 3513
13409 4 2 1 1 3289 3288 3499 3513
13410 4 2 1 1 3289 3499 3514 3513
13411 4 2 1 1 3499 3274 3289 3275
13412 4 2 1 1 3289 3499 3275 3500
13413 4 2 1 1 3500 3275 3289 3290
13414 4 2 1 1 3289 3499 3500 3514
13415 4 2 1 1 3290 3289 3500 3514
13416 4 2 1 1 3290 3500 3515 3514
13417 4 2 1 1 3500 3275 3290 3276
13418 4 2 1 1 3290 3500 3276 3501
13419 4 2 1 1 3501 3276 3290 3291
13420 4 2 1 1 3290 3500 3501 3515
13421 4 2 1 1 3291 3290 3501 3515
13422 4 2 1 1 3291 3501 3516 3515
13423 4 2 1 1 3501 3276 3291 3277
13424 4 2 1 1 3291 3501 3277 3502
13425 4 2 1 1 3502 3277 3291 3292
13426 4 2 1 1 3291 3501 3502 3516
13427 4 2 1 1 3292 3291 3502 3516
13428 4 2 1 1 3292 3502 3517 3516
13429 4 2 1 1 3502 3277 3292 3278
13430 4 2 1 1 3292 3502 3278 3503
13431 4 2 1 1 3503 3278 3292 3293
13432 4 2 1 1 3292 3502 3503 3517
13433 4 2 1 1 3293 3292 3503 3517
13434 4 2 1 1 3293 3503 3518 3517
13435 4 2 1 1 3503 3278 3293 529
13436 4 2 1 1 3293 3503 529 544
13437 4 2 1 1 544 529 3293 530
13438 4 2 1 1 3293 3503 544 3518
13439 4 2 1 1 530 3293 544 3518
13440 4 2 1 1 530 544 545 3518
13441 4 2 1 1 320 305 306 3279
13442 4 2 1 1 306 320 3279 3504
13443 4 2 1 1 3504 3279 306 3294
13444 4 2 1 1 306 320 3504 321
13445 4 2 1 1 3294 306 3504 321
13446 4 2 1 1 3294 3504 3519 321
13447 4 2 1 1 3504 3279 3294 3280
13448 4 2 1 1 3294 3504 3280 3505
13449 4 2 1 1 3505 3280 3294 3295
13450 4 2 1 1 3294 3504 3505 3519
13451 4 2 1 1 3295 3294 3505 3519
13452 4 2 1 1 3295 3505 3520 3519
13453 4 2 1 1 3505 3280 3295 3281
13454 4 2 1 1 3295 3505 3281 3506
13455 4 2 1 1 3506 3281 3295 3296
13456 4 2 1 1 3295 3505 3506 3520
13457 4 2 1 1 3296 3295 3506 3520
13458 4 2 1 1 3296 3506 3521 3520
13459 4 2 1 1 3506 3281 3296 3282
13460 4 2 1 1 3296 3506 3282 3507
13461 4 2 1 1 3507 3282 3296 3297
13462 4 2 1 1 3296 3506 3507 3521
13463 4 2 1 1 3297 3296 3507 3521
13464 4 2 1 1 3297 3507 3522 3521
13465 4 2 1 1 3507 3282 3297 3283
13466 4 2 1 1 3297 3507 3283 3508
13467 4 2 1 1 3508 3283 3297 3298
13468 4 2 1 1 3297 3507 3508 3522
13469 4 2 1 1 3298 3297 3508 3522
13470 4 2 1 1 3298 3508 3523 3522
13471 4 2 1 1 3508 3283 3298 3284
13472 4 2 1 1 3298 3508 3284 3509
13473 4 2 1 1 3509 3284 3298 3299
13474 4 2 1 1 3298 3508 3509 3523
13475 4 2 1 1 3299 3298 3509 3523
13476 4 2 1 1 3299 3509 3524 3523
13477 4 2 1 1 3509 3284 3299 3285
13478 4 2 1 1 3299 3509 3285 3510
13479 4 2 1 1 3510 3285 3299 3300
13480 4 2 1 1 3299 3509 3510 3524
13481 4 2 1 1 3300 3299 3510 3524
13482 4 2 1 1 3300 3510 3525 3524
13483 4 2 1 1 3510 3285 3300 3286
13484 4 2 1 1 3300 3510 3286 3511
13485 4 2 1 1 3511 3286 3300 3301
13486 4 2 1 1 3300 3510 3511 3525
13487 4 2 1 1 3301 3300 3511 3525
13488 4 2 1 1 3301 3511 3526 3525
13489 4 2 1 1 3511 3286 3301 3287
13490 4 2 1 1 3301 3511 3287 3512
13491 4 2 1 1 3512 3287 3301 3302
13492 4 2 1 1 3301 3511 3512 3526
13493 4 2 1 1 3302 3301 3512 3526
13494 4 2 1 1 3302 3512 3527 3526
13495 4 2 1 1 3512 3287 3302 3288
13496 4 2 1 1 3302 3512 3288 3513
13497 4 2 1 1 3513 3288 3302 3303
13498 4 2 1 1 3302 3512 3513 3527
13499 4 2 1 1 3303 3302 3513 3527
13500 4 2 1 1 3303 3513 3528 3527
13501 4 2 1 1 3513 3288 3303 3289
13502 4 2 1 1 3303 3513 3289 3514
13503 4 2 1 1 3514 3289 3303 3304
13504 4 2 1 1 3303 3513 3514 3528
13505 4 2 1 1 3304 3303 3514 3528
13506 4 2 1 1 3304 3514 3529 3528
13507 4 2 1 1 3514 3289 3304 3290
13508 4 2 1 1 3304 3514 3290 3515
13509 4 2 1 1 3515 3290 3304 3305
13510 4 2 1 1 3304 3514 3515 3529
13511 4 2 1 1 3305 3304 3515 3529
13512 4 2 1 1 3305 3515 3530 3529
13513 4 2 1 1 3515 3290 3305 3291
13514 4 2 1 1 3305 3515 3291 3516
13515 4 2 1 1 3516 3291 3305 3306
13516 4 2 1 1 3305 3515 3516 3530
13517 4 2 1 1 3306 3305 3516 3530
13518 4 2 1 1 3306 3516 3531 3530
13519 4 2 1 1 3516 3291 3306 3292
13520 4 2 1 1 3306 3516 3292 3517
13521 4 2 1 1 3517 3292 3306 3307
13522 4 2 1 1 3306 3516 3517 3531
13523 4 2 1 1 3307 3306 3517 3531
13524 4 2 1 1 3307 3517 3532 3531
13525 4 2 1 1 3517 3292 3307 3293
13526 4 2 1 1 3307 3517 3293 3518
13527 4 2 1 1 3518 3293 3307 3308
13528 4 2 1 1 3307 3517 3518 3532
13529 4 2 1 1 3308 3307 3518 3532
13530 4 2 1 1 3308 3518 3533 3532
13531 4 2 1 1 3518 3293 3308 530
13532 4 2 1 1 3308 3518 530 545
13533 4 2 1 1 545 530 3308 531
13534 4 2 1 1 3308 3518 545 3533
13535 4 2 1 1 531 3308 545 3533
13536 4 2 1 1 531 545 546 3533
13537 4 2 1 1 321 306 307 3294
13538 4 2 1 1 307 321 3294 3519
13539 4 2 1 1 3519 3294 307 3309
13540 4 2 1 1 307 321 3519 322
13541 4 2 1 1 3309 307 3519 322
13542 4 2 1 1 3309 3519 3534 322
13543 4 2 1 1 3519 3294 3309 3295
13544 4 2 1 1 3309 3519 3295 3520
13545 4 2 1 1 3520 3295 3309 3310
13546 4 2 1 1 3309 3519 3520 3534
13547 4 2 1 1 3310 3309 3520 3534
13548 4 2 1 1 3310 3520 3535 3534
13549 4 2 1 1 3520 3295 3310 3296
13550 4 2 1 1 3310 3520 3296 3521
13551 4 2 1 1 3521 3296 3310 3311
13552 4 2 1 1 3310 3520 3521 3535
13553 4 2 1 1 3311 3310 3521 3535
13554 4 2 1 1 3311 3521 3536 3535
13555 4 2 1 1 3521 3296 3311 3297
13556 4 2 1 1 3311 3521 3297 3522
13557 4 2 1 1 3522 3297 3311 3312
13558 4 2 1 1 3311 3521 3522 3536
13559 4 2 1 1 3312 3311 3522 3536
13560 4 2 1 1 3312 3522 3537 3536
13561 4 2 1 1 3522 3297 3312 3298
13562 4 2 1 1 3312 3522 3298 3523
13563 4 2 1 1 3523 3298 3312 3313
13564 4 2 1 1 3312 3522 3523 3537
13565 4 2 1 1 3313 3312 3523 3537
13566 4 2 1 1 3313 3523 3538 3537
13567 4 2 1 1 3523 3298 3313 3299
13568 4 2 1 1 3313 3523 3299 3524
13569 4 2 1 1 3524 3299 3313 3314
13570 4 2 1 1 3313 3523 3524 3538
13571 4 2 1 1 3314 3313 3524 3538
13572 4 2 1 1 3314 3524 3539 3538
13573 4 2 1 1 3524 3299 3314 3300
13574 4 2 1 1 3314 3524 3300 3525
13575 4 2 1 1 3525 3300 3314 3315
13576 4 2 1 1 3314 3524 3525 3539
13577 4 2 1 1 3315 3314 3525 3539
13578 4 2 1 1 3315 3525 3540 3539
13579 4 2 1 1 3525 3300 3315 3301
13580 4 2 1 1 3315 3525 3301 3526
13581 4 2 1 1 3526 3301 3315 3316
13582 4 2 1 1 3315 3525 3526 3540
13583 4 2 1 1 3316 3315 3526 3540
13584 4 2 1 1 3316 3526 3541 3540
13585 4 2 1 1 3526 3301 3316 3302
13586 4 2 1 1 3316 3526 3302 3527
13587 4 2 1 1 3527 3302 3316 3317
13588 4 2 1 1 3316 3526 3527 3541
13589 4 2 1 1 3317 3316 3527 3541
13590 4 2 1 1 3317 3527 3542 3541
13591 4 2 1 1 3527 3302 3317 3303
13592 4 2 1 1 3317 3527 3303 3528
13593 4 2 1 1 3528 3303 3317 3318
13594 4 2 1 1 3317 3527 3528 3542
13595 4 2 1 1 3318 3317 3528 3542
13596 4 2 1 1 3318 3528 3543 3542
13597 4 2 1 1 3528 3303 3318 3304
13598 4 2 1 1 3318 3528 3304 3529
13599 4 2 1 1 3529 3304 3318 3319
13600 4 2 1 1 3318 3528 3529 3543
13601 4 2 1 1 3319 3318 3529 3543
13602 4 2 1 1 3319 3529 3544 3543
13603 4 2 1 1 3529 3304 3319 3305
13604 4 2 1 1 3319 3529 3305 3530
13605 4 2 1 1 3530 3305 3319 3320
13606 4 2 1 1 3319 3529 3530 3544
13607 4 2 1 1 3320 3319 3530 3544
13608 4 2 1 1 3320 3530 3545 3544
13609 4 2 1 1 3530 3305 3320 3306
13610 4 2 1 1 3320 3530 3306 3531
13611 4 2 1 1 3531 3306 3320 3321
13612 4 2 1 1 3320 3530 3531 3545
13613 4 2 1 1 3321 3320 3531 3545
13614 4 2 1 1 3321 3531 3546 3545
13615 4 2 1 1 3531 3306 3321 3307
13616 4 2 1 1 3321 3531 3307 3532
13617 4 2 1 1 3532 3307 3321 3322
13618 4 2 1 1 3321 3531 3532 3546
13619 4 2 1 1 3322 3321 3532 3546
13620 4 2 1 1 3322 3532 3547 3546
13621 4 2 1 1 3532 3307 3322 3308
13622 4 2 1 1 3322 3532 3308 3533
13623 4 2 1 1 3533 3308 3322 3323
13624 4 2 1 1 3322 3532 3533 3547
13625 4 2 1 1 3323 3322 3533 3547
13626 4 2 1 1 3323 3533 3548 3547
13627 4 2 1 1 3533 3308 3323 531
13628 4 2 1 1 3323 3533 531 546
13629 4 2 1 1 546 531 3323 532
13630 4 2 1 1 3323 3533 546 3548
13631 4 2 1 1 532 3323 546 3548
13632 4 2 1 1 532 546 547 3548
13633 4 2 1 1 322 307 308 3309
13634 4 2 1 1 308 322 3309 3534
13635 4 2 1 1 3534 3309 308 3324
13636 4 2 1 1 308 322 3534 323
13637 4 2 1 1 3324 308 3534 323
13638 4 2 1 1 3324 3534 3549 323
13639 4 2 1 1 3534 3309 3324 3310
13640 4 2 1 1 3324 3534 3310 3535
13641 4 2 1 1 3535 3310 3324 3325
13642 4 2 1 1 3324 3534 3535 3549
13643 4 2 1 1 3325 3324 3535 3549
13644 4 2 1 1 3325 3535 3550 3549
13645 4 2 1 1 3535 3310 3325 3311
13646 4 2 1 1 3325 3535 3311 3536
13647 4 2 1 1 3536 3311 3325 3326
13648 4 2 1 1 3325 3535 3536 3550
13649 4 2 1 1 3326 3325 3536 3550
13650 4 2 1 1 3326 3536 3551 3550
13651 4 2 1 1 3536 3311 3326 3312
13652 4 2 1 1 3326 3536 3312 3537
13653 4 2 1 1 3537 3312 3326 3327
13654 4 2 1 1 3326 3536 3537 3551
13655 4 2 1 1 3327 3326 3537 3551
13656 4 2 1 1 3327 3537 3552 3551
13657 4 2 1 1 3537 3312 3327 3313
13658 4 2 1 1 3327 3537 3313 3538
13659 4 2 1 1 3538 3313 3327 3328
13660 4 2 1 1 3327 3537 3538 3552
13661 4 2 1 1 3328 3327 3538 3552
13662 4 2 1 1 3328 3538 3553 3552
13663 4 2 1 1 3538 3313 3328 3314
13664 4 2 1 1 3328 3538 3314 3539
13665 4 2 1 1 3539 3314 3328 3329
13666 4 2 1 1 3328 3538 3539 3553
13667 4 2 1 1 3329 3328 3539 3553
13668 4 2 1 1 3329 3539 3554 3553
13669 4 2 1 1 3539 3314 3329 3315
13670 4 2 1 1 3329 3539 3315 3540
13671 4 2 1 1 3540 3315 3329 3330
13672 4 2 1 1 3329 3539 3540 3554
13673 4 2 1 1 3330 3329 3540 3554
13674 4 2 1 1 3330 3540 3555 3554
13675 4 2 1 1 3540 3315 3330 3316
13676 4 2 1 1 3330 3540 3316 3541
13677 4 2 1 1 3541 3316 3330 3331
13678 4 2 1 1 3330 3540 3541 3555
13679 4 2 1 1 3331 3330 3541 3555
13680 4 2 1 1 3331 3541 3556 3555
13681 4 2 1 1 3541 3316 3331 3317
13682 4 2 1 1 3331 3541 3317 3542
13683 4 2 1 1 3542 3317 3331 3332
13684 4 2 1 1 3331 3541 3542 3556
13685 4 2 1 1 3332 3331 3542 3556
13686 4 2 1 1 3332 3542 3557 3556
13687 4 2 1 1 3542 3317 3332 3318
13688 4 2 1 1 3332 3542 3318 3543
13689 4 2 1 1 3543 3318 3332 3333
13690 4 2 1 1 3332 3542 3543 3557
13691 4 2 1 1 3333 3332 3543 3557
13692 4 2 1 1 3333 3543 3558 3557
13693 4 2 1 1 3543 3318 3333 3319
13694 4 2 1 1 3333 3543 3319 3544
13695 4 2 1 1 3544 3319 3333 3334
13696 4 2 1 1 3333 3543 3544 3558
13697 4 2 1 1 3334 3333 3544 3558
13698 4 2 1 1 3334 3544 3559 3558
13699 4 2 1 1 3544 3319 3334 3320
13700 4 2 1 1 3334 3544 3320 3545
13701 4 2 1 1 3545 3320 3334 3335
13702 4 2 1 1 3334 3544 3545 3559
13703 4 2 1 1 3335 3334 3545 3559
13704 4 2 1 1 3335 3545 3560 3559
13705 4 2 1 1 3545 3320 3335 3321
13706 4 2 1 1 3335 3545 3321 3546
13707 4 2 1 1 3546 3321 3335 3336
13708 4 2 1 1 3335 3545 3546 3560
13709 4 2 1 1 3336 3335 3546 3560
13710 4 2 1 1 3336 3546 3561 3560
13711 4 2 1 1 3546 3321 3336 3322
13712 4 2 1 1 3336 3546 3322 3547
13713 4 2 1 1 3547 3322 3336 3337
13714 4 2 1 1 3336 3546 3547 3561
13715 4 2 1 1 3337 3336 3547 3561
13716 4 2 1 1 3337 3547 3562 3561
13717 4 2 1 1 3547 3322 3337 3323
13718 4 2 1 1 3337 3547 3323 3548
13719 4 2 1 1 3548 3323 3337 3338
13720 4 2 1 1 3337 3547 3548 3562
13721 4 2 1 1 3338 3337 3548 3562
13722 4 2 1 1 3338 3548 3563 3562
13723 4 2 1 1 3548 3323 3338 532
13724 4 2 1 1 3338 3548 532 547
13725 4 2 1 1 547 532 3338 533
13726 4 2 1 1 3338 3548 547 3563
13727 4 2 1 1 533 3338 547 3563
13728 4 2 1 1 533 547 548 3563
13729 4 2 1 1 323 308 46 3324
13730 4 2 1 1 46 323 3324 3549
13731 4 2 1 1 3549 3324 46 871
13732 4 2 1 1 46 323 3549 47
13733 4 2 1 1 871 46 3549 47
13734 4 2 1 1 871 3549 872 47
13735 4 2 1 1 3549 3324 871 3325
13736 4 2 1 1 871 3549 3325 3550
13737 4 2 1 1 3550 3325 871 886
13738 4 2 1 1 871 3549 3550 872
13739 4 2 1 1 886 871 3550 872
13740 4 2 1 1 886 3550 887 872
13741 4 2 1 1 3550 3325 886 3326
13742 4 2 1 1 886 3550 3326 3551
13743 4 2 1 1 3551 3326 886 901
13744 4 2 1 1 886 3550 3551 887
13745 4 2 1 1 901 886 3551 887
13746 4 2 1 1 901 3551 902 887
13747 4 2 1 1 3551 3326 901 3327
13748 4 2 1 1 901 3551 3327 3552
13749 4 2 1 1 3552 3327 901 916
13750 4 2 1 1 901 3551 3552 902
13751 4 2 1 1 916 901 3552 902
13752 4 2 1 1 916 3552 917 902
13753 4 2 1 1 3552 3327 916 3328
13754 4 2 1 1 916 3552 3328 3553
13755 4 2 1 1 3553 3328 916 931
13756 4 2 1 1 916 3552 3553 917
13757 4 2 1 1 931 916 3553 917
13758 4 2 1 1 931 3553 932 917
13759 4 2 1 1 3553 3328 931 3329
13760 4 2 1 1 931 3553 3329 3554
13761 4 2 1 1 3554 3329 931 946
13762 4 2 1 1 931 3553 3554 932
13763 4 2 1 1 946 931 3554 932
13764 4 2 1 1 946 3554 947 932
13765 4 2 1 1 3554 3329 946 3330
13766 4 2 1 1 946 3554 3330 3555
13767 4 2 1 1 3555 3330 946 961
13768 4 2 1 1 946 3554 3555 947
13769 4 2 1 1 961 946 3555 947
13770 4 2 1 1 961 3555 962 947
13771 4 2 1 1 3555 3330 961 3331
13772 4 2 1 1 961 3555 3331 3556
13773 4 2 1 1 3556 3331 961 976
13774 4 2 1 1 961 3555 3556 962
13775 4 2 1 1 976 961 3556 962
13776 4 2 1 1 976 3556 977 962
13777 4 2 1 1 3556 3331 976 3332
13778 4 2 1 1 976 3556 3332 3557
13779 4 2 1 1 3557 3332 976 991
13780 4 2 1 1 976 3556 3557 977
13781 4 2 1 1 991 976 3557 977
13782 4 2 1 1 991 3557 992 977
13783 4 2 1 1 3557 3332 991 3333
13784 4 2 1 1 991 3557 3333 3558
13785 4 2 1 1 3558 3333 991 1006
13786 4 2 1 1 991 3557 3558 992
13787 4 2 1 1 1006 991 3558 992
13788 4 2 1 1 1006 3558 1007 992
13789 4 2 1 1 3558 3333 1006 3334
13790 4 2 1 1 1006 3558 3334 3559
13791 4 2 1 1 3559 3334 1006 1021
13792 4 2 1 1 1006 3558 3559 1007
13793 4 2 1 1 1021 1006 3559 1007
13794 4 2 1 1 1021 3559 1022 1007
13795 4 2 1 1 3559 3334 1021 3335
13796 4 2 1 1 1021 3559 3335 3560
13797 4 2 1 1 3560 3335 1021 1036
13798 4 2 1 1 1021 3559 3560 1022
13799 4 2 1 1 1036 1021 3560 1022
13800 4 2 1 1 1036 3560 1037 1022
13801 4 2 1 1 3560 3335 1036 3336
13802 4 2 1 1 1036 3560 3336 3561
13803 4 2 1 1 3561 3336 1036 1051
13804 4 2 1 1 1036 3560 3561 1037
13805 4 2 1 1 1051 1036 3561 1037
13806 4 2 1 1 1051 3561 1052 1037
13807 4 2 1 1 3561 3336 1051 3337
13808 4 2 1 1 1051 3561 3337 3562
13809 4 2 1 1 3562 3337 1051 1066
13810 4 2 1 1 1051 3561 3562 1052
13811 4 2 1 1 1066 1051 3562 1052
13812 4 2 1 1 1066 3562 1067 1052
13813 4 2 1 1 3562 3337 1066 3338
13814 4 2 1 1 1066 3562 3338 3563
13815 4 2 1 1 3563 3338 1066 1081
13816 4 2 1 1 1066 3562 3563 1067
13817 4 2 1 1 1081 1066 3563 1067
13818 4 2 1 1 1081 3563 1082 1067
13819 4 2 1 1 3563 3338 1081 533
13820 4 2 1 1 1081 3563 533 548
13821 4 2 1 1 548 533 1081 106
13822 4 2 1 1 1081 3563 548 1082
13823 4 2 1 1 106 1081 548 1082
13824 4 2 1 1 106 548 107 1082
13825 4 2 1 1 18 17 309 647
13826 4 2 1 1 309 18 647 648
13827 4 2 1 1 648 647 309 3339
13828 4 2 1 1 309 18 648 324
13829 4 2 1 1 3339 309 648 324
13830 4 2 1 1 3339 648 3564 324
13831 4 2 1 1 648 647 3339 662
13832 4 2 1 1 3339 648 662 663
13833 4 2 1 1 663 662 3339 3340
13834 4 2 1 1 3339 648 663 3564
13835 4 2 1 1 3340 3339 663 3564
13836 4 2 1 1 3340 663 3565 3564
13837 4 2 1 1 663 662 3340 677
13838 4 2 1 1 3340 663 677 678
13839 4 2 1 1 678 677 3340 3341
13840 4 2 1 1 3340 663 678 3565
13841 4 2 1 1 3341 3340 678 3565
13842 4 2 1 1 3341 678 3566 3565
13843 4 2 1 1 678 677 3341 692
13844 4 2 1 1 3341 678 692 693
13845 4 2 1 1 693 692 3341 3342
13846 4 2 1 1 3341 678 693 3566
13847 4 2 1 1 3342 3341 693 3566
13848 4 2 1 1 3342 693 3567 3566
13849 4 2 1 1 693 692 3342 707
13850 4 2 1 1 3342 693 707 708
13851 4 2 1 1 708 707 3342 3343
13852 4 2 1 1 3342 693 708 3567
13853 4 2 1 1 3343 3342 708 3567
13854 4 2 1 1 3343 708 3568 3567
13855 4 2 1 1 708 707 3343 722
13856 4 2 1 1 3343 708 722 723
13857 4 2 1 1 723 722 3343 3344
13858 4 2 1 1 3343 708 723 3568
13859 4 2 1 1 3344 3343 723 3568
13860 4 2 1 1 3344 723 3569 3568
13861 4 2 1 1 723 722 3344 737
13862 4 2 1 1 3344 723 737 738
13863 4 2 1 1 738 737 3344 3345
13864 4 2 1 1 3344 723 738 3569
13865 4 2 1 1 3345 3344 738 3569
13866 4 2 1 1 3345 738 3570 3569
13867 4 2 1 1 738 737 3345 752
13868 4 2 1 1 3345 738 752 753
13869 4 2 1 1 753 752 3345 3346
13870 4 2 1 1 3345 738 753 3570
13871 4 2 1 1 3346 3345 753 3570
13872 4 2 1 1 3346 753 3571 3570
13873 4 2 1 1 753 752 3346 767
13874 4 2 1 1 3346 753 767 768
13875 4 2 1 1 768 767 3346 3347
13876 4 2 1 1 3346 753 768 3571
13877 4 2 1 1 3347 3346 768 3571
13878 4 2 1 1 3347 768 3572 3571
13879 4 2 1 1 768 767 3347 782
13880 4 2 1 1 3347 768 782 783
13881 4 2 1 1 783 782 3347 3348
13882 4 2 1 1 3347 768 783 3572
13883 4 2 1 1 3348 3347 783 3572
13884 4 2 1 1 3348 783 3573 3572
13885 4 2 1 1 783 782 3348 797
13886 4 2 1 1 3348 783 797 798
13887 4 2 1 1 798 797 3348 3349
13888 4 2 1 1 3348 783 798 3573
13889 4 2 1 1 3349 3348 798 3573
13890 4 2 1 1 3349 798 3574 3573
13891 4 2 1 1 798 797 3349 812
13892 4 2 1 1 3349 798 812 813
13893 4 2 1 1 813 812 3349 3350
13894 4 2 1 1 3349 798 813 3574
13895 4 2 1 1 3350 3349 813 3574
13896 4 2 1 1 3350 813 3575 3574
13897 4 2 1 1 813 812 3350 827
13898 4 2 1 1 3350 813 827 828
13899 4 2 1 1 828 827 3350 3351
13900 4 2 1 1 3350 813 828 3575
13901 4 2 1 1 3351 3350 828 3575
13902 4 2 1 1 3351 828 3576 3575
13903 4 2 1 1 828 827 3351 842
13904 4 2 1 1 3351 828 842 843
13905 4 2 1 1 843 842 3351 3352
13906 4 2 1 1 3351 828 843 3576
13907 4 2 1 1 3352 3351 843 3576
13908 4 2 1 1 3352 843 3577 3576
13909 4 2 1 1 843 842 3352 857
13910 4 2 1 1 3352 843 857 858
13911 4 2 1 1 858 857 3352 3353
13912 4 2 1 1 3352 843 858 3577
13913 4 2 1 1 3353 3352 858 3577
13914 4 2 1 1 3353 858 3578 3577
13915 4 2 1 1 858 857 3353 77
13916 4 2 1 1 3353 858 77 78
13917 4 2 1 1 78 77 3353 534
13918 4 2 1 1 3353 858 78 3578
13919 4 2 1 1 534 3353 78 3578
13920 4 2 1 1 534 78 549 3578
13921 4 2 1 1 324 309 310 3339
13922 4 2 1 1 310 324 3339 3564
13923 4 2 1 1 3564 3339 310 3354
13924 4 2 1 1 310 324 3564 325
13925 4 2 1 1 3354 310 3564 325
13926 4 2 1 1 3354 3564 3579 325
13927 4 2 1 1 3564 3339 3354 3340
13928 4 2 1 1 3354 3564 3340 3565
13929 4 2 1 1 3565 3340 3354 3355
13930 4 2 1 1 3354 3564 3565 3579
13931 4 2 1 1 3355 3354 3565 3579
13932 4 2 1 1 3355 3565 3580 3579
13933 4 2 1 1 3565 3340 3355 3341
13934 4 2 1 1 3355 3565 3341 3566
13935 4 2 1 1 3566 3341 3355 3356
13936 4 2 1 1 3355 3565 3566 3580
13937 4 2 1 1 3356 3355 3566 3580
13938 4 2 1 1 3356 3566 3581 3580
13939 4 2 1 1 3566 3341 3356 3342
13940 4 2 1 1 3356 3566 3342 3567
13941 4 2 1 1 3567 3342 3356 3357
13942 4 2 1 1 3356 3566 3567 3581
13943 4 2 1 1 3357 3356 3567 3581
13944 4 2 1 1 3357 3567 3582 3581
13945 4 2 1 1 3567 3342 3357 3343
13946 4 2 1 1 3357 3567 3343 3568
13947 4 2 1 1 3568 3343 3357 3358
13948 4 2 1 1 3357 3567 3568 3582
13949 4 2 1 1 3358 3357 3568 3582
13950 4 2 1 1 3358 3568 3583 3582
13951 4 2 1 1 3568 3343 3358 3344
13952 4 2 1 1 3358 3568 3344 3569
13953 4 2 1 1 3569 3344 3358 3359
13954 4 2 1 1 3358 3568 3569 3583
13955 4 2 1 1 3359 3358 3569 3583
13956 4 2 1 1 3359 3569 3584 3583
13957 4 2 1 1 3569 3344 3359 3345
13958 4 2 1 1 3359 3569 3345 3570
13959 4 2 1 1 3570 3345 3359 3360
13960 4 2 1 1 3359 3569 3570 3584
13961 4 2 1 1 3360 3359 3570 3584
13962 4 2 1 1 3360 3570 3585 3584
13963 4 2 1 1 3570 3345 3360 3346
13964 4 2 1 1 3360 3570 3346 3571
13965 4 2 1 1 3571 3346 3360 3361
13966 4 2 1 1 3360 3570 3571 3585
13967 4 2 1 1 3361 3360 3571 3585
13968 4 2 1 1 3361 3571 3586 3585
13969 4 2 1 1 3571 3346 3361 3347
13970 4 2 1 1 3361 3571 3347 3572
13971 4 2 1 1 3572 3347 3361 3362
13972 4 2 1 1 3361 3571 3572 3586
13973 4 2 1 1 3362 3361 3572 3586
13974 4 2 1 1 3362 3572 3587 3586
13975 4 2 1 1 3572 3347 3362 3348
13976 4 2 1 1 3362 3572 3348 3573
13977 4 2 1 1 3573 3348 3362 3363
13978 4 2 1 1 3362 3572 3573 3587
13979 4 2 1 1 3363 3362 3573 3587
13980 4 2 1 1 3363 3573 3588 3587
13981 4 2 1 1 3573 3348 3363 3349
13982 4 2 1 1 3363 3573 3349 3574
13983 4 2 1 1 3574 3349 3363 3364
13984 4 2 1 1 3363 3573 3574 3588
13985 4 2 1 1 3364 3363 3574 3588
13986 4 2 1 1 3364 3574 3589 3588
13987 4 2 1 1 3574 3349 3364 3350
13988 4 2 1 1 3364 3574 3350 3575
13989 4 2 1 1 3575 3350 3364 3365
13990 4 2 1 1 3364 3574 3575 3589
13991 4 2 1 1 3365 3364 3575 3589
13992 4 2 1 1 3365 3575 3590 3589
13993 4 2 1 1 3575 3350 3365 3351
13994 4 2 1 1 3365 3575 3351 3576
13995 4 2 1 1 3576 3351 3365 3366
13996 4 2 1 1 3365 3575 3576 3590
13997 4 2 1 1 3366 3365 3576 3590
13998 4 2 1 1 3366 3576 3591 3590
13999 4 2 1 1 3576 3351 3366 3352
14000 4 2 1 1 3366 3576 3352 3577
14001 4 2 1 1 3577 3352 3366 3367
14002 4 2 1 1 3366 3576 3577 3591
14003 4 2 1 1 3367 3366 3577 3591
14004 4 2 1 1 3367 3577 3592 3591
14005 4 2 1 1 3577 3352 3367 3353
14006 4 2 1 1 3367 3577 3353 3578
14007 4 2 1 1 3578 3353 3367 3368
14008 4 2 1 1 3367 3577 3578 3592
14009 4 2 1 1 3368 3367 3578 3592
14010 4 2 1 1 3368 3578 3593 3592
14011 4 2 1 1 3578 3353 3368 534
14012 4 2 1 1 3368 3578 534 549
14013 4 2 1 1 549 534 3368 535
14014 4 2 1 1 3368 3578 549 3593
14015 4 2 1 1 535 3368 549 3593
14016 4 2 1 1 535 549 550 3593
14017 4 2 1 1 325 310 311 3354
14018 4 2 1 1 311 325 3354 3579
14019 4 2 1 1 3579 3354 311 3369
14020 4 2 1 1 311 325 3579 326
14021 4 2 1 1 3369 311 3579 326
14022 4 2 1 1 3369 3579 3594 326
14023 4 2 1 1 3579 3354 3369 3355
14024 4 2 1 1 3369 3579 3355 3580
14025 4 2 1 1 3580 3355 3369 3370
14026 4 2 1 1 3369 3579 3580 3594
14027 4 2 1 1 3370 3369 3580 3594
14028 4 2 1 1 3370 3580 3595 3594
14029 4 2 1 1 3580 3355 3370 3356
14030 4 2 1 1 3370 3580 3356 3581
14031 4 2 1 1 3581 3356 3370 3371
14032 4 2 1 1 3370 3580 3581 3595
14033 4 2 1 1 3371 3370 3581 3595
14034 4 2 1 1 3371 3581 3596 3595
14035 4 2 1 1 3581 3356 3371 3357
14036 4 2 1 1 3371 3581 3357 3582
14037 4 2 1 1 3582 3357 3371 3372
14038 4 2 1 1 3371 3581 3582 3596
14039 4 2 1 1 3372 3371 3582 3596
14040 4 2 1 1 3372 3582 3597 3596
14041 4 2 1 1 3582 3357 3372 3358
14042 4 2 1 1 3372 3582 3358 3583
14043 4 2 1 1 3583 3358 3372 3373
14044 4 2 1 1 3372 3582 3583 3597
14045 4 2 1 1 3373 3372 3583 3597
14046 4 2 1 1 3373 3583 3598 3597
14047 4 2 1 1 3583 3358 3373 3359
14048 4 2 1 1 3373 3583 3359 3584
14049 4 2 1 1 3584 3359 3373 3374
14050 4 2 1 1 3373 3583 3584 3598
14051 4 2 1 1 3374 3373 3584 3598
14052 4 2 1 1 3374 3584 3599 3598
14053 4 2 1 1 3584 3359 3374 3360
14054 4 2 1 1 3374 3584 3360 3585
14055 4 2 1 1 3585 3360 3374 3375
14056 4 2 1 1 3374 3584 3585 3599
14057 4 2 1 1 3375 3374 3585 3599
14058 4 2 1 1 3375 3585 3600 3599
14059 4 2 1 1 3585 3360 3375 3361
14060 4 2 1 1 3375 3585 3361 3586
14061 4 2 1 1 3586 3361 3375 3376
14062 4 2 1 1 3375 3585 3586 3600
14063 4 2 1 1 3376 3375 3586 3600
14064 4 2 1 1 3376 3586 3601 3600
14065 4 2 1 1 3586 3361 3376 3362
14066 4 2 1 1 3376 3586 3362 3587
14067 4 2 1 1 3587 3362 3376 3377
14068 4 2 1 1 3376 3586 3587 3601
14069 4 2 1 1 3377 3376 3587 3601
14070 4 2 1 1 3377 3587 3602 3601
14071 4 2 1 1 3587 3362 3377 3363
14072 4 2 1 1 3377 3587 3363 3588
14073 4 2 1 1 3588 3363 3377 3378
14074 4 2 1 1 3377 3587 3588 3602
14075 4 2 1 1 3378 3377 3588 3602
14076 4 2 1 1 3378 3588 3603 3602
14077 4 2 1 1 3588 3363 3378 3364
14078 4 2 1 1 3378 3588 3364 3589
14079 4 2 1 1 3589 3364 3378 3379
14080 4 2 1 1 3378 3588 3589 3603
14081 4 2 1 1 3379 3378 3589 3603
14082 4 2 1 1 3379 3589 3604 3603
14083 4 2 1 1 3589 3364 3379 3365
14084 4 2 1 1 3379 3589 3365 3590
14085 4 2 1 1 3590 3365 3379 3380
14086 4 2 1 1 3379 3589 3590 3604
14087 4 2 1 1 3380 3379 3590 3604
14088 4 2 1 1 3380 3590 3605 3604
14089 4 2 1 1 3590 3365 3380 3366
14090 4 2 1 1 3380 3590 3366 3591
14091 4 2 1 1 3591 3366 3380 3381
14092 4 2 1 1 3380 3590 3591 3605
14093 4 2 1 1 3381 3380 3591 3605
14094 4 2 1 1 3381 3591 3606 3605
14095 4 2 1 1 3591 3366 3381 3367
14096 4 2 1 1 3381 3591 3367 3592
14097 4 2 1 1 3592 3367 3381 3382
14098 4 2 1 1 3381 3591 3592 3606
14099 4 2 1 1 3382 3381 3592 3606
14100 4 2 1 1 3382 3592 3607 3606
14101 4 2 1 1 3592 3367 3382 3368
14102 4 2 1 1 3382 3592 3368 3593
14103 4 2 1 1 3593 3368 3382 3383
14104 4 2 1 1 3382 3592 3593 3607
14105 4 2 1 1 3383 3382 3593 3607
14106 4 2 1 1 3383 3593 3608 3607
14107 4 2 1 1 3593 3368 3383 535
14108 4 2 1 1 3383 3593 535 550
14109 4 2 1 1 550 535 3383 536
14110 4 2 1 1 3383 3593 550 3608
14111 4 2 1 1 536 3383 550 3608
14112 4 2 1 1 536 550 551 3608
14113 4 2 1 1 326 311 312 3369
14114 4 2 1 1 312 326 3369 3594
14115 4 2 1 1 3594 3369 312 3384
14116 4 2 1 1 312 326 3594 327
14117 4 2 1 1 3384 312 3594 327
14118 4 2 1 1 3384 3594 3609 327
14119 4 2 1 1 3594 3369 3384 3370
14120 4 2 1 1 3384 3594 3370 3595
14121 4 2 1 1 3595 3370 3384 3385
14122 4 2 1 1 3384 3594 3595 3609
14123 4 2 1 1 3385 3384 3595 3609
14124 4 2 1 1 3385 3595 3610 3609
14125 4 2 1 1 3595 3370 3385 3371
14126 4 2 1 1 3385 3595 3371 3596
14127 4 2 1 1 3596 3371 3385 3386
14128 4 2 1 1 3385 3595 3596 3610
14129 4 2 1 1 3386 3385 3596 3610
14130 4 2 1 1 3386 3596 3611 3610
14131 4 2 1 1 3596 3371 3386 3372
14132 4 2 1 1 3386 3596 3372 3597
14133 4 2 1 1 3597 3372 3386 3387
14134 4 2 1 1 3386 3596 3597 3611
14135 4 2 1 1 3387 3386 3597 3611
14136 4 2 1 1 3387 3597 3612 3611
14137 4 2 1 1 3597 3372 3387 3373
14138 4 2 1 1 3387 3597 3373 3598
14139 4 2 1 1 3598 3373 3387 3388
14140 4 2 1 1 3387 3597 3598 3612
14141 4 2 1 1 3388 3387 3598 3612
14142 4 2 1 1 3388 3598 3613 3612
14143 4 2 1 1 3598 3373 3388 3374
14144 4 2 1 1 3388 3598 3374 3599
14145 4 2 1 1 3599 3374 3388 3389
14146 4 2 1 1 3388 3598 3599 3613
14147 4 2 1 1 3389 3388 3599 3613
14148 4 2 1 1 3389 3599 3614 3613
14149 4 2 1 1 3599 3374 3389 3375
14150 4 2 1 1 3389 3599 3375 3600
14151 4 2 1 1 3600 3375 3389 3390
14152 4 2 1 1 3389 3599 3600 3614
14153 4 2 1 1 3390 3389 3600 3614
14154 4 2 1 1 3390 3600 3615 3614
14155 4 2 1 1 3600 3375 3390 3376
14156 4 2 1 1 3390 3600 3376 3601
14157 4 2 1 1 3601 3376 3390 3391
14158 4 2 1 1 3390 3600 3601 3615
14159 4 2 1 1 3391 3390 3601 3615
14160 4 2 1 1 3391 3601 3616 3615
14161 4 2 1 1 3601 3376 3391 3377
14162 4 2 1 1 3391 3601 3377 3602
14163 4 2 1 1 3602 3377 3391 3392
14164 4 2 1 1 3391 3601 3602 3616
14165 4 2 1 1 3392 3391 3602 3616
14166 4 2 1 1 3392 3602 3617 3616
14167 4 2 1 1 3602 3377 3392 3378
14168 4 2 1 1 3392 3602 3378 3603
14169 4 2 1 1 3603 3378 3392 3393
14170 4 2 1 1 3392 3602 3603 3617
14171 4 2 1 1 3393 3392 3603 3617
14172 4 2 1 1 3393 3603 3618 3617
14173 4 2 1 1 3603 3378 3393 3379
14174 4 2 1 1 3393 3603 3379 3604
14175 4 2 1 1 3604 3379 3393 3394
14176 4 2 1 1 3393 3603 3604 3618
14177 4 2 1 1 3394 3393 3604 3618
14178 4 2 1 1 3394 3604 3619 3618
14179 4 2 1 1 3604 3379 3394 3380
14180 4 2 1 1 3394 3604 3380 3605
14181 4 2 1 1 3605 3380 3394 3395
14182 4 2 1 1 3394 3604 3605 3619
14183 4 2 1 1 3395 3394 3605 3619
14184 4 2 1 1 3395 3605 3620 3619
14185 4 2 1 1 3605 3380 3395 3381
14186 4 2 1 1 3395 3605 3381 3606
14187 4 2 1 1 3606 3381 3395 3396
14188 4 2 1 1 3395 3605 3606 3620
14189 4 2 1 1 3396 3395 3606 3620
14190 4 2 1 1 3396 3606 3621 3620
14191 4 2 1 1 3606 3381 3396 3382
14192 4 2 1 1 3396 3606 3382 3607
14193 4 2 1 1 3607 3382 3396 3397
14194 4 2 1 1 3396 3606 3607 3621
14195 4 2 1 1 3397 3396 3607 3621
14196 4 2 1 1 3397 3607 3622 3621
14197 4 2 1 1 3607 3382 3397 3383
14198 4 2 1 1 3397 3607 3383 3608
14199 4 2 1 1 3608 3383 3397 3398
14200 4 2 1 1 3397 3607 3608 3622
14201 4 2 1 1 3398 3397 3608 3622
14202 4 2 1 1 3398 3608 3623 3622
14203 4 2 1 1 3608 3383 3398 536
14204 4 2 1 1 3398 3608 536 551
14205 4 2 1 1 551 536 3398 537
14206 4 2 1 1 3398 3608 551 3623
14207 4 2 1 1 537 3398 551 3623
14208 4 2 1 1 537 551 552 3623
14209 4 2 1 1 327 312 313 3384
14210 4 2 1 1 313 327 3384 3609
14211 4 2 1 1 3609 3384 313 3399
14212 4 2 1 1 313 327 3609 328
14213 4 2 1 1 3399 313 3609 328
14214 4 2 1 1 3399 3609 3624 328
14215 4 2 1 1 3609 3384 3399 3385
14216 4 2 1 1 3399 3609 3385 3610
14217 4 2 1 1 3610 3385 3399 3400
14218 4 2 1 1 3399 3609 3610 3624
14219 4 2 1 1 3400 3399 3610 3624
14220 4 2 1 1 3400 3610 3625 3624
14221 4 2 1 1 3610 3385 3400 3386
14222 4 2 1 1 3400 3610 3386 3611
14223 4 2 1 1 3611 3386 3400 3401
14224 4 2 1 1 3400 3610 3611 3625
14225 4 2 1 1 3401 3400 3611 3625
14226 4 2 1 1 3401 3611 3626 3625
14227 4 2 1 1 3611 3386 3401 3387
14228 4 2 1 1 3401 3611 3387 3612
14229 4 2 1 1 3612 3387 3401 3402
14230 4 2 1 1 3401 3611 3612 3626
14231 4 2 1 1 3402 3401 3612 3626
14232 4 2 1 1 3402 3612 3627 3626
14233 4 2 1 1 3612 3387 3402 3388
14234 4 2 1 1 3402 3612 3388 3613
14235 4 2 1 1 3613 3388 3402 3403
14236 4 2 1 1 3402 3612 3613 3627
14237 4 2 1 1 3403 3402 3613 3627
14238 4 2 1 1 3403 3613 3628 3627
14239 4 2 1 1 3613 3388 3403 3389
14240 4 2 1 1 3403 3613 3389 3614
14241 4 2 1 1 3614 3389 3403 3404
14242 4 2 1 1 3403 3613 3614 3628
14243 4 2 1 1 3404 3403 3614 3628
14244 4 2 1 1 3404 3614 3629 3628
14245 4 2 1 1 3614 3389 3404 3390
14246 4 2 1 1 3404 3614 3390 3615
14247 4 2 1 1 3615 3390 3404 3405
14248 4 2 1 1 3404 3614 3615 3629
14249 4 2 1 1 3405 3404 3615 3629
14250 4 2 1 1 3405 3615 3630 3629
14251 4 2 1 1 3615 3390 3405 3391
14252 4 2 1 1 3405 3615 3391 3616
14253 4 2 1 1 3616 3391 3405 3406
14254 4 2 1 1 3405 3615 3616 3630
14255 4 2 1 1 3406 3405 3616 3630
14256 4 2 1 1 3406 3616 3631 3630
14257 4 2 1 1 3616 3391 3406 3392
14258 4 2 1 1 3406 3616 3392 3617
14259 4 2 1 1 3617 3392 3406 3407
14260 4 2 1 1 3406 3616 3617 3631
14261 4 2 1 1 3407 3406 3617 3631
14262 4 2 1 1 3407 3617 3632 3631
14263 4 2 1 1 3617 3392 3407 3393
14264 4 2 1 1 3407 3617 3393 3618
14265 4 2 1 1 3618 3393 3407 3408
14266 4 2 1 1 3407 3617 3618 3632
14267 4 2 1 1 3408 3407 3618 3632
14268 4 2 1 1 3408 3618 3633 3632
14269 4 2 1 1 3618 3393 3408 3394
14270 4 2 1 1 3408 3618 3394 3619
14271 4 2 1 1 3619 3394 3408 3409
14272 4 2 1 1 3408 3618 3619 3633
14273 4 2 1 1 3409 3408 3619 3633
14274 4 2 1 1 3409 3619 3634 3633
14275 4 2 1 1 3619 3394 3409 3395
14276 4 2 1 1 3409 3619 3395 3620
14277 4 2 1 1 3620 3395 3409 3410
14278 4 2 1 1 3409 3619 3620 3634
14279 4 2 1 1 3410 3409 3620 3634
14280 4 2 1 1 3410 3620 3635 3634
14281 4 2 1 1 3620 3395 3410 3396
14282 4 2 1 1 3410 3620 3396 3621
14283 4 2 1 1 3621 3396 3410 3411
14284 4 2 1 1 3410 3620 3621 3635
14285 4 2 1 1 3411 3410 3621 3635
14286 4 2 1 1 3411 3621 3636 3635
14287 4 2 1 1 3621 3396 3411 3397
14288 4 2 1 1 3411 3621 3397 3622
14289 4 2 1 1 3622 3397 3411 3412
14290 4 2 1 1 3411 3621 3622 3636
14291 4 2 1 1 3412 3411 3622 3636
14292 4 2 1 1 3412 3622 3637 3636
14293 4 2 1 1 3622 3397 3412 3398
14294 4 2 1 1 3412 3622 3398 3623
14295 4 2 1 1 3623 3398 3412 3413
14296 4 2 1 1 3412 3622 3623 3637
14297 4 2 1 1 3413 3412 3623 3637
14298 4 2 1 1 3413 3623 3638 3637
14299 4 2 1 1 3623 3398 3413 537
14300 4 2 1 1 3413 3623 537 552
14301 4 2 1 1 552 537 3413 538
14302 4 2 1 1 3413 3623 552 3638
14303 4 2 1 1 538 3413 552 3638
14304 4 2 1 1 538 552 553 3638
14305 4 2 1 1 328 313 314 3399
14306 4 2 1 1 314 328 3399 3624
14307 4 2 1 1 3624 3399 314 3414
14308 4 2 1 1 314 328 3624 329
14309 4 2 1 1 3414 314 3624 329
14310 4 2 1 1 3414 3624 3639 329
14311 4 2 1 1 3624 3399 3414 3400
14312 4 2 1 1 3414 3624 3400 3625
14313 4 2 1 1 3625 3400 3414 3415
14314 4 2 1 1 3414 3624 3625 3639
14315 4 2 1 1 3415 3414 3625 3639
14316 4 2 1 1 3415 3625 3640 3639
14317 4 2 1 1 3625 3400 3415 3401
14318 4 2 1 1 3415 3625 3401 3626
14319 4 2 1 1 3626 3401 3415 3416
14320 4 2 1 1 3415 3625 3626 3640
14321 4 2 1 1 3416 3415 3626 3640
14322 4 2 1 1 3416 3626 3641 3640
14323 4 2 1 1 3626 3401 3416 3402
14324 4 2 1 1 3416 3626 3402 3627
14325 4 2 1 1 3627 3402 3416 3417
14326 4 2 1 1 3416 3626 3627 3641
14327 4 2 1 1 3417 3416 3627 3641
14328 4 2 1 1 3417 3627 3642 3641
14329 4 2 1 1 3627 3402 3417 3403
14330 4 2 1 1 3417 3627 3403 3628
14331 4 2 1 1 3628 3403 3417 3418
14332 4 2 1 1 3417 3627 3628 3642
14333 4 2 1 1 3418 3417 3628 3642
14334 4 2 1 1 3418 3628 3643 3642
14335 4 2 1 1 3628 3403 3418 3404
14336 4 2 1 1 3418 3628 3404 3629
14337 4 2 1 1 3629 3404 3418 3419
14338 4 2 1 1 3418 3628 3629 3643
14339 4 2 1 1 3419 3418 3629 3643
14340 4 2 1 1 3419 3629 3644 3643
14341 4 2 1 1 3629 3404 3419 3405
14342 4 2 1 1 3419 3629 3405 3630
14343 4 2 1 1 3630 3405 3419 3420
14344 4 2 1 1 3419 3629 3630 3644
14345 4 2 1 1 3420 3419 3630 3644
14346 4 2 1 1 3420 3630 3645 3644
14347 4 2 1 1 3630 3405 3420 3406
14348 4 2 1 1 3420 3630 3406 3631
14349 4 2 1 1 3631 3406 3420 3421
14350 4 2 1 1 3420 3630 3631 3645
14351 4 2 1 1 3421 3420 3631 3645
14352 4 2 1 1 3421 3631 3646 3645
14353 4 2 1 1 3631 3406 3421 3407
14354 4 2 1 1 3421 3631 3407 3632
14355 4 2 1 1 3632 3407 3421 3422
14356 4 2 1 1 3421 3631 3632 3646
14357 4 2 1 1 3422 3421 3632 3646
14358 4 2 1 1 3422 3632 3647 3646
14359 4 2 1 1 3632 3407 3422 3408
14360 4 2 1 1 3422 3632 3408 3633
14361 4 2 1 1 3633 3408 3422 3423
14362 4 2 1 1 3422 3632 3633 3647
14363 4 2 1 1 3423 3422 3633 3647
14364 4 2 1 1 3423 3633 3648 3647
14365 4 2 1 1 3633 3408 3423 3409
14366 4 2 1 1 3423 3633 3409 3634
14367 4 2 1 1 3634 3409 3423 3424
14368 4 2 1 1 3423 3633 3634 3648
14369 4 2 1 1 3424 3423 3634 3648
14370 4 2 1 1 3424 3634 3649 3648
14371 4 2 1 1 3634 3409 3424 3410
14372 4 2 1 1 3424 3634 3410 3635
14373 4 2 1 1 3635 3410 3424 3425
14374 4 2 1 1 3424 3634 3635 3649
14375 4 2 1 1 3425 3424 3635 3649
14376 4 2 1 1 3425 3635 3650 3649
14377 4 2 1 1 3635 3410 3425 3411
14378 4 2 1 1 3425 3635 3411 3636
14379 4 2 1 1 3636 3411 3425 3426
14380 4 2 1 1 3425 3635 3636 3650
14381 4 2 1 1 3426 3425 3636 3650
14382 4 2 1 1 3426 3636 3651 3650
14383 4 2 1 1 3636 3411 3426 3412
14384 4 2 1 1 3426 3636 3412 3637
14385 4 2 1 1 3637 3412 3426 3427
14386 4 2 1 1 3426 3636 3637 3651
14387 4 2 1 1 3427 3426 3637 3651
14388 4 2 1 1 3427 3637 3652 3651
14389 4 2 1 1 3637 3412 3427 3413
14390 4 2 1 1 3427 3637 3413 3638
14391 4 2 1 1 3638 3413 3427 3428
14392 4 2 1 1 3427 3637 3638 3652
14393 4 2 1 1 3428 3427 3638 3652
14394 4 2 1 1 3428 3638 3653 3652
14395 4 2 1 1 3638 3413 3428 538
14396 4 2 1 1 3428 3638 538 553
14397 4 2 1 1 553 538 3428 539
14398 4 2 1 1 3428 3638 553 3653
14399 4 2 1 1 539 3428 553 3653
14400 4 2 1 1 539 553 554 3653
14401 4 2 1 1 329 314 315 3414
14402 4 2 1 1 315 329 3414 3639
14403 4 2 1 1 3639 3414 315 3429
14404 4 2 1 1 315 329 3639 330
14405 4 2 1 1 3429 315 3639 330
14406 4 2 1 1 3429 3639 3654 330
14407 4 2 1 1 3639 3414 3429 3415
14408 4 2 1 1 3429 3639 3415 3640
14409 4 2 1 1 3640 3415 3429 3430
14410 4 2 1 1 3429 3639 3640 3654
14411 4 2 1 1 3430 3429 3640 3654
14412 4 2 1 1 3430 3640 3655 3654
14413 4 2 1 1 3640 3415 3430 3416
14414 4 2 1 1 3430 3640 3416 3641
14415 4 2 1 1 3641 3416 3430 3431
14416 4 2 1 1 3430 3640 3641 3655
14417 4 2 1 1 3431 3430 3641 3655
14418 4 2 1 1 3431 3641 3656 3655
14419 4 2 1 1 3641 3416 3431 3417
14420 4 2 1 1 3431 3641 3417 3642
14421 4 2 1 1 3642 3417 3431 3432
14422 4 2 1 1 3431 3641 3642 3656
14423 4 2 1 1 3432 3431 3642 3656
14424 4 2 1 1 3432 3642 3657 3656
14425 4 2 1 1 3642 3417 3432 3418
14426 4 2 1 1 3432 3642 3418 3643
14427 4 2 1 1 3643 3418 3432 3433
14428 4 2 1 1 3432 3642 3643 3657
14429 4 2 1 1 3433 3432 3643 3657
14430 4 2 1 1 3433 3643 3658 3657
14431 4 2 1 1 3643 3418 3433 3419
14432 4 2 1 1 3433 3643 3419 3644
14433 4 2 1 1 3644 3419 3433 3434
14434 4 2 1 1 3433 3643 3644 3658
14435 4 2 1 1 3434 3433 3644 3658
14436 4 2 1 1 3434 3644 3659 3658
14437 4 2 1 1 3644 3419 3434 3420
14438 4 2 1 1 3434 3644 3420 3645
14439 4 2 1 1 3645 3420 3434 3435
14440 4 2 1 1 3434 3644 3645 3659
14441 4 2 1 1 3435 3434 3645 3659
14442 4 2 1 1 3435 3645 3660 3659
14443 4 2 1 1 3645 3420 3435 3421
14444 4 2 1 1 3435 3645 3421 3646
14445 4 2 1 1 3646 3421 3435 3436
14446 4 2 1 1 3435 3645 3646 3660
14447 4 2 1 1 3436 3435 3646 3660
14448 4 2 1 1 3436 3646 3661 3660
14449 4 2 1 1 3646 3421 3436 3422
14450 4 2 1 1 3436 3646 3422 3647
14451 4 2 1 1 3647 3422 3436 3437
14452 4 2 1 1 3436 3646 3647 3661
14453 4 2 1 1 3437 3436 3647 3661
14454 4 2 1 1 3437 3647 3662 3661
14455 4 2 1 1 3647 3422 3437 3423
14456 4 2 1 1 3437 3647 3423 3648
14457 4 2 1 1 3648 3423 3437 3438
14458 4 2 1 1 3437 3647 3648 3662
14459 4 2 1 1 3438 3437 3648 3662
14460 4 2 1 1 3438 3648 3663 3662
14461 4 2 1 1 3648 3423 3438 3424
14462 4 2 1 1 3438 3648 3424 3649
14463 4 2 1 1 3649 3424 3438 3439
14464 4 2 1 1 3438 3648 3649 3663
14465 4 2 1 1 3439 3438 3649 3663
14466 4 2 1 1 3439 3649 3664 3663
14467 4 2 1 1 3649 3424 3439 3425
14468 4 2 1 1 3439 3649 3425 3650
14469 4 2 1 1 3650 3425 3439 3440
14470 4 2 1 1 3439 3649 3650 3664
14471 4 2 1 1 3440 3439 3650 3664
14472 4 2 1 1 3440 3650 3665 3664
14473 4 2 1 1 3650 3425 3440 3426
14474 4 2 1 1 3440 3650 3426 3651
14475 4 2 1 1 3651 3426 3440 3441
14476 4 2 1 1 3440 3650 3651 3665
14477 4 2 1 1 3441 3440 3651 3665
14478 4 2 1 1 3441 3651 3666 3665
14479 4 2 1 1 3651 3426 3441 3427
14480 4 2 1 1 3441 3651 3427 3652
14481 4 2 1 1 3652 3427 3441 3442
14482 4 2 1 1 3441 3651 3652 3666
14483 4 2 1 1 3442 3441 3652 3666
14484 4 2 1 1 3442 3652 3667 3666
14485 4 2 1 1 3652 3427 3442 3428
14486 4 2 1 1 3442 3652 3428 3653
14487 4 2 1 1 3653 3428 3442 3443
14488 4 2 1 1 3442 3652 3653 3667
14489 4 2 1 1 3443 3442 3653 3667
14490 4 2 1 1 3443 3653 3668 3667
14491 4 2 1 1 3653 3428 3443 539
14492 4 2 1 1 3443 3653 539 554
14493 4 2 1 1 554 539 3443 540
14494 4 2 1 1 3443 3653 554 3668
14495 4 2 1 1 540 3443 554 3668
14496 4 2 1 1 540 554 555 3668
14497 4 2 1 1 330 315 316 3429
14498 4 2 1 1 316 330 3429 3654
14499 4 2 1 1 3654 3429 316 3444
14500 4 2 1 1 316 330 3654 331
14501 4 2 1 1 3444 316 3654 331
14502 4 2 1 1 3444 3654 3669 331
14503 4 2 1 1 3654 3429 3444 3430
14504 4 2 1 1 3444 3654 3430 3655
14505 4 2 1 1 3655 3430 3444 3445
14506 4 2 1 1 3444 3654 3655 3669
14507 4 2 1 1 3445 3444 3655 3669
14508 4 2 1 1 3445 3655 3670 3669
14509 4 2 1 1 3655 3430 3445 3431
14510 4 2 1 1 3445 3655 3431 3656
14511 4 2 1 1 3656 3431 3445 3446
14512 4 2 1 1 3445 3655 3656 3670
14513 4 2 1 1 3446 3445 3656 3670
14514 4 2 1 1 3446 3656 3671 3670
14515 4 2 1 1 3656 3431 3446 3432
14516 4 2 1 1 3446 3656 3432 3657
14517 4 2 1 1 3657 3432 3446 3447
14518 4 2 1 1 3446 3656 3657 3671
14519 4 2 1 1 3447 3446 3657 3671
14520 4 2 1 1 3447 3657 3672 3671
14521 4 2 1 1 3657 3432 3447 3433
14522 4 2 1 1 3447 3657 3433 3658
14523 4 2 1 1 3658 3433 3447 3448
14524 4 2 1 1 3447 3657 3658 3672
14525 4 2 1 1 3448 3447 3658 3672
14526 4 2 1 1 3448 3658 3673 3672
14527 4 2 1 1 3658 3433 3448 3434
14528 4 2 1 1 3448 3658 3434 3659
14529 4 2 1 1 3659 3434 3448 3449
14530 4 2 1 1 3448 3658 3659 3673
14531 4 2 1 1 3449 3448 3659 3673
14532 4 2 1 1 3449 3659 3674 3673
14533 4 2 1 1 3659 3434 3449 3435
14534 4 2 1 1 3449 3659 3435 3660
14535 4 2 1 1 3660 3435 3449 3450
14536 4 2 1 1 3449 3659 3660 3674
14537 4 2 1 1 3450 3449 3660 3674
14538 4 2 1 1 3450 3660 3675 3674
14539 4 2 1 1 3660 3435 3450 3436
14540 4 2 1 1 3450 3660 3436 3661
14541 4 2 1 1 3661 3436 3450 3451
14542 4 2 1 1 3450 3660 3661 3675
14543 4 2 1 1 3451 3450 3661 3675
14544 4 2 1 1 3451 3661 3676 3675
14545 4 2 1 1 3661 3436 3451 3437
14546 4 2 1 1 3451 3661 3437 3662
14547 4 2 1 1 3662 3437 3451 3452
14548 4 2 1 1 3451 3661 3662 3676
14549 4 2 1 1 3452 3451 3662 3676
14550 4 2 1 1 3452 3662 3677 3676
14551 4 2 1 1 3662 3437 3452 3438
14552 4 2 1 1 3452 3662 3438 3663
14553 4 2 1 1 3663 3438 3452 3453
14554 4 2 1 1 3452 3662 3663 3677
14555 4 2 1 1 3453 3452 3663 3677
14556 4 2 1 1 3453 3663 3678 3677
14557 4 2 1 1 3663 3438 3453 3439
14558 4 2 1 1 3453 3663 3439 3664
14559 4 2 1 1 3664 3439 3453 3454
14560 4 2 1 1 3453 3663 3664 3678
14561 4 2 1 1 3454 3453 3664 3678
14562 4 2 1 1 3454 3664 3679 3678
14563 4 2 1 1 3664 3439 3454 3440
14564 4 2 1 1 3454 3664 3440 3665
14565 4 2 1 1 3665 3440 3454 3455
14566 4 2 1 1 3454 3664 3665 3679
14567 4 2 1 1 3455 3454 3665 3679
14568 4 2 1 1 3455 3665 3680 3679
14569 4 2 1 1 3665 3440 3455 3441
14570 4 2 1 1 3455 3665 3441 3666
14571 4 2 1 1 3666 3441 3455 3456
14572 4 2 1 1 3455 3665 3666 3680
14573 4 2 1 1 3456 3455 3666 3680
14574 4 2 1 1 3456 3666 3681 3680
14575 4 2 1 1 3666 3441 3456 3442
14576 4 2 1 1 3456 3666 3442 3667
14577 4 2 1 1 3667 3442 3456 3457
14578 4 2 1 1 3456 3666 3667 3681
14579 4 2 1 1 3457 3456 3667 3681
14580 4 2 1 1 3457 3667 3682 3681
14581 4 2 1 1 3667 3442 3457 3443
14582 4 2 1 1 3457 3667 3443 3668
14583 4 2 1 1 3668 3443 3457 3458
14584 4 2 1 1 3457 3667 3668 3682
14585 4 2 1 1 3458 3457 3668 3682
14586 4 2 1 1 3458 3668 3683 3682
14587 4 2 1 1 3668 3443 3458 540
14588 4 2 1 1 3458 3668 540 555
14589 4 2 1 1 555 540 3458 541
14590 4 2 1 1 3458 3668 555 3683
14591 4 2 1 1 541 3458 555 3683
14592 4 2 1 1 541 555 556 3683
14593 4 2 1 1 331 316 317 3444
14594 4 2 1 1 317 331 3444 3669
14595 4 2 1 1 3669 3444 317 3459
14596 4 2 1 1 317 331 3669 332
14597 4 2 1 1 3459 317 3669 332
14598 4 2 1 1 3459 3669 3684 332
14599 4 2 1 1 3669 3444 3459 3445
14600 4 2 1 1 3459 3669 3445 3670
14601 4 2 1 1 3670 3445 3459 3460
14602 4 2 1 1 3459 3669 3670 3684
14603 4 2 1 1 3460 3459 3670 3684
14604 4 2 1 1 3460 3670 3685 3684
14605 4 2 1 1 3670 3445 3460 3446
14606 4 2 1 1 3460 3670 3446 3671
14607 4 2 1 1 3671 3446 3460 3461
14608 4 2 1 1 3460 3670 3671 3685
14609 4 2 1 1 3461 3460 3671 3685
14610 4 2 1 1 3461 3671 3686 3685
14611 4 2 1 1 3671 3446 3461 3447
14612 4 2 1 1 3461 3671 3447 3672
14613 4 2 1 1 3672 3447 3461 3462
14614 4 2 1 1 3461 3671 3672 3686
14615 4 2 1 1 3462 3461 3672 3686
14616 4 2 1 1 3462 3672 3687 3686
14617 4 2 1 1 3672 3447 3462 3448
14618 4 2 1 1 3462 3672 3448 3673
14619 4 2 1 1 3673 3448 3462 3463
14620 4 2 1 1 3462 3672 3673 3687
14621 4 2 1 1 3463 3462 3673 3687
14622 4 2 1 1 3463 3673 3688 3687
14623 4 2 1 1 3673 3448 3463 3449
14624 4 2 1 1 3463 3673 3449 3674
14625 4 2 1 1 3674 3449 3463 3464
14626 4 2 1 1 3463 3673 3674 3688
14627 4 2 1 1 3464 3463 3674 3688
14628 4 2 1 1 3464 3674 3689 3688
14629 4 2 1 1 3674 3449 3464 3450
14630 4 2 1 1 3464 3674 3450 3675
14631 4 2 1 1 3675 3450 3464 3465
14632 4 2 1 1 3464 3674 3675 3689
14633 4 2 1 1 3465 3464 3675 3689
14634 4 2 1 1 3465 3675 3690 3689
14635 4 2 1 1 3675 3450 3465 3451
14636 4 2 1 1 3465 3675 3451 3676
14637 4 2 1 1 3676 3451 3465 3466
14638 4 2 1 1 3465 3675 3676 3690
14639 4 2 1 1 3466 3465 3676 3690
14640 4 2 1 1 3466 3676 3691 3690
14641 4 2 1 1 3676 3451 3466 3452
14642 4 2 1 1 3466 3676 3452 3677
14643 4 2 1 1 3677 3452 3466 3467
14644 4 2 1 1 3466 3676 3677 3691
14645 4 2 1 1 3467 3466 3677 3691
14646 4 2 1 1 3467 3677 3692 3691
14647 4 2 1 1 3677 3452 3467 3453
14648 4 2 1 1 3467 3677 3453 3678
14649 4 2 1 1 3678 3453 3467 3468
14650 4 2 1 1 3467 3677 3678 3692
14651 4 2 1 1 3468 3467 3678 3692
14652 4 2 1 1 3468 3678 3693 3692
14653 4 2 1 1 3678 3453 3468 3454
14654 4 2 1 1 3468 3678 3454 3679
14655 4 2 1 1 3679 3454 3468 3469
14656 4 2 1 1 3468 3678 3679 3693
14657 4 2 1 1 3469 3468 3679 3693
14658 4 2 1 1 3469 3679 3694 3693
14659 4 2 1 1 3679 3454 3469 3455
14660 4 2 1 1 3469 3679 3455 3680
14661 4 2 1 1 3680 3455 3469 3470
14662 4 2 1 1 3469 3679 3680 3694
14663 4 2 1 1 3470 3469 3680 3694
14664 4 2 1 1 3470 3680 3695 3694
14665 4 2 1 1 3680 3455 3470 3456
14666 4 2 1 1 3470 3680 3456 3681
14667 4 2 1 1 3681 3456 3470 3471
14668 4 2 1 1 3470 3680 3681 3695
14669 4 2 1 1 3471 3470 3681 3695
14670 4 2 1 1 3471 3681 3696 3695
14671 4 2 1 1 3681 3456 3471 3457
14672 4 2 1 1 3471 3681 3457 3682
14673 4 2 1 1 3682 3457 3471 3472
14674 4 2 1 1 3471 3681 3682 3696
14675 4 2 1 1 3472 3471 3682 3696
14676 4 2 1 1 3472 3682 3697 3696
14677 4 2 1 1 3682 3457 3472 3458
14678 4 2 1 1 3472 3682 3458 3683
14679 4 2 1 1 3683 3458 3472 3473
14680 4 2 1 1 3472 3682 3683 3697
14681 4 2 1 1 3473 3472 3683 3697
14682 4 2 1 1 3473 3683 3698 3697
14683 4 2 1 1 3683 3458 3473 541
14684 4 2 1 1 3473 3683 541 556
14685 4 2 1 1 556 541 3473 542
14686 4 2 1 1 3473 3683 556 3698
14687 4 2 1 1 542 3473 556 3698
14688 4 2 1 1 542 556 557 3698
14689 4 2 1 1 332 317 318 3459
14690 4 2 1 1 318 332 3459 3684
14691 4 2 1 1 3684 3459 318 3474
14692 4 2 1 1 318 332 3684 333
14693 4 2 1 1 3474 318 3684 333
14694 4 2 1 1 3474 3684 3699 333
14695 4 2 1 1 3684 3459 3474 3460
14696 4 2 1 1 3474 3684 3460 3685
14697 4 2 1 1 3685 3460 3474 3475
14698 4 2 1 1 3474 3684 3685 3699
14699 4 2 1 1 3475 3474 3685 3699
14700 4 2 1 1 3475 3685 3700 3699
14701 4 2 1 1 3685 3460 3475 3461
14702 4 2 1 1 3475 3685 3461 3686
14703 4 2 1 1 3686 3461 3475 3476
14704 4 2 1 1 3475 3685 3686 3700
14705 4 2 1 1 3476 3475 3686 3700
14706 4 2 1 1 3476 3686 3701 3700
14707 4 2 1 1 3686 3461 3476 3462
14708 4 2 1 1 3476 3686 3462 3687
14709 4 2 1 1 3687 3462 3476 3477
14710 4 2 1 1 3476 3686 3687 3701
14711 4 2 1 1 3477 3476 3687 3701
14712 4 2 1 1 3477 3687 3702 3701
14713 4 2 1 1 3687 3462 3477 3463
14714 4 2 1 1 3477 3687 3463 3688
14715 4 2 1 1 3688 3463 3477 3478
14716 4 2 1 1 3477 3687 3688 3702
14717 4 2 1 1 3478 3477 3688 3702
14718 4 2 1 1 3478 3688 3703 3702
14719 4 2 1 1 3688 3463 3478 3464
14720 4 2 1 1 3478 3688 3464 3689
14721 4 2 1 1 3689 3464 3478 3479
14722 4 2 1 1 3478 3688 3689 3703
14723 4 2 1 1 3479 3478 3689 3703
14724 4 2 1 1 3479 3689 3704 3703
14725 4 2 1 1 3689 3464 3479 3465
14726 4 2 1 1 3479 3689 3465 3690
14727 4 2 1 1 3690 3465 3479 3480
14728 4 2 1 1 3479 3689 3690 3704
14729 4 2 1 1 3480 3479 3690 3704
14730 4 2 1 1 3480 3690 3705 3704
14731 4 2 1 1 3690 3465 3480 3466
14732 4 2 1 1 3480 3690 3466 3691
14733 4 2 1 1 3691 3466 3480 3481
14734 4 2 1 1 3480 3690 3691 3705
14735 4 2 1 1 3481 3480 3691 3705
14736 4 2 1 1 3481 3691 3706 3705
14737 4 2 1 1 3691 3466 3481 3467
14738 4 2 1 1 3481 3691 3467 3692
14739 4 2 1 1 3692 3467 3481 3482
14740 4 2 1 1 3481 3691 3692 3706
14741 4 2 1 1 3482 3481 3692 3706
14742 4 2 1 1 3482 3692 3707 3706
14743 4 2 1 1 3692 3467 3482 3468
14744 4 2 1 1 3482 3692 3468 3693
14745 4 2 1 1 3693 3468 3482 3483
14746 4 2 1 1 3482 3692 3693 3707
14747 4 2 1 1 3483 3482 3693 3707
14748 4 2 1 1 3483 3693 3708 3707
14749 4 2 1 1 3693 3468 3483 3469
14750 4 2 1 1 3483 3693 3469 3694
14751 4 2 1 1 3694 3469 3483 3484
14752 4 2 1 1 3483 3693 3694 3708
14753 4 2 1 1 3484 3483 3694 3708
14754 4 2 1 1 3484 3694 3709 3708
14755 4 2 1 1 3694 3469 3484 3470
14756 4 2 1 1 3484 3694 3470 3695
14757 4 2 1 1 3695 3470 3484 3485
14758 4 2 1 1 3484 3694 3695 3709
14759 4 2 1 1 3485 3484 3695 3709
14760 4 2 1 1 3485 3695 3710 3709
14761 4 2 1 1 3695 3470 3485 3471
14762 4 2 1 1 3485 3695 3471 3696
14763 4 2 1 1 3696 3471 3485 3486
14764 4 2 1 1 3485 3695 3696 3710
14765 4 2 1 1 3486 3485 3696 3710
14766 4 2 1 1 3486 3696 3711 3710
14767 4 2 1 1 3696 3471 3486 3472
14768 4 2 1 1 3486 3696 3472 3697
14769 4 2 1 1 3697 3472 3486 3487
14770 4 2 1 1 3486 3696 3697 3711
14771 4 2 1 1 3487 3486 3697 3711
14772 4 2 1 1 3487 3697 3712 3711
14773 4 2 1 1 3697 3472 3487 3473
14774 4 2 1 1 3487 3697 3473 3698
14775 4 2 1 1 3698 3473 3487 3488
14776 4 2 1 1 3487 3697 3698 3712
14777 4 2 1 1 3488 3487 3698 3712
14778 4 2 1 1 3488 3698 3713 3712
14779 4 2 1 1 3698 3473 3488 542
14780 4 2 1 1 3488 3698 542 557
14781 4 2 1 1 557 542 3488 543
14782 4 2 1 1 3488 3698 557 3713
14783 4 2 1 1 543 3488 557 3713
14784 4 2 1 1 543 557 558 3713
14785 4 2 1 1 333 318 319 3474
14786 4 2 1 1 319 333 3474 3699
14787 4 2 1 1 3699 3474 319 3489
14788 4 2 1 1 319 333 3699 334
14789 4 2 1 1 3489 319 3699 334
14790 4 2 1 1 3489 3699 3714 334
14791 4 2 1 1 3699 3474 3489 3475
14792 4 2 1 1 3489 3699 3475 3700
14793 4 2 1 1 3700 3475 3489 3490
14794 4 2 1 1 3489 3699 3700 3714
14795 4 2 1 1 3490 3489 3700 3714
14796 4 2 1 1 3490 3700 3715 3714
14797 4 2 1 1 3700 3475 3490 3476
14798 4 2 1 1 3490 3700 3476 3701
14799 4 2 1 1 3701 3476 3490 3491
14800 4 2 1 1 3490 3700 3701 3715
14801 4 2 1 1 3491 3490 3701 3715
14802 4 2 1 1 3491 3701 3716 3715
14803 4 2 1 1 3701 3476 3491 3477
14804 4 2 1 1 3491 3701 3477 3702
14805 4 2 1 1 3702 3477 3491 3492
14806 4 2 1 1 3491 3701 3702 3716
14807 4 2 1 1 3492 3491 3702 3716
14808 4 2 1 1 3492 3702 3717 3716
14809 4 2 1 1 3702 3477 3492 3478
14810 4 2 1 1 3492 3702 3478 3703
14811 4 2 1 1 3703 3478 3492 3493
14812 4 2 1 1 3492 3702 3703 3717
14813 4 2 1 1 3493 3492 3703 3717
14814 4 2 1 1 3493 3703 3718 3717
14815 4 2 1 1 3703 3478 3493 3479
14816 4 2 1 1 3493 3703 3479 3704
14817 4 2 1 1 3704 3479 3493 3494
14818 4 2 1 1 3493 3703 3704 3718
14819 4 2 1 1 3494 3493 3704 3718
14820 4 2 1 1 3494 3704 3719 3718
14821 4 2 1 1 3704 3479 3494 3480
14822 4 2 1 1 3494 3704 3480 3705
14823 4 2 1 1 3705 3480 3494 3495
14824 4 2 1 1 3494 3704 3705 3719
14825 4 2 1 1 3495 3494 3705 3719
14826 4 2 1 1 3495 3705 3720 3719
14827 4 2 1 1 3705 3480 3495 3481
14828 4 2 1 1 3495 3705 3481 3706
14829 4 2 1 1 3706 3481 3495 3496
14830 4 2 1 1 3495 3705 3706 3720
14831 4 2 1 1 3496 3495 3706 3720
14832 4 2 1 1 3496 3706 3721 3720
14833 4 2 1 1 3706 3481 3496 3482
14834 4 2 1 1 3496 3706 3482 3707
14835 4 2 1 1 3707 3482 3496 3497
14836 4 2 1 1 3496 3706 3707 3721
14837 4 2 1 1 3497 3496 3707 3721
14838 4 2 1 1 3497 3707 3722 3721
14839 4 2 1 1 3707 3482 3497 3483
14840 4 2 1 1 3497 3707 3483 3708
14841 4 2 1 1 3708 3483 3497 3498
14842 4 2 1 1 3497 3707 3708 3722
14843 4 2 1 1 3498 3497 3708 3722
14844 4 2 1 1 3498 3708 3723 3722
14845 4 2 1 1 3708 3483 3498 3484
14846 4 2 1 1 3498 3708 3484 3709
14847 4 2 1 1 3709 3484 3498 3499
14848 4 2 1 1 3498 3708 3709 3723
14849 4 2 1 1 3499 3498 3709 3723
14850 4 2 1 1 3499 3709 3724 3723
14851 4 2 1 1 3709 3484 3499 3485
14852 4 2 1 1 3499 3709 3485 3710
14853 4 2 1 1 3710 3485 3499 3500
14854 4 2 1 1 3499 3709 3710 3724
14855 4 2 1 1 3500 3499 3710 3724
14856 4 2 1 1 3500 3710 3725 3724
14857 4 2 1 1 3710 3485 3500 3486
14858 4 2 1 1 3500 3710 3486 3711
14859 4 2 1 1 3711 3486 3500 3501
14860 4 2 1 1 3500 3710 3711 3725
14861 4 2 1 1 3501 3500 3711 3725
14862 4 2 1 1 3501 3711 3726 3725
14863 4 2 1 1 3711 3486 3501 3487
14864 4 2 1 1 3501 3711 3487 3712
14865 4 2 1 1 3712 3487 3501 3502
14866 4 2 1 1 3501 3711 3712 3726
14867 4 2 1 1 3502 3501 3712 3726
14868 4 2 1 1 3502 3712 3727 3726
14869 4 2 1 1 3712 3487 3502 3488
14870 4 2 1 1 3502 3712 3488 3713
14871 4 2 1 1 3713 3488 3502 3503
14872 4 2 1 1 3502 3712 3713 3727
14873 4 2 1 1 3503 3502 3713 3727
14874 4 2 1 1 3503 3713 3728 3727
14875 4 2 1 1 3713 3488 3503 543
14876 4 2 1 1 3503 3713 543 558
14877 4 2 1 1 558 543 3503 544
14878 4 2 1 1 3503 3713 558 3728
14879 4 2 1 1 544 3503 558 3728
14880 4 2 1 1 544 558 559 3728
14881 4 2 1 1 334 319 320 3489
14882 4 2 1 1 320 334 3489 3714
14883 4 2 1 1 3714 3489 320 3504
14884 4 2 1 1 320 334 3714 335
14885 4 2 1 1 3504 320 3714 335
14886 4 2 1 1 3504 3714 3729 335
14887 4 2 1 1 3714 3489 3504 3490
14888 4 2 1 1 3504 3714 3490 3715
14889 4 2 1 1 3715 3490 3504 3505
14890 4 2 1 1 3504 3714 3715 3729
14891 4 2 1 1 3505 3504 3715 3729
14892 4 2 1 1 3505 3715 3730 3729
14893 4 2 1 1 3715 3490 3505 3491
14894 4 2 1 1 3505 3715 3491 3716
14895 4 2 1 1 3716 3491 3505 3506
14896 4 2 1 1 3505 3715 3716 3730
14897 4 2 1 1 3506 3505 3716 3730
14898 4 2 1 1 3506 3716 3731 3730
14899 4 2 1 1 3716 3491 3506 3492
14900 4 2 1 1 3506 3716 3492 3717
14901 4 2 1 1 3717 3492 3506 3507
14902 4 2 1 1 3506 3716 3717 3731
14903 4 2 1 1 3507 3506 3717 3731
14904 4 2 1 1 3507 3717 3732 3731
14905 4 2 1 1 3717 3492 3507 3493
14906 4 2 1 1 3507 3717 3493 3718
14907 4 2 1 1 3718 3493 3507 3508
14908 4 2 1 1 3507 3717 3718 3732
14909 4 2 1 1 3508 3507 3718 3732
14910 4 2 1 1 3508 3718 3733 3732
14911 4 2 1 1 3718 3493 3508 3494
14912 4 2 1 1 3508 3718 3494 3719
14913 4 2 1 1 3719 3494 3508 3509
14914 4 2 1 1 3508 3718 3719 3733
14915 4 2 1 1 3509 3508 3719 3733
14916 4 2 1 1 3509 3719 3734 3733
14917 4 2 1 1 3719 3494 3509 3495
14918 4 2 1 1 3509 3719 3495 3720
14919 4 2 1 1 3720 3495 3509 3510
14920 4 2 1 1 3509 3719 3720 3734
14921 4 2 1 1 3510 3509 3720 3734
14922 4 2 1 1 3510 3720 3735 3734
14923 4 2 1 1 3720 3495 3510 3496
14924 4 2 1 1 3510 3720 3496 3721
14925 4 2 1 1 3721 3496 3510 3511
14926 4 2 1 1 3510 3720 3721 3735
14927 4 2 1 1 3511 3510 3721 3735
14928 4 2 1 1 3511 3721 3736 3735
14929 4 2 1 1 3721 3496 3511 3497
14930 4 2 1 1 3511 3721 3497 3722
14931 4 2 1 1 3722 3497 3511 3512
14932 4 2 1 1 3511 3721 3722 3736
14933 4 2 1 1 3512 3511 3722 3736
14934 4 2 1 1 3512 3722 3737 3736
14935 4 2 1 1 3722 3497 3512 3498
14936 4 2 1 1 3512 3722 3498 3723
14937 4 2 1 1 3723 3498 3512 3513
14938 4 2 1 1 3512 3722 3723 3737
14939 4 2 1 1 3513 3512 3723 3737
14940 4 2 1 1 3513 3723 3738 3737
14941 4 2 1 1 3723 3498 3513 3499
14942 4 2 1 1 3513 3723 3499 3724
14943 4 2 1 1 3724 3499 3513 3514
14944 4 2 1 1 3513 3723 3724 3738
14945 4 2 1 1 3514 3513 3724 3738
14946 4 2 1 1 3514 3724 3739 3738
14947 4 2 1 1 3724 3499 3514 3500
14948 4 2 1 1 3514 3724 3500 3725
14949 4 2 1 1 3725 3500 3514 3515
14950 4 2 1 1 3514 3724 3725 3739
14951 4 2 1 1 3515 3514 3725 3739
14952 4 2 1 1 3515 3725 3740 3739
14953 4 2 1 1 3725 3500 3515 3501
14954 4 2 1 1 3515 3725 3501 3726
14955 4 2 1 1 3726 3501 3515 3516
14956 4 2 1 1 3515 3725 3726 3740
14957 4 2 1 1 3516 3515 3726 3740
14958 4 2 1 1 3516 3726 3741 3740
14959 4 2 1 1 3726 3501 3516 3502
14960 4 2 1 1 3516 3726 3502 3727
14961 4 2 1 1 3727 3502 3516 3517
14962 4 2 1 1 3516 3726 3727 3741
14963 4 2 1 1 3517 3516 3727 3741
14964 4 2 1 1 3517 3727 3742 3741
14965 4 2 1 1 3727 3502 3517 3503
14966 4 2 1 1 3517 3727 3503 3728
14967 4 2 1 1 3728 3503 3517 3518
14968 4 2 1 1 3517 3727 3728 3742
14969 4 2 1 1 3518 3517 3728 3742
14970 4 2 1 1 3518 3728 3743 3742
14971 4 2 1 1 3728 3503 3518 544
14972 4 2 1 1 3518 3728 544 559
14973 4 2 1 1 559 544 3518 545
14974 4 2 1 1 3518 3728 559 3743
14975 4 2 1 1 545 3518 559 3743
14976 4 2 1 1 545 559 560 3743
14977 4 2 1 1 335 320 321 3504
14978 4 2 1 1 321 335 3504 3729
14979 4 2 1 1 3729 3504 321 3519
14980 4 2 1 1 321 335 3729 336
14981 4 2 1 1 3519 321 3729 336
14982 4 2 1 1 3519 3729 3744 336
14983 4 2 1 1 3729 3504 3519 3505
14984 4 2 1 1 3519 3729 3505 3730
14985 4 2 1 1 3730 3505 3519 3520
14986 4 2 1 1 3519 3729 3730 3744
14987 4 2 1 1 3520 3519 3730 3744
14988 4 2 1 1 3520 3730 3745 3744
14989 4 2 1 1 3730 3505 3520 3506
14990 4 2 1 1 3520 3730 3506 3731
14991 4 2 1 1 3731 3506 3520 3521
14992 4 2 1 1 3520 3730 3731 3745
14993 4 2 1 1 3521 3520 3731 3745
14994 4 2 1 1 3521 3731 3746 3745
14995 4 2 1 1 3731 3506 3521 3507
14996 4 2 1 1 3521 3731 3507 3732
14997 4 2 1 1 3732 3507 3521 3522
14998 4 2 1 1 3521 3731 3732 3746
14999 4 2 1 1 3522 3521 3732 3746
15000 4 2 1 1 3522 3732 3747 3746
15001 4 2 1 1 3732 3507 3522 3508
15002 4 2 1 1 3522 3732 3508 3733
15003 4 2 1 1 3733 3508 3522 3523
15004 4 2 1 1 3522 3732 3733 3747
15005 4 2 1 1 3523 3522 3733 3747
15006 4 2 1 1 3523 3733 3748 3747
15007 4 2 1 1 3733 3508 3523 3509
15008 4 2 1 1 3523 3733 3509 3734
15009 4 2 1 1 3734 3509 3523 3524
15010 4 2 1 1 3523 3733 3734 3748
15011 4 2 1 1 3524 3523 3734 3748
15012 4 2 1 1 3524 3734 3749 3748
15013 4 2 1 1 3734 3509 3524 3510
15014 4 2 1 1 3524 3734 3510 3735
15015 4 2 1 1 3735 3510 3524 3525
15016 4 2 1 1 3524 3734 3735 3749
15017 4 2 1 1 3525 3524 3735 3749
15018 4 2 1 1 3525 3735 3750 3749
15019 4 2 1 1 3735 3510 3525 3511
15020 4 2 1 1 3525 3735 3511 3736
15021 4 2 1 1 3736 3511 3525 3526
15022 4 2 1 1 3525 3735 3736 3750
15023 4 2 1 1 3526 3525 3736 3750
15024 4 2 1 1 3526 3736 3751 3750
15025 4 2 1 1 3736 3511 3526 3512
15026 4 2 1 1 3526 3736 3512 3737
15027 4 2 1 1 3737 3512 3526 3527
15028 4 2 1 1 3526 3736 3737 3751
15029 4 2 1 1 3527 3526 3737 3751
15030 4 2 1 1 3527 3737 3752 3751
15031 4 2 1 1 3737 3512 3527 3513
15032 4 2 1 1 3527 3737 3513 3738
15033 4 2 1 1 3738 3513 3527 3528
15034 4 2 1 1 3527 3737 3738 3752
15035 4 2 1 1 3528 3527 3738 3752
15036 4 2 1 1 3528 3738 3753 3752
15037 4 2 1 1 3738 3513 3528 3514
15038 4 2 1 1 3528 3738 3514 3739
15039 4 2 1 1 3739 3514 3528 3529
15040 4 2 1 1 3528 3738 3739 3753
15041 4 2 1 1 3529 3528 3739 3753
15042 4 2 1 1 3529 3739 3754 3753
15043 4 2 1 1 3739 3514 3529 3515
15044 4 2 1 1 3529 3739 3515 3740
15045 4 2 1 1 3740 3515 3529 3530
15046 4 2 1 1 3529 3739 3740 3754
15047 4 2 1 1 3530 3529 3740 3754
15048 4 2 1 1 3530 3740 3755 3754
15049 4 2 1 1 3740 3515 3530 3516
15050 4 2 1 1 3530 3740 3516 3741
15051 4 2 1 1 3741 3516 3530 3531
15052 4 2 1 1 3530 3740 3741 3755
15053 4 2 1 1 3531 3530 3741 3755
15054 4 2 1 1 3531 3741 3756 3755
15055 4 2 1 1 3741 3516 3531 3517
15056 4 2 1 1 3531 3741 3517 3742
15057 4 2 1 1 3742 3517 3531 3532
15058 4 2 1 1 3531 3741 3742 3756
15059 4 2 1 1 3532 3531 3742 3756
15060 4 2 1 1 3532 3742 3757 3756
15061 4 2 1 1 3742 3517 3532 3518
15062 4 2 1 1 3532 3742 3518 3743
15063 4 2 1 1 3743 3518 3532 3533
15064 4 2 1 1 3532 3742 3743 3757
15065 4 2 1 1 3533 3532 3743 3757
15066 4 2 1 1 3533 3743 3758 3757
15067 4 2 1 1 3743 3518 3533 545
15068 4 2 1 1 3533 3743 545 560
15069 4 2 1 1 560 545 3533 546
15070 4 2 1 1 3533 3743 560 3758
15071 4 2 1 1 546 3533 560 3758
15072 4 2 1 1 546 560 561 3758
15073 4 2 1 1 336 321 322 3519
15074 4 2 1 1 322 336 3519 3744
15075 4 2 1 1 3744 3519 322 3534
15076 4 2 1 1 322 336 3744 337
15077 4 2 1 1 3534 322 3744 337
15078 4 2 1 1 3534 3744 3759 337
15079 4 2 1 1 3744 3519 3534 3520
15080 4 2 1 1 3534 3744 3520 3745
15081 4 2 1 1 3745 3520 3534 3535
15082 4 2 1 1 3534 3744 3745 3759
15083 4 2 1 1 3535 3534 3745 3759
15084 4 2 1 1 3535 3745 3760 3759
15085 4 2 1 1 3745 3520 3535 3521
15086 4 2 1 1 3535 3745 3521 3746
15087 4 2 1 1 3746 3521 3535 3536
15088 4 2 1 1 3535 3745 3746 3760
15089 4 2 1 1 3536 3535 3746 3760
15090 4 2 1 1 3536 3746 3761 3760
15091 4 2 1 1 3746 3521 3536 3522
15092 4 2 1 1 3536 3746 3522 3747
15093 4 2 1 1 3747 3522 3536 3537
15094 4 2 1 1 3536 3746 3747 3761
15095 4 2 1 1 3537 3536 3747 3761
15096 4 2 1 1 3537 3747 3762 3761
15097 4 2 1 1 3747 3522 3537 3523
15098 4 2 1 1 3537 3747 3523 3748
15099 4 2 1 1 3748 3523 3537 3538
15100 4 2 1 1 3537 3747 3748 3762
15101 4 2 1 1 3538 3537 3748 3762
15102 4 2 1 1 3538 3748 3763 3762
15103 4 2 1 1 3748 3523 3538 3524
15104 4 2 1 1 3538 3748 3524 3749
15105 4 2 1 1 3749 3524 3538 3539
15106 4 2 1 1 3538 3748 3749 3763
15107 4 2 1 1 3539 3538 3749 3763
15108 4 2 1 1 3539 3749 3764 3763
15109 4 2 1 1 3749 3524 3539 3525
15110 4 2 1 1 3539 3749 3525 3750
15111 4 2 1 1 3750 3525 3539 3540
15112 4 2 1 1 3539 3749 3750 3764
15113 4 2 1 1 3540 3539 3750 3764
15114 4 2 1 1 3540 3750 3765 3764
15115 4 2 1 1 3750 3525 3540 3526
15116 4 2 1 1 3540 3750 3526 3751
15117 4 2 1 1 3751 3526 3540 3541
15118 4 2 1 1 3540 3750 3751 3765
15119 4 2 1 1 3541 3540 3751 3765
15120 4 2 1 1 3541 3751 3766 3765
15121 4 2 1 1 3751 3526 3541 3527
15122 4 2 1 1 3541 3751 3527 3752
15123 4 2 1 1 3752 3527 3541 3542
15124 4 2 1 1 3541 3751 3752 3766
15125 4 2 1 1 3542 3541 3752 3766
15126 4 2 1 1 3542 3752 3767 3766
15127 4 2 1 1 3752 3527 3542 3528
15128 4 2 1 1 3542 3752 3528 3753
15129 4 2 1 1 3753 3528 3542 3543
15130 4 2 1 1 3542 3752 3753 3767
15131 4 2 1 1 3543 3542 3753 3767
15132 4 2 1 1 3543 3753 3768 3767
15133 4 2 1 1 3753 3528 3543 3529
15134 4 2 1 1 3543 3753 3529 3754
15135 4 2 1 1 3754 3529 3543 3544
15136 4 2 1 1 3543 3753 3754 3768
15137 4 2 1 1 3544 3543 3754 3768
15138 4 2 1 1 3544 3754 3769 3768
15139 4 2 1 1 3754 3529 3544 3530
15140 4 2 1 1 3544 3754 3530 3755
15141 4 2 1 1 3755 3530 3544 3545
15142 4 2 1 1 3544 3754 3755 3769
15143 4 2 1 1 3545 3544 3755 3769
15144 4 2 1 1 3545 3755 3770 3769
15145 4 2 1 1 3755 3530 3545 3531
15146 4 2 1 1 3545 3755 3531 3756
15147 4 2 1 1 3756 3531 3545 3546
15148 4 2 1 1 3545 3755 3756 3770
15149 4 2 1 1 3546 3545 3756 3770
15150 4 2 1 1 3546 3756 3771 3770
15151 4 2 1 1 3756 3531 3546 3532
15152 4 2 1 1 3546 3756 3532 3757
15153 4 2 1 1 3757 3532 3546 3547
15154 4 2 1 1 3546 3756 3757 3771
15155 4 2 1 1 3547 3546 3757 3771
15156 4 2 1 1 3547 3757 3772 3771
15157 4 2 1 1 3757 3532 3547 3533
15158 4 2 1 1 3547 3757 3533 3758
15159 4 2 1 1 3758 3533 3547 3548
15160 4 2 1 1 3547 3757 3758 3772
15161 4 2 1 1 3548 3547 3758 3772
15162 4 2 1 1 3548 3758 3773 3772
15163 4 2 1 1 3758 3533 3548 546
15164 4 2 1 1 3548 3758 546 561
15165 4 2 1 1 561 546 3548 547
15166 4 2 1 1 3548 3758 561 3773
15167 4 2 1 1 547 3548 561 3773
15168 4 2 1 1 547 561 562 3773
15169 4 2 1 1 337 322 323 3534
15170 4 2 1 1 323 337 3534 3759
15171 4 2 1 1 3759 3534 323 3549
15172 4 2 1 1 323 337 3759 338
15173 4 2 1 1 3549 323 3759 338
15174 4 2 1 1 3549 3759 3774 338
15175 4 2 1 1 3759 3534 3549 3535
15176 4 2 1 1 3549 3759 3535 3760
15177 4 2 1 1 3760 3535 3549 3550
15178 4 2 1 1 3549 3759 3760 3774
15179 4 2 1 1 3550 3549 3760 3774
15180 4 2 1 1 3550 3760 3775 3774
15181 4 2 1 1 3760 3535 3550 3536
15182 4 2 1 1 3550 3760 3536 3761
15183 4 2 1 1 3761 3536 3550 3551
15184 4 2 1 1 3550 3760 3761 3775
15185 4 2 1 1 3551 3550 3761 3775
15186 4 2 1 1 3551 3761 3776 3775
15187 4 2 1 1 3761 3536 3551 3537
15188 4 2 1 1 3551 3761 3537 3762
15189 4 2 1 1 3762 3537 3551 3552
15190 4 2 1 1 3551 3761 3762 3776
15191 4 2 1 1 3552 3551 3762 3776
15192 4 2 1 1 3552 3762 3777 3776
15193 4 2 1 1 3762 3537 3552 3538
15194 4 2 1 1 3552 3762 3538 3763
15195 4 2 1 1 3763 3538 3552 3553
15196 4 2 1 1 3552 3762 3763 3777
15197 4 2 1 1 3553 3552 3763 3777
15198 4 2 1 1 3553 3763 3778 3777
15199 4 2 1 1 3763 3538 3553 3539
15200 4 2 1 1 3553 3763 3539 3764
15201 4 2 1 1 3764 3539 3553 3554
15202 4 2 1 1 3553 3763 3764 3778
15203 4 2 1 1 3554 3553 3764 3778
15204 4 2 1 1 3554 3764 3779 3778
15205 4 2 1 1 3764 3539 3554 3540
15206 4 2 1 1 3554 3764 3540 3765
15207 4 2 1 1 3765 3540 3554 3555
15208 4 2 1 1 3554 3764 3765 3779
15209 4 2 1 1 3555 3554 3765 3779
15210 4 2 1 1 3555 3765 3780 3779
15211 4 2 1 1 3765 3540 3555 3541
15212 4 2 1 1 3555 3765 3541 3766
15213 4 2 1 1 3766 3541 3555 3556
15214 4 2 1 1 3555 3765 3766 3780
15215 4 2 1 1 3556 3555 3766 3780
15216 4 2 1 1 3556 3766 3781 3780
15217 4 2 1 1 3766 3541 3556 3542
15218 4 2 1 1 3556 3766 3542 3767
15219 4 2 1 1 3767 3542 3556 3557
15220 4 2 1 1 3556 3766 3767 3781
15221 4 2 1 1 3557 3556 3767 3781
15222 4 2 1 1 3557 3767 3782 3781
15223 4 2 1 1 3767 3542 3557 3543
15224 4 2 1 1 3557 3767 3543 3768
15225 4 2 1 1 3768 3543 3557 3558
15226 4 2 1 1 3557 3767 3768 3782
15227 4 2 1 1 3558 3557 3768 3782
15228 4 2 1 1 3558 3768 3783 3782
15229 4 2 1 1 3768 3543 3558 3544
15230 4 2 1 1 3558 3768 3544 3769
15231 4 2 1 1 3769 3544 3558 3559
15232 4 2 1 1 3558 3768 3769 3783
15233 4 2 1 1 3559 3558 3769 3783
15234 4 2 1 1 3559 3769 3784 3783
15235 4 2 1 1 3769 3544 3559 3545
15236 4 2 1 1 3559 3769 3545 3770
15237 4 2 1 1 3770 3545 3559 3560
15238 4 2 1 1 3559 3769 3770 3784
15239 4 2 1 1 3560 3559 3770 3784
15240 4 2 1 1 3560 3770 3785 3784
15241 4 2 1 1 3770 3545 3560 3546
15242 4 2 1 1 3560 3770 3546 3771
15243 4 2 1 1 3771 3546 3560 3561
15244 4 2 1 1 3560 3770 3771 3785
15245 4 2 1 1 3561 3560 3771 3785
15246 4 2 1 1 3561 3771 3786 3785
15247 4 2 1 1 3771 3546 3561 3547
15248 4 2 1 1 3561 3771 3547 3772
15249 4 2 1 1 3772 3547 3561 3562
15250 4 2 1 1 3561 3771 3772 3786
15251 4 2 1 1 3562 3561 3772 3786
15252 4 2 1 1 3562 3772 3787 3786
15253 4 2 1 1 3772 3547 3562 3548
15254 4 2 1 1 3562 3772 3548 3773
15255 4 2 1 1 3773 3548 3562 3563
15256 4 2 1 1 3562 3772 3773 3787
15257 4 2 1 1 3563 3562 3773 3787
15258 4 2 1 1 3563 3773 3788 3787
15259 4 2 1 1 3773 3548 3563 547
15260 4 2 1 1 3563 3773 547 562
15261 4 2 1 1 562 547 3563 548
15262 4 2 1 1 3563 3773 562 3788
15263 4 2 1 1 548 3563 562 3788
15264 4 2 1 1 548 562 563 3788
15265 4 2 1 1 338 323 47 3549
15266 4 2 1 1 47 338 3549 3774
15267 4 2 1 1 3774 3549 47 872
15268 4 2 1 1 47 338 3774 48
15269 4 2 1 1 872 47 3774 48
15270 4 2 1 1 872 3774 873 48
15271 4 2 1 1 3774 3549 872 3550
15272 4 2 1 1 872 3774 3550 3775
15273 4 2 1 1 3775 3550 872 887
15274 4 2 1 1 872 3774 3775 873
15275 4 2 1 1 887 872 3775 873
15276 4 2 1 1 887 3775 888 873
15277 4 2 1 1 3775 3550 887 3551
15278 4 2 1 1 887 3775 3551 3776
15279 4 2 1 1 3776 3551 887 902
15280 4 2 1 1 887 3775 3776 888
15281 4 2 1 1 902 887 3776 888
15282 4 2 1 1 902 3776 903 888
15283 4 2 1 1 3776 3551 902 3552
15284 4 2 1 1 902 3776 3552 3777
15285 4 2 1 1 3777 3552 902 917
15286 4 2 1 1 902 3776 3777 903
15287 4 2 1 1 917 902 3777 903
15288 4 2 1 1 917 3777 918 903
15289 4 2 1 1 3777 3552 917 3553
15290 4 2 1 1 917 3777 3553 3778
15291 4 2 1 1 3778 3553 917 932
15292 4 2 1 1 917 3777 3778 918
15293 4 2 1 1 932 917 3778 918
15294 4 2 1 1 932 3778 933 918
15295 4 2 1 1 3778 3553 932 3554
15296 4 2 1 1 932 3778 3554 3779
15297 4 2 1 1 3779 3554 932 947
15298 4 2 1 1 932 3778 3779 933
15299 4 2 1 1 947 932 3779 933
15300 4 2 1 1 947 3779 948 933
15301 4 2 1 1 3779 3554 947 3555
15302 4 2 1 1 947 3779 3555 3780
15303 4 2 1 1 3780 3555 947 962
15304 4 2 1 1 947 3779 3780 948
15305 4 2 1 1 962 947 3780 948
15306 4 2 1 1 962 3780 963 948
15307 4 2 1 1 3780 3555 962 3556
15308 4 2 1 1 962 3780 3556 3781
15309 4 2 1 1 3781 3556 962 977
15310 4 2 1 1 962 3780 3781 963
15311 4 2 1 1 977 962 3781 963
15312 4 2 1 1 977 3781 978 963
15313 4 2 1 1 3781 3556 977 3557
15314 4 2 1 1 977 3781 3557 3782
15315 4 2 1 1 3782 3557 977 992
15316 4 2 1 1 977 3781 3782 978
15317 4 2 1 1 992 977 3782 978
15318 4 2 1 1 992 3782 993 978
15319 4 2 1 1 3782 3557 992 3558
15320 4 2 1 1 992 3782 3558 3783
15321 4 2 1 1 3783 3558 992 1007
15322 4 2 1 1 992 3782 3783 993
15323 4 2 1 1 1007 992 3783 993
15324 4 2 1 1 1007 3783 1008 993
15325 4 2 1 1 3783 3558 1007 3559
15326 4 2 1 1 1007 3783 3559 3784
15327 4 2 1 1 3784 3559 1007 1022
15328 4 2 1 1 1007 3783 3784 1008
15329 4 2 1 1 1022 1007 3784 1008
15330 4 2 1 1 1022 3784 1023 1008
15331 4 2 1 1 3784 3559 1022 3560
15332 4 2 1 1 1022 3784 3560 3785
15333 4 2 1 1 3785 3560 1022 1037
15334 4 2 1 1 1022 3784 3785 1023
15335 4 2 1 1 1037 1022 3785 1023
15336 4 2 1 1 1037 3785 1038 1023
15337 4 2 1 1 3785 3560 1037 3561
15338 4 2 1 1 1037 3785 3561 3786
15339 4 2 1 1 3786 3561 1037 1052
15340 4 2 1 1 1037 3785 3786 1038
15341 4 2 1 1 1052 1037 3786 1038
15342 4 2 1 1 1052 3786 1053 1038
15343 4 2 1 1 3786 3561 1052 3562
15344 4 2 1 1 1052 3786 3562 3787
15345 4 2 1 1 3787 3562 1052 1067
15346 4 2 1 1 1052 3786 3787 1053
15347 4 2 1 1 1067 1052 3787 1053
15348 4 2 1 1 1067 3787 1068 1053
15349 4 2 1 1 3787 3562 1067 3563
15350 4 2 1 1 1067 3787 3563 3788
15351 4 2 1 1 3788 3563 1067 1082
15352 4 2 1 1 1067 3787 3788 1068
15353 4 2 1 1 1082 1067 3788 1068
15354 4 2 1 1 1082 3788 1083 1068
15355 4 2 1 1 3788 3563 1082 548
15356 4 2 1 1 1082 3788 548 563
15357 4 2 1 1 563 548 1082 107
15358 4 2 1 1 1082 3788 563 1083
15359 4 2 1 1 107 1082 563 1083
15360 4 2 1 1 107 563 108 1083
15361 4 2 1 1 19 18 324 648
15362 4 2 1 1 324 19 648 649
15363 4 2 1 1 649 648 324 3564
15364 4 2 1 1 324 19 649 339
15365 4 2 1 1 3564 324 649 339
15366 4 2 1 1 3564 649 3789 339
15367 4 2 1 1 649 648 3564 663
15368 4 2 1 1 3564 649 663 664
15369 4 2 1 1 664 663 3564 3565
15370 4 2 1 1 3564 649 664 3789
15371 4 2 1 1 3565 3564 664 3789
15372 4 2 1 1 3565 664 3790 3789
15373 4 2 1 1 664 663 3565 678
15374 4 2 1 1 3565 664 678 679
15375 4 2 1 1 679 678 3565 3566
15376 4 2 1 1 3565 664 679 3790
15377 4 2 1 1 3566 3565 679 3790
15378 4 2 1 1 3566 679 3791 3790
15379 4 2 1 1 679 678 3566 693
15380 4 2 1 1 3566 679 693 694
15381 4 2 1 1 694 693 3566 3567
15382 4 2 1 1 3566 679 694 3791
15383 4 2 1 1 3567 3566 694 3791
15384 4 2 1 1 3567 694 3792 3791
15385 4 2 1 1 694 693 3567 708
15386 4 2 1 1 3567 694 708 709
15387 4 2 1 1 709 708 3567 3568
15388 4 2 1 1 3567 694 709 3792
15389 4 2 1 1 3568 3567 709 3792
15390 4 2 1 1 3568 709 3793 3792
15391 4 2 1 1 709 708 3568 723
15392 4 2 1 1 3568 709 723 724
15393 4 2 1 1 724 723 3568 3569
15394 4 2 1 1 3568 709 724 3793
15395 4 2 1 1 3569 3568 724 3793
15396 4 2 1 1 3569 724 3794 3793
15397 4 2 1 1 724 723 3569 738
15398 4 2 1 1 3569 724 738 739
15399 4 2 1 1 739 738 3569 3570
15400 4 2 1 1 3569 724 739 3794
15401 4 2 1 1 3570 3569 739 3794
15402 4 2 1 1 3570 739 3795 3794
15403 4 2 1 1 739 738 3570 753
15404 4 2 1 1 3570 739 753 754
15405 4 2 1 1 754 753 3570 3571
15406 4 2 1 1 3570 739 754 3795
15407 4 2 1 1 3571 3570 754 3795
15408 4 2 1 1 3571 754 3796 3795
15409 4 2 1 1 754 753 3571 768
15410 4 2 1 1 3571 754 768 769
15411 4 2 1 1 769 768 3571 3572
15412 4 2 1 1 3571 754 769 3796
15413 4 2 1 1 3572 3571 769 3796
15414 4 2 1 1 3572 769 3797 3796
15415 4 2 1 1 769 768 3572 783
15416 4 2 1 1 3572 769 783 784
15417 4 2 1 1 784 783 3572 3573
15418 4 2 1 1 3572 769 784 3797
15419 4 2 1 1 3573 3572 784 3797
15420 4 2 1 1 3573 784 3798 3797
15421 4 2 1 1 784 783 3573 798
15422 4 2 1 1 3573 784 798 799
15423 4 2 1 1 799 798 3573 3574
15424 4 2 1 1 3573 784 799 3798
15425 4 2 1 1 3574 3573 799 3798
15426 4 2 1 1 3574 799 3799 3798
15427 4 2 1 1 799 798 3574 813
15428 4 2 1 1 3574 799 813 814
15429 4 2 1 1 814 813 3574 3575
15430 4 2 1 1 3574 799 814 3799
15431 4 2 1 1 3575 3574 814 3799
15432 4 2 1 1 3575 814 3800 3799
15433 4 2 1 1 814 813 3575 828
15434 4 2 1 1 3575 814 828 829
15435 4 2 1 1 829 828 3575 3576
15436 4 2 1 1 3575 814 829 3800
15437 4 2 1 1 3576 3575 829 3800
15438 4 2 1 1 3576 829 3801 3800
15439 4 2 1 1 829 828 3576 843
15440 4 2 1 1 3576 829 843 844
15441 4 2 1 1 844 843 3576 3577
15442 4 2 1 1 3576 829 844 3801
15443 4 2 1 1 3577 3576 844 3801
15444 4 2 1 1 3577 844 3802 3801
15445 4 2 1 1 844 843 3577 858
15446 4 2 1 1 3577 844 858 859
15447 4 2 1 1 859 858 3577 3578
15448 4 2 1 1 3577 844 859 3802
15449 4 2 1 1 3578 3577 859 3802
15450 4 2 1 1 3578 859 3803 3802
15451 4 2 1 1 859 858 3578 78
15452 4 2 1 1 3578 859 78 79
15453 4 2 1 1 79 78 3578 549
15454 4 2 1 1 3578 859 79 3803
15455 4 2 1 1 549 3578 79 3803
15456 4 2 1 1 549 79 564 3803
15457 4 2 1 1 339 324 325 3564
15458 4 2 1 1 325 339 3564 3789
15459 4 2 1 1 3789 3564 325 3579
15460 4 2 1 1 325 339 3789 340
15461 4 2 1 1 3579 325 3789 340
15462 4 2 1 1 3579 3789 3804 340
15463 4 2 1 1 3789 3564 3579 3565
15464 4 2 1 1 3579 3789 3565 3790
15465 4 2 1 1 3790 3565 3579 3580
15466 4 2 1 1 3579 3789 3790 3804
15467 4 2 1 1 3580 3579 3790 3804
15468 4 2 1 1 3580 3790 3805 3804
15469 4 2 1 1 3790 3565 3580 3566
15470 4 2 1 1 3580 3790 3566 3791
15471 4 2 1 1 3791 3566 3580 3581
15472 4 2 1 1 3580 3790 3791 3805
15473 4 2 1 1 3581 3580 3791 3805
15474 4 2 1 1 3581 3791 3806 3805
15475 4 2 1 1 3791 3566 3581 3567
15476 4 2 1 1 3581 3791 3567 3792
15477 4 2 1 1 3792 3567 3581 3582
15478 4 2 1 1 3581 3791 3792 3806
15479 4 2 1 1 3582 3581 3792 3806
15480 4 2 1 1 3582 3792 3807 3806
15481 4 2 1 1 3792 3567 3582 3568
15482 4 2 1 1 3582 3792 3568 3793
15483 4 2 1 1 3793 3568 3582 3583
15484 4 2 1 1 3582 3792 3793 3807
15485 4 2 1 1 3583 3582 3793 3807
15486 4 2 1 1 3583 3793 3808 3807
15487 4 2 1 1 3793 3568 3583 3569
15488 4 2 1 1 3583 3793 3569 3794
15489 4 2 1 1 3794 3569 3583 3584
15490 4 2 1 1 3583 3793 3794 3808
15491 4 2 1 1 3584 3583 3794 3808
15492 4 2 1 1 3584 3794 3809 3808
15493 4 2 1 1 3794 3569 3584 3570
15494 4 2 1 1 3584 3794 3570 3795
15495 4 2 1 1 3795 3570 3584 3585
15496 4 2 1 1 3584 3794 3795 3809
15497 4 2 1 1 3585 3584 3795 3809
15498 4 2 1 1 3585 3795 3810 3809
15499 4 2 1 1 3795 3570 3585 3571
15500 4 2 1 1 3585 3795 3571 3796
15501 4 2 1 1 3796 3571 3585 3586
15502 4 2 1 1 3585 3795 3796 3810
15503 4 2 1 1 3586 3585 3796 3810
15504 4 2 1 1 3586 3796 3811 3810
15505 4 2 1 1 3796 3571 3586 3572
15506 4 2 1 1 3586 3796 3572 3797
15507 4 2 1 1 3797 3572 3586 3587
15508 4 2 1 1 3586 3796 3797 3811
15509 4 2 1 1 3587 3586 3797 3811
15510 4 2 1 1 3587 3797 3812 3811
15511 4 2 1 1 3797 3572 3587 3573
15512 4 2 1 1 3587 3797 3573 3798
15513 4 2 1 1 3798 3573 3587 3588
15514 4 2 1 1 3587 3797 3798 3812
15515 4 2 1 1 3588 3587 3798 3812
15516 4 2 1 1 3588 3798 3813 3812
15517 4 2 1 1 3798 3573 3588 3574
15518 4 2 1 1 3588 3798 3574 3799
15519 4 2 1 1 3799 3574 3588 3589
15520 4 2 1 1 3588 3798 3799 3813
15521 4 2 1 1 3589 3588 3799 3813
15522 4 2 1 1 3589 3799 3814 3813
15523 4 2 1 1 3799 3574 3589 3575
15524 4 2 1 1 3589 3799 3575 3800
15525 4 2 1 1 3800 3575 3589 3590
15526 4 2 1 1 3589 3799 3800 3814
15527 4 2 1 1 3590 3589 3800 3814
15528 4 2 1 1 3590 3800 3815 3814
15529 4 2 1 1 3800 3575 3590 3576
15530 4 2 1 1 3590 3800 3576 3801
15531 4 2 1 1 3801 3576 3590 3591
15532 4 2 1 1 3590 3800 3801 3815
15533 4 2 1 1 3591 3590 3801 3815
15534 4 2 1 1 3591 3801 3816 3815
15535 4 2 1 1 3801 3576 3591 3577
15536 4 2 1 1 3591 3801 3577 3802
15537 4 2 1 1 3802 3577 3591 3592
15538 4 2 1 1 3591 3801 3802 3816
15539 4 2 1 1 3592 3591 3802 3816
15540 4 2 1 1 3592 3802 3817 3816
15541 4 2 1 1 3802 3577 3592 3578
15542 4 2 1 1 3592 3802 3578 3803
15543 4 2 1 1 3803 3578 3592 3593
15544 4 2 1 1 3592 3802 3803 3817
15545 4 2 1 1 3593 3592 3803 3817
15546 4 2 1 1 3593 3803 3818 3817
15547 4 2 1 1 3803 3578 3593 549
15548 4 2 1 1 3593 3803 549 564
15549 4 2 1 1 564 549 3593 550
15550 4 2 1 1 3593 3803 564 3818
15551 4 2 1 1 550 3593 564 3818
15552 4 2 1 1 550 564 565 3818
15553 4 2 1 1 340 325 326 3579
15554 4 2 1 1 326 340 3579 3804
15555 4 2 1 1 3804 3579 326 3594
15556 4 2 1 1 326 340 3804 341
15557 4 2 1 1 3594 326 3804 341
15558 4 2 1 1 3594 3804 3819 341
15559 4 2 1 1 3804 3579 3594 3580
15560 4 2 1 1 3594 3804 3580 3805
15561 4 2 1 1 3805 3580 3594 3595
15562 4 2 1 1 3594 3804 3805 3819
15563 4 2 1 1 3595 3594 3805 3819
15564 4 2 1 1 3595 3805 3820 3819
15565 4 2 1 1 3805 3580 3595 3581
15566 4 2 1 1 3595 3805 3581 3806
15567 4 2 1 1 3806 3581 3595 3596
15568 4 2 1 1 3595 3805 3806 3820
15569 4 2 1 1 3596 3595 3806 3820
15570 4 2 1 1 3596 3806 3821 3820
15571 4 2 1 1 3806 3581 3596 3582
15572 4 2 1 1 3596 3806 3582 3807
15573 4 2 1 1 3807 3582 3596 3597
15574 4 2 1 1 3596 3806 3807 3821
15575 4 2 1 1 3597 3596 3807 3821
15576 4 2 1 1 3597 3807 3822 3821
15577 4 2 1 1 3807 3582 3597 3583
15578 4 2 1 1 3597 3807 3583 3808
15579 4 2 1 1 3808 3583 3597 3598
15580 4 2 1 1 3597 3807 3808 3822
15581 4 2 1 1 3598 3597 3808 3822
15582 4 2 1 1 3598 3808 3823 3822
15583 4 2 1 1 3808 3583 3598 3584
15584 4 2 1 1 3598 3808 3584 3809
15585 4 2 1 1 3809 3584 3598 3599
15586 4 2 1 1 3598 3808 3809 3823
15587 4 2 1 1 3599 3598 3809 3823
15588 4 2 1 1 3599 3809 3824 3823
15589 4 2 1 1 3809 3584 3599 3585
15590 4 2 1 1 3599 3809 3585 3810
15591 4 2 1 1 3810 3585 3599 3600
15592 4 2 1 1 3599 3809 3810 3824
15593 4 2 1 1 3600 3599 3810 3824
15594 4 2 1 1 3600 3810 3825 3824
15595 4 2 1 1 3810 3585 3600 3586
15596 4 2 1 1 3600 3810 3586 3811
15597 4 2 1 1 3811 3586 3600 3601
15598 4 2 1 1 3600 3810 3811 3825
15599 4 2 1 1 3601 3600 3811 3825
15600 4 2 1 1 3601 3811 3826 3825
15601 4 2 1 1 3811 3586 3601 3587
15602 4 2 1 1 3601 3811 3587 3812
15603 4 2 1 1 3812 3587 3601 3602
15604 4 2 1 1 3601 3811 3812 3826
15605 4 2 1 1 3602 3601 3812 3826
15606 4 2 1 1 3602 3812 3827 3826
15607 4 2 1 1 3812 3587 3602 3588
15608 4 2 1 1 3602 3812 3588 3813
15609 4 2 1 1 3813 3588 3602 3603
15610 4 2 1 1 3602 3812 3813 3827
15611 4 2 1 1 3603 3602 3813 3827
15612 4 2 1 1 3603 3813 3828 3827
15613 4 2 1 1 3813 3588 3603 3589
15614 4 2 1 1 3603 3813 3589 3814
15615 4 2 1 1 3814 3589 3603 3604
15616 4 2 1 1 3603 3813 3814 3828
15617 4 2 1 1 3604 3603 3814 3828
15618 4 2 1 1 3604 3814 3829 3828
15619 4 2 1 1 3814 3589 3604 3590
15620 4 2 1 1 3604 3814 3590 3815
15621 4 2 1 1 3815 3590 3604 3605
15622 4 2 1 1 3604 3814 3815 3829
15623 4 2 1 1 3605 3604 3815 3829
15624 4 2 1 1 3605 3815 3830 3829
15625 4 2 1 1 3815 3590 3605 3591
15626 4 2 1 1 3605 3815 3591 3816
15627 4 2 1 1 3816 3591 3605 3606
15628 4 2 1 1 3605 3815 3816 3830
15629 4 2 1 1 3606 3605 3816 3830
15630 4 2 1 1 3606 3816 3831 3830
15631 4 2 1 1 3816 3591 3606 3592
15632 4 2 1 1 3606 3816 3592 3817
15633 4 2 1 1 3817 3592 3606 3607
15634 4 2 1 1 3606 3816 3817 3831
15635 4 2 1 1 3607 3606 3817 3831
15636 4 2 1 1 3607 3817 3832 3831
15637 4 2 1 1 3817 3592 3607 3593
15638 4 2 1 1 3607 3817 3593 3818
15639 4 2 1 1 3818 3593 3607 3608
15640 4 2 1 1 3607 3817 3818 3832
15641 4 2 1 1 3608 3607 3818 3832
15642 4 2 1 1 3608 3818 3833 3832
15643 4 2 1 1 3818 3593 3608 550
15644 4 2 1 1 3608 3818 550 565
15645 4 2 1 1 565 550 3608 551
15646 4 2 1 1 3608 3818 565 3833
15647 4 2 1 1 551 3608 565 3833
15648 4 2 1 1 551 565 566 3833
15649 4 2 1 1 341 326 327 3594
15650 4 2 1 1 327 341 3594 3819
15651 4 2 1 1 3819 3594 327 3609
15652 4 2 1 1 327 341 3819 342
15653 4 2 1 1 3609 327 3819 342
15654 4 2 1 1 3609 3819 3834 342
15655 4 2 1 1 3819 3594 3609 3595
15656 4 2 1 1 3609 3819 3595 3820
15657 4 2 1 1 3820 3595 3609 3610
15658 4 2 1 1 3609 3819 3820 3834
15659 4 2 1 1 3610 3609 3820 3834
15660 4 2 1 1 3610 3820 3835 3834
15661 4 2 1 1 3820 3595 3610 3596
15662 4 2 1 1 3610 3820 3596 3821
15663 4 2 1 1 3821 3596 3610 3611
15664 4 2 1 1 3610 3820 3821 3835
15665 4 2 1 1 3611 3610 3821 3835
15666 4 2 1 1 3611 3821 3836 3835
15667 4 2 1 1 3821 3596 3611 3597
15668 4 2 1 1 3611 3821 3597 3822
15669 4 2 1 1 3822 3597 3611 3612
15670 4 2 1 1 3611 3821 3822 3836
15671 4 2 1 1 3612 3611 3822 3836
15672 4 2 1 1 3612 3822 3837 3836
15673 4 2 1 1 3822 3597 3612 3598
15674 4 2 1 1 3612 3822 3598 3823
15675 4 2 1 1 3823 3598 3612 3613
15676 4 2 1 1 3612 3822 3823 3837
15677 4 2 1 1 3613 3612 3823 3837
15678 4 2 1 1 3613 3823 3838 3837
15679 4 2 1 1 3823 3598 3613 3599
15680 4 2 1 1 3613 3823 3599 3824
15681 4 2 1 1 3824 3599 3613 3614
15682 4 2 1 1 3613 3823 3824 3838
15683 4 2 1 1 3614 3613 3824 3838
15684 4 2 1 1 3614 3824 3839 3838
15685 4 2 1 1 3824 3599 3614 3600
15686 4 2 1 1 3614 3824 3600 3825
15687 4 2 1 1 3825 3600 3614 3615
15688 4 2 1 1 3614 3824 3825 3839
15689 4 2 1 1 3615 3614 3825 3839
15690 4 2 1 1 3615 3825 3840 3839
15691 4 2 1 1 3825 3600 3615 3601
15692 4 2 1 1 3615 3825 3601 3826
15693 4 2 1 1 3826 3601 3615 3616
15694 4 2 1 1 3615 3825 3826 3840
15695 4 2 1 1 3616 3615 3826 3840
15696 4 2 1 1 3616 3826 3841 3840
15697 4 2 1 1 3826 3601 3616 3602
15698 4 2 1 1 3616 3826 3602 3827
15699 4 2 1 1 3827 3602 3616 3617
15700 4 2 1 1 3616 3826 3827 3841
15701 4 2 1 1 3617 3616 3827 3841
15702 4 2 1 1 3617 3827 3842 3841
15703 4 2 1 1 3827 3602 3617 3603
15704 4 2 1 1 3617 3827 3603 3828
15705 4 2 1 1 3828 3603 3617 3618
15706 4 2 1 1 3617 3827 3828 3842
15707 4 2 1 1 3618 3617 3828 3842
15708 4 2 1 1 3618 3828 3843 3842
15709 4 2 1 1 3828 3603 3618 3604
15710 4 2 1 1 3618 3828 3604 3829
15711 4 2 1 1 3829 3604 3618 3619
15712 4 2 1 1 3618 3828 3829 3843
15713 4 2 1 1 3619 3618 3829 3843
15714 4 2 1 1 3619 3829 3844 3843
15715 4 2 1 1 3829 3604 3619 3605
15716 4 2 1 1 3619 3829 3605 3830
15717 4 2 1 1 3830 3605 3619 3620
15718 4 2 1 1 3619 3829 3830 3844
15719 4 2 1 1 3620 3619 3830 3844
15720 4 2 1 1 3620 3830 3845 3844
15721 4 2 1 1 3830 3605 3620 3606
15722 4 2 1 1 3620 3830 3606 3831
15723 4 2 1 1 3831 3606 3620 3621
15724 4 2 1 1 3620 3830 3831 3845
15725 4 2 1 1 3621 3620 3831 3845
15726 4 2 1 1 3621 3831 3846 3845
15727 4 2 1 1 3831 3606 3621 3607
15728 4 2 1 1 3621 3831 3607 3832
15729 4 2 1 1 3832 3607 3621 3622
15730 4 2 1 1 3621 3831 3832 3846
15731 4 2 1 1 3622 3621 3832 3846
15732 4 2 1 1 3622 3832 3847 3846
15733 4 2 1 1 3832 3607 3622 3608
15734 4 2 1 1 3622 3832 3608 3833
15735 4 2 1 1 3833 3608 3622 3623
15736 4 2 1 1 3622 3832 3833 3847
15737 4 2 1 1 3623 3622 3833 3847
15738 4 2 1 1 3623 3833 3848 3847
15739 4 2 1 1 3833 3608 3623 551
15740 4 2 1 1 3623 3833 551 566
15741 4 2 1 1 566 551 3623 552
15742 4 2 1 1 3623 3833 566 3848
15743 4 2 1 1 552 3623 566 3848
15744 4 2 1 1 552 566 567 3848
15745 4 2 1 1 342 327 328 3609
15746 4 2 1 1 328 342 3609 3834
15747 4 2 1 1 3834 3609 328 3624
15748 4 2 1 1 328 342 3834 343
15749 4 2 1 1 3624 328 3834 343
15750 4 2 1 1 3624 3834 3849 343
15751 4 2 1 1 3834 3609 3624 3610
15752 4 2 1 1 3624 3834 3610 3835
15753 4 2 1 1 3835 3610 3624 3625
15754 4 2 1 1 3624 3834 3835 3849
15755 4 2 1 1 3625 3624 3835 3849
15756 4 2 1 1 3625 3835 3850 3849
15757 4 2 1 1 3835 3610 3625 3611
15758 4 2 1 1 3625 3835 3611 3836
15759 4 2 1 1 3836 3611 3625 3626
15760 4 2 1 1 3625 3835 3836 3850
15761 4 2 1 1 3626 3625 3836 3850
15762 4 2 1 1 3626 3836 3851 3850
15763 4 2 1 1 3836 3611 3626 3612
15764 4 2 1 1 3626 3836 3612 3837
15765 4 2 1 1 3837 3612 3626 3627
15766 4 2 1 1 3626 3836 3837 3851
15767 4 2 1 1 3627 3626 3837 3851
15768 4 2 1 1 3627 3837 3852 3851
15769 4 2 1 1 3837 3612 3627 3613
15770 4 2 1 1 3627 3837 3613 3838
15771 4 2 1 1 3838 3613 3627 3628
15772 4 2 1 1 3627 3837 3838 3852
15773 4 2 1 1 3628 3627 3838 3852
15774 4 2 1 1 3628 3838 3853 3852
15775 4 2 1 1 3838 3613 3628 3614
15776 4 2 1 1 3628 3838 3614 3839
15777 4 2 1 1 3839 3614 3628 3629
15778 4 2 1 1 3628 3838 3839 3853
15779 4 2 1 1 3629 3628 3839 3853
15780 4 2 1 1 3629 3839 3854 3853
15781 4 2 1 1 3839 3614 3629 3615
15782 4 2 1 1 3629 3839 3615 3840
15783 4 2 1 1 3840 3615 3629 3630
15784 4 2 1 1 3629 3839 3840 3854
15785 4 2 1 1 3630 3629 3840 3854
15786 4 2 1 1 3630 3840 3855 3854
15787 4 2 1 1 3840 3615 3630 3616
15788 4 2 1 1 3630 3840 3616 3841
15789 4 2 1 1 3841 3616 3630 3631
15790 4 2 1 1 3630 3840 3841 3855
15791 4 2 1 1 3631 3630 3841 3855
15792 4 2 1 1 3631 3841 3856 3855
15793 4 2 1 1 3841 3616 3631 3617
15794 4 2 1 1 3631 3841 3617 3842
15795 4 2 1 1 3842 3617 3631 3632
15796 4 2 1 1 3631 3841 3842 3856
15797 4 2 1 1 3632 3631 3842 3856
15798 4 2 1 1 3632 3842 3857 3856
15799 4 2 1 1 3842 3617 3632 3618
15800 4 2 1 1 3632 3842 3618 3843
15801 4 2 1 1 3843 3618 3632 3633
15802 4 2 1 1 3632 3842 3843 3857
15803 4 2 1 1 3633 3632 3843 3857
15804 4 2 1 1 3633 3843 3858 3857
15805 4 2 1 1 3843 3618 3633 3619
15806 4 2 1 1 3633 3843 3619 3844
15807 4 2 1 1 3844 3619 3633 3634
15808 4 2 1 1 3633 3843 3844 3858
15809 4 2 1 1 3634 3633 3844 3858
15810 4 2 1 1 3634 3844 3859 3858
15811 4 2 1 1 3844 3619 3634 3620
15812 4 2 1 1 3634 3844 3620 3845
15813 4 2 1 1 3845 3620 3634 3635
15814 4 2 1 1 3634 3844 3845 3859
15815 4 2 1 1 3635 3634 3845 3859
15816 4 2 1 1 3635 3845 3860 3859
15817 4 2 1 1 3845 3620 3635 3621
15818 4 2 1 1 3635 3845 3621 3846
15819 4 2 1 1 3846 3621 3635 3636
15820 4 2 1 1 3635 3845 3846 3860
15821 4 2 1 1 3636 3635 3846 3860
15822 4 2 1 1 3636 3846 3861 3860
15823 4 2 1 1 3846 3621 3636 3622
15824 4 2 1 1 3636 3846 3622 3847
15825 4 2 1 1 3847 3622 3636 3637
15826 4 2 1 1 3636 3846 3847 3861
15827 4 2 1 1 3637 3636 3847 3861
15828 4 2 1 1 3637 3847 3862 3861
15829 4 2 1 1 3847 3622 3637 3623
15830 4 2 1 1 3637 3847 3623 3848
15831 4 2 1 1 3848 3623 3637 3638
15832 4 2 1 1 3637 3847 3848 3862
15833 4 2 1 1 3638 3637 3848 3862
15834 4 2 1 1 3638 3848 3863 3862
15835 4 2 1 1 3848 3623 3638 552
15836 4 2 1 1 3638 3848 552 567
15837 4 2 1 1 567 552 3638 553
15838 4 2 1 1 3638 3848 567 3863
15839 4 2 1 1 553 3638 567 3863
15840 4 2 1 1 553 567 568 3863
15841 4 2 1 1 343 328 329 3624
15842 4 2 1 1 329 343 3624 3849
15843 4 2 1 1 3849 3624 329 3639
15844 4 2 1 1 329 343 3849 344
15845 4 2 1 1 3639 329 3849 344
15846 4 2 1 1 3639 3849 3864 344
15847 4 2 1 1 3849 3624 3639 3625
15848 4 2 1 1 3639 3849 3625 3850
15849 4 2 1 1 3850 3625 3639 3640
15850 4 2 1 1 3639 3849 3850 3864
15851 4 2 1 1 3640 3639 3850 3864
15852 4 2 1 1 3640 3850 3865 3864
15853 4 2 1 1 3850 3625 3640 3626
15854 4 2 1 1 3640 3850 3626 3851
15855 4 2 1 1 3851 3626 3640 3641
15856 4 2 1 1 3640 3850 3851 3865
15857 4 2 1 1 3641 3640 3851 3865
15858 4 2 1 1 3641 3851 3866 3865
15859 4 2 1 1 3851 3626 3641 3627
15860 4 2 1 1 3641 3851 3627 3852
15861 4 2 1 1 3852 3627 3641 3642
15862 4 2 1 1 3641 3851 3852 3866
15863 4 2 1 1 3642 3641 3852 3866
15864 4 2 1 1 3642 3852 3867 3866
15865 4 2 1 1 3852 3627 3642 3628
15866 4 2 1 1 3642 3852 3628 3853
15867 4 2 1 1 3853 3628 3642 3643
15868 4 2 1 1 3642 3852 3853 3867
15869 4 2 1 1 3643 3642 3853 3867
15870 4 2 1 1 3643 3853 3868 3867
15871 4 2 1 1 3853 3628 3643 3629
15872 4 2 1 1 3643 3853 3629 3854
15873 4 2 1 1 3854 3629 3643 3644
15874 4 2 1 1 3643 3853 3854 3868
15875 4 2 1 1 3644 3643 3854 3868
15876 4 2 1 1 3644 3854 3869 3868
15877 4 2 1 1 3854 3629 3644 3630
15878 4 2 1 1 3644 3854 3630 3855
15879 4 2 1 1 3855 3630 3644 3645
15880 4 2 1 1 3644 3854 3855 3869
15881 4 2 1 1 3645 3644 3855 3869
15882 4 2 1 1 3645 3855 3870 3869
15883 4 2 1 1 3855 3630 3645 3631
15884 4 2 1 1 3645 3855 3631 3856
15885 4 2 1 1 3856 3631 3645 3646
15886 4 2 1 1 3645 3855 3856 3870
15887 4 2 1 1 3646 3645 3856 3870
15888 4 2 1 1 3646 3856 3871 3870
15889 4 2 1 1 3856 3631 3646 3632
15890 4 2 1 1 3646 3856 3632 3857
15891 4 2 1 1 3857 3632 3646 3647
15892 4 2 1 1 3646 3856 3857 3871
15893 4 2 1 1 3647 3646 3857 3871
15894 4 2 1 1 3647 3857 3872 3871
15895 4 2 1 1 3857 3632 3647 3633
15896 4 2 1 1 3647 3857 3633 3858
15897 4 2 1 1 3858 3633 3647 3648
15898 4 2 1 1 3647 3857 3858 3872
15899 4 2 1 1 3648 3647 3858 3872
15900 4 2 1 1 3648 3858 3873 3872
15901 4 2 1 1 3858 3633 3648 3634
15902 4 2 1 1 3648 3858 3634 3859
15903 4 2 1 1 3859 3634 3648 3649
15904 4 2 1 1 3648 3858 3859 3873
15905 4 2 1 1 3649 3648 3859 3873
15906 4 2 1 1 3649 3859 3874 3873
15907 4 2 1 1 3859 3634 3649 3635
15908 4 2 1 1 3649 3859 3635 3860
15909 4 2 1 1 3860 3635 3649 3650
15910 4 2 1 1 3649 3859 3860 3874
15911 4 2 1 1 3650 3649 3860 3874
15912 4 2 1 1 3650 3860 3875 3874
15913 4 2 1 1 3860 3635 3650 3636
15914 4 2 1 1 3650 3860 3636 3861
15915 4 2 1 1 3861 3636 3650 3651
15916 4 2 1 1 3650 3860 3861 3875
15917 4 2 1 1 3651 3650 3861 3875
15918 4 2 1 1 3651 3861 3876 3875
15919 4 2 1 1 3861 3636 3651 3637
15920 4 2 1 1 3651 3861 3637 3862
15921 4 2 1 1 3862 3637 3651 3652
15922 4 2 1 1 3651 3861 3862 3876
15923 4 2 1 1 3652 3651 3862 3876
15924 4 2 1 1 3652 3862 3877 3876
15925 4 2 1 1 3862 3637 3652 3638
15926 4 2 1 1 3652 3862 3638 3863
15927 4 2 1 1 3863 3638 3652 3653
15928 4 2 1 1 3652 3862 3863 3877
15929 4 2 1 1 3653 3652 3863 3877
15930 4 2 1 1 3653 3863 3878 3877
15931 4 2 1 1 3863 3638 3653 553
15932 4 2 1 1 3653 3863 553 568
15933 4 2 1 1 568 553 3653 554
15934 4 2 1 1 3653 3863 568 3878
15935 4 2 1 1 554 3653 568 3878
15936 4 2 1 1 554 568 569 3878
15937 4 2 1 1 344 329 330 3639
15938 4 2 1 1 330 344 3639 3864
15939 4 2 1 1 3864 3639 330 3654
15940 4 2 1 1 330 344 3864 345
15941 4 2 1 1 3654 330 3864 345
15942 4 2 1 1 3654 3864 3879 345
15943 4 2 1 1 3864 3639 3654 3640
15944 4 2 1 1 3654 3864 3640 3865
15945 4 2 1 1 3865 3640 3654 3655
15946 4 2 1 1 3654 3864 3865 3879
15947 4 2 1 1 3655 3654 3865 3879
15948 4 2 1 1 3655 3865 3880 3879
15949 4 2 1 1 3865 3640 3655 3641
15950 4 2 1 1 3655 3865 3641 3866
15951 4 2 1 1 3866 3641 3655 3656
15952 4 2 1 1 3655 3865 3866 3880
15953 4 2 1 1 3656 3655 3866 3880
15954 4 2 1 1 3656 3866 3881 3880
15955 4 2 1 1 3866 3641 3656 3642
15956 4 2 1 1 3656 3866 3642 3867
15957 4 2 1 1 3867 3642 3656 3657
15958 4 2 1 1 3656 3866 3867 3881
15959 4 2 1 1 3657 3656 3867 3881
15960 4 2 1 1 3657 3867 3882 3881
15961 4 2 1 1 3867 3642 3657 3643
15962 4 2 1 1 3657 3867 3643 3868
15963 4 2 1 1 3868 3643 3657 3658
15964 4 2 1 1 3657 3867 3868 3882
15965 4 2 1 1 3658 3657 3868 3882
15966 4 2 1 1 3658 3868 3883 3882
15967 4 2 1 1 3868 3643 3658 3644
15968 4 2 1 1 3658 3868 3644 3869
15969 4 2 1 1 3869 3644 3658 3659
15970 4 2 1 1 3658 3868 3869 3883
15971 4 2 1 1 3659 3658 3869 3883
15972 4 2 1 1 3659 3869 3884 3883
15973 4 2 1 1 3869 3644 3659 3645
15974 4 2 1 1 3659 3869 3645 3870
15975 4 2 1 1 3870 3645 3659 3660
15976 4 2 1 1 3659 3869 3870 3884
15977 4 2 1 1 3660 3659 3870 3884
15978 4 2 1 1 3660 3870 3885 3884
15979 4 2 1 1 3870 3645 3660 3646
15980 4 2 1 1 3660 3870 3646 3871
15981 4 2 1 1 3871 3646 3660 3661
15982 4 2 1 1 3660 3870 3871 3885
15983 4 2 1 1 3661 3660 3871 3885
15984 4 2 1 1 3661 3871 3886 3885
15985 4 2 1 1 3871 3646 3661 3647
15986 4 2 1 1 3661 3871 3647 3872
15987 4 2 1 1 3872 3647 3661 3662
15988 4 2 1 1 3661 3871 3872 3886
15989 4 2 1 1 3662 3661 3872 3886
15990 4 2 1 1 3662 3872 3887 3886
15991 4 2 1 1 3872 3647 3662 3648
15992 4 2 1 1 3662 3872 3648 3873
15993 4 2 1 1 3873 3648 3662 3663
15994 4 2 1 1 3662 3872 3873 3887
15995 4 2 1 1 3663 3662 3873 3887
15996 4 2 1 1 3663 3873 3888 3887
15997 4 2 1 1 3873 3648 3663 3649
15998 4 2 1 1 3663 3873 3649 3874
15999 4 2 1 1 3874 3649 3663 3664
16000 4 2 1 1 3663 3873 3874 3888
16001 4 2 1 1 3664 3663 3874 3888
16002 4 2 1 1 3664 3874 3889 3888
16003 4 2 1 1 3874 3649 3664 3650
16004 4 2 1 1 3664 3874 3650 3875
16005 4 2 1 1 3875 3650 3664 3665
16006 4 2 1 1 3664 3874 3875 3889
16007 4 2 1 1 3665 3664 3875 3889
16008 4 2 1 1 3665 3875 3890 3889
16009 4 2 1 1 3875 3650 3665 3651
16010 4 2 1 1 3665 3875 3651 3876
16011 4 2 1 1 3876 3651 3665 3666
16012 4 2 1 1 3665 3875 3876 3890
16013 4 2 1 1 3666 3665 3876 3890
16014 4 2 1 1 3666 3876 3891 3890
16015 4 2 1 1 3876 3651 3666 3652
16016 4 2 1 1 3666 3876 3652 3877
16017 4 2 1 1 3877 3652 3666 3667
16018 4 2 1 1 3666 3876 3877 3891
16019 4 2 1 1 3667 3666 3877 3891
16020 4 2 1 1 3667 3877 3892 3891
16021 4 2 1 1 3877 3652 3667 3653
16022 4 2 1 1 3667 3877 3653 3878
16023 4 2 1 1 3878 3653 3667 3668
16024 4 2 1 1 3667 3877 3878 3892
16025 4 2 1 1 3668 3667 3878 3892
16026 4 2 1 1 3668 3878 3893 3892
16027 4 2 1 1 3878 3653 3668 554
16028 4 2 1 1 3668 3878 554 569
16029 4 2 1 1 569 554 3668 555
16030 4 2 1 1 3668 3878 569 3893
16031 4 2 1 1 555 3668 569 3893
16032 4 2 1 1 555 569 570 3893
16033 4 2 1 1 345 330 331 3654
16034 4 2 1 1 331 345 3654 3879
16035 4 2 1 1 3879 3654 331 3669
16036 4 2 1 1 331 345 3879 346
16037 4 2 1 1 3669 331 3879 346
16038 4 2 1 1 3669 3879 3894 346
16039 4 2 1 1 3879 3654 3669 3655
16040 4 2 1 1 3669 3879 3655 3880
16041 4 2 1 1 3880 3655 3669 3670
16042 4 2 1 1 3669 3879 3880 3894
16043 4 2 1 1 3670 3669 3880 3894
16044 4 2 1 1 3670 3880 3895 3894
16045 4 2 1 1 3880 3655 3670 3656
16046 4 2 1 1 3670 3880 3656 3881
16047 4 2 1 1 3881 3656 3670 3671
16048 4 2 1 1 3670 3880 3881 3895
16049 4 2 1 1 3671 3670 3881 3895
16050 4 2 1 1 3671 3881 3896 3895
16051 4 2 1 1 3881 3656 3671 3657
16052 4 2 1 1 3671 3881 3657 3882
16053 4 2 1 1 3882 3657 3671 3672
16054 4 2 1 1 3671 3881 3882 3896
16055 4 2 1 1 3672 3671 3882 3896
16056 4 2 1 1 3672 3882 3897 3896
16057 4 2 1 1 3882 3657 3672 3658
16058 4 2 1 1 3672 3882 3658 3883
16059 4 2 1 1 3883 3658 3672 3673
16060 4 2 1 1 3672 3882 3883 3897
16061 4 2 1 1 3673 3672 3883 3897
16062 4 2 1 1 3673 3883 3898 3897
16063 4 2 1 1 3883 3658 3673 3659
16064 4 2 1 1 3673 3883 3659 3884
16065 4 2 1 1 3884 3659 3673 3674
16066 4 2 1 1 3673 3883 3884 3898
16067 4 2 1 1 3674 3673 3884 3898
16068 4 2 1 1 3674 3884 3899 3898
16069 4 2 1 1 3884 3659 3674 3660
16070 4 2 1 1 3674 3884 3660 3885
16071 4 2 1 1 3885 3660 3674 3675
16072 4 2 1 1 3674 3884 3885 3899
16073 4 2 1 1 3675 3674 3885 3899
16074 4 2 1 1 3675 3885 3900 3899
16075 4 2 1 1 3885 3660 3675 3661
16076 4 2 1 1 3675 3885 3661 3886
16077 4 2 1 1 3886 3661 3675 3676
16078 4 2 1 1 3675 3885 3886 3900
16079 4 2 1 1 3676 3675 3886 3900
16080 4 2 1 1 3676 3886 3901 3900
16081 4 2 1 1 3886 3661 3676 3662
16082 4 2 1 1 3676 3886 3662 3887
16083 4 2 1 1 3887 3662 3676 3677
16084 4 2 1 1 3676 3886 3887 3901
16085 4 2 1 1 3677 3676 3887 3901
16086 4 2 1 1 3677 3887 3902 3901
16087 4 2 1 1 3887 3662 3677 3663
16088 4 2 1 1 3677 3887 3663 3888
16089 4 2 1 1 3888 3663 3677 3678
16090 4 2 1 1 3677 3887 3888 3902
16091 4 2 1 1 3678 3677 3888 3902
16092 4 2 1 1 3678 3888 3903 3902
16093 4 2 1 1 3888 3663 3678 3664
16094 4 2 1 1 3678 3888 3664 3889
16095 4 2 1 1 3889 3664 3678 3679
16096 4 2 1 1 3678 3888 3889 3903
16097 4 2 1 1 3679 3678 3889 3903
16098 4 2 1 1 3679 3889 3904 3903
16099 4 2 1 1 3889 3664 3679 3665
16100 4 2 1 1 3679 3889 3665 3890
16101 4 2 1 1 3890 3665 3679 3680
16102 4 2 1 1 3679 3889 3890 3904
16103 4 2 1 1 3680 3679 3890 3904
16104 4 2 1 1 3680 3890 3905 3904
16105 4 2 1 1 3890 3665 3680 3666
16106 4 2 1 1 3680 3890 3666 3891
16107 4 2 1 1 3891 3666 3680 3681
16108 4 2 1 1 3680 3890 3891 3905
16109 4 2 1 1 3681 3680 3891 3905
16110 4 2 1 1 3681 3891 3906 3905
16111 4 2 1 1 3891 3666 3681 3667
16112 4 2 1 1 3681 3891 3667 3892
16113 4 2 1 1 3892 3667 3681 3682
16114 4 2 1 1 3681 3891 3892 3906
16115 4 2 1 1 3682 3681 3892 3906
16116 4 2 1 1 3682 3892 3907 3906
16117 4 2 1 1 3892 3667 3682 3668
16118 4 2 1 1 3682 3892 3668 3893
16119 4 2 1 1 3893 3668 3682 3683
16120 4 2 1 1 3682 3892 3893 3907
16121 4 2 1 1 3683 3682 3893 3907
16122 4 2 1 1 3683 3893 3908 3907
16123 4 2 1 1 3893 3668 3683 555
16124 4 2 1 1 3683 3893 555 570
16125 4 2 1 1 570 555 3683 556
16126 4 2 1 1 3683 3893 570 3908
16127 4 2 1 1 556 3683 570 3908
16128 4 2 1 1 556 570 571 3908
16129 4 2 1 1 346 331 332 3669
16130 4 2 1 1 332 346 3669 3894
16131 4 2 1 1 3894 3669 332 3684
16132 4 2 1 1 332 346 3894 347
16133 4 2 1 1 3684 332 3894 347
16134 4 2 1 1 3684 3894 3909 347
16135 4 2 1 1 3894 3669 3684 3670
16136 4 2 1 1 3684 3894 3670 3895
16137 4 2 1 1 3895 3670 3684 3685
16138 4 2 1 1 3684 3894 3895 3909
16139 4 2 1 1 3685 3684 3895 3909
16140 4 2 1 1 3685 3895 3910 3909
16141 4 2 1 1 3895 3670 3685 3671
16142 4 2 1 1 3685 3895 3671 3896
16143 4 2 1 1 3896 3671 3685 3686
16144 4 2 1 1 3685 3895 3896 3910
16145 4 2 1 1 3686 3685 3896 3910
16146 4 2 1 1 3686 3896 3911 3910
16147 4 2 1 1 3896 3671 3686 3672
16148 4 2 1 1 3686 3896 3672 3897
16149 4 2 1 1 3897 3672 3686 3687
16150 4 2 1 1 3686 3896 3897 3911
16151 4 2 1 1 3687 3686 3897 3911
16152 4 2 1 1 3687 3897 3912 3911
16153 4 2 1 1 3897 3672 3687 3673
16154 4 2 1 1 3687 3897 3673 3898
16155 4 2 1 1 3898 3673 3687 3688
16156 4 2 1 1 3687 3897 3898 3912
16157 4 2 1 1 3688 3687 3898 3912
16158 4 2 1 1 3688 3898 3913 3912
16159 4 2 1 1 3898 3673 3688 3674
16160 4 2 1 1 3688 3898 3674 3899
16161 4 2 1 1 3899 3674 3688 3689
16162 4 2 1 1 3688 3898 3899 3913
16163 4 2 1 1 3689 3688 3899 3913
16164 4 2 1 1 3689 3899 3914 3913
16165 4 2 1 1 3899 3674 3689 3675
16166 4 2 1 1 3689 3899 3675 3900
16167 4 2 1 1 3900 3675 3689 3690
16168 4 2 1 1 3689 3899 3900 3914
16169 4 2 1 1 3690 3689 3900 3914
16170 4 2 1 1 3690 3900 3915 3914
16171 4 2 1 1 3900 3675 3690 3676
16172 4 2 1 1 3690 3900 3676 3901
16173 4 2 1 1 3901 3676 3690 3691
16174 4 2 1 1 3690 3900 3901 3915
16175 4 2 1 1 3691 3690 3901 3915
16176 4 2 1 1 3691 3901 3916 3915
16177 4 2 1 1 3901 3676 3691 3677
16178 4 2 1 1 3691 3901 3677 3902
16179 4 2 1 1 3902 3677 3691 3692
16180 4 2 1 1 3691 3901 3902 3916
16181 4 2 1 1 3692 3691 3902 3916
16182 4 2 1 1 3692 3902 3917 3916
16183 4 2 1 1 3902 3677 3692 3678
16184 4 2 1 1 3692 3902 3678 3903
16185 4 2 1 1 3903 3678 3692 3693
16186 4 2 1 1 3692 3902 3903 3917
16187 4 2 1 1 3693 3692 3903 3917
16188 4 2 1 1 3693 3903 3918 3917
16189 4 2 1 1 3903 3678 3693 3679
16190 4 2 1 1 3693 3903 3679 3904
16191 4 2 1 1 3904 3679 3693 3694
16192 4 2 1 1 3693 3903 3904 3918
16193 4 2 1 1 3694 3693 3904 3918
16194 4 2 1 1 3694 3904 3919 3918
16195 4 2 1 1 3904 3679 3694 3680
16196 4 2 1 1 3694 3904 3680 3905
16197 4 2 1 1 3905 3680 3694 3695
16198 4 2 1 1 3694 3904 3905 3919
16199 4 2 1 1 3695 3694 3905 3919
16200 4 2 1 1 3695 3905 3920 3919
16201 4 2 1 1 3905 3680 3695 3681
16202 4 2 1 1 3695 3905 3681 3906
16203 4 2 1 1 3906 3681 3695 3696
16204 4 2 1 1 3695 3905 3906 3920
16205 4 2 1 1 3696 3695 3906 3920
16206 4 2 1 1 3696 3906 3921 3920
16207 4 2 1 1 3906 3681 3696 3682
16208 4 2 1 1 3696 3906 3682 3907
16209 4 2 1 1 3907 3682 3696 3697
16210 4 2 1 1 3696 3906 3907 3921
16211 4 2 1 1 3697 3696 3907 3921
16212 4 2 1 1 3697 3907 3922 3921
16213 4 2 1 1 3907 3682 3697 3683
16214 4 2 1 1 3697 3907 3683 3908
16215 4 2 1 1 3908 3683 3697 3698
16216 4 2 1 1 3697 3907 3908 3922
16217 4 2 1 1 3698 3697 3908 3922
16218 4 2 1 1 3698 3908 3923 3922
16219 4 2 1 1 3908 3683 3698 556
16220 4 2 1 1 3698 3908 556 571
16221 4 2 1 1 571 556 3698 557
16222 4 2 1 1 3698 3908 571 3923
16223 4 2 1 1 557 3698 571 3923
16224 4 2 1 1 557 571 572 3923
16225 4 2 1 1 347 332 333 3684
16226 4 2 1 1 333 347 3684 3909
16227 4 2 1 1 3909 3684 333 3699
16228 4 2 1 1 333 347 3909 348
16229 4 2 1 1 3699 333 3909 348
16230 4 2 1 1 3699 3909 3924 348
16231 4 2 1 1 3909 3684 3699 3685
16232 4 2 1 1 3699 3909 3685 3910
16233 4 2 1 1 3910 3685 3699 3700
16234 4 2 1 1 3699 3909 3910 3924
16235 4 2 1 1 3700 3699 3910 3924
16236 4 2 1 1 3700 3910 3925 3924
16237 4 2 1 1 3910 3685 3700 3686
16238 4 2 1 1 3700 3910 3686 3911
16239 4 2 1 1 3911 3686 3700 3701
16240 4 2 1 1 3700 3910 3911 3925
16241 4 2 1 1 3701 3700 3911 3925
16242 4 2 1 1 3701 3911 3926 3925
16243 4 2 1 1 3911 3686 3701 3687
16244 4 2 1 1 3701 3911 3687 3912
16245 4 2 1 1 3912 3687 3701 3702
16246 4 2 1 1 3701 3911 3912 3926
16247 4 2 1 1 3702 3701 3912 3926
16248 4 2 1 1 3702 3912 3927 3926
16249 4 2 1 1 3912 3687 3702 3688
16250 4 2 1 1 3702 3912 3688 3913
16251 4 2 1 1 3913 3688 3702 3703
16252 4 2 1 1 3702 3912 3913 3927
16253 4 2 1 1 3703 3702 3913 3927
16254 4 2 1 1 3703 3913 3928 3927
16255 4 2 1 1 3913 3688 3703 3689
16256 4 2 1 1 3703 3913 3689 3914
16257 4 2 1 1 3914 3689 3703 3704
16258 4 2 1 1 3703 3913 3914 3928
16259 4 2 1 1 3704 3703 3914 3928
16260 4 2 1 1 3704 3914 3929 3928
16261 4 2 1 1 3914 3689 3704 3690
16262 4 2 1 1 3704 3914 3690 3915
16263 4 2 1 1 3915 3690 3704 3705
16264 4 2 1 1 3704 3914 3915 3929
16265 4 2 1 1 3705 3704 3915 3929
16266 4 2 1 1 3705 3915 3930 3929
16267 4 2 1 1 3915 3690 3705 3691
16268 4 2 1 1 3705 3915 3691 3916
16269 4 2 1 1 3916 3691 3705 3706
16270 4 2 1 1 3705 3915 3916 3930
16271 4 2 1 1 3706 3705 3916 3930
16272 4 2 1 1 3706 3916 3931 3930
16273 4 2 1 1 3916 3691 3706 3692
16274 4 2 1 1 3706 3916 3692 3917
16275 4 2 1 1 3917 3692 3706 3707
16276 4 2 1 1 3706 3916 3917 3931
16277 4 2 1 1 3707 3706 3917 3931
16278 4 2 1 1 3707 3917 3932 3931
16279 4 2 1 1 3917 3692 3707 3693
16280 4 2 1 1 3707 3917 3693 3918
16281 4 2 1 1 3918 3693 3707 3708
16282 4 2 1 1 3707 3917 3918 3932
16283 4 2 1 1 3708 3707 3918 3932
16284 4 2 1 1 3708 3918 3933 3932
16285 4 2 1 1 3918 3693 3708 3694
16286 4 2 1 1 3708 3918 3694 3919
16287 4 2 1 1 3919 3694 3708 3709
16288 4 2 1 1 3708 3918 3919 3933
16289 4 2 1 1 3709 3708 3919 3933
16290 4 2 1 1 3709 3919 3934 3933
16291 4 2 1 1 3919 3694 3709 3695
16292 4 2 1 1 3709 3919 3695 3920
16293 4 2 1 1 3920 3695 3709 3710
16294 4 2 1 1 3709 3919 3920 3934
16295 4 2 1 1 3710 3709 3920 3934
16296 4 2 1 1 3710 3920 3935 3934
16297 4 2 1 1 3920 3695 3710 3696
16298 4 2 1 1 3710 3920 3696 3921
16299 4 2 1 1 3921 3696 3710 3711
16300 4 2 1 1 3710 3920 3921 3935
16301 4 2 1 1 3711 3710 3921 3935
16302 4 2 1 1 3711 3921 3936 3935
16303 4 2 1 1 3921 3696 3711 3697
16304 4 2 1 1 3711 3921 3697 3922
16305 4 2 1 1 3922 3697 3711 3712
16306 4 2 1 1 3711 3921 3922 3936
16307 4 2 1 1 3712 3711 3922 3936
16308 4 2 1 1 3712 3922 3937 3936
16309 4 2 1 1 3922 3697 3712 3698
16310 4 2 1 1 3712 3922 3698 3923
16311 4 2 1 1 3923 3698 3712 3713
16312 4 2 1 1 3712 3922 3923 3937
16313 4 2 1 1 3713 3712 3923 3937
16314 4 2 1 1 3713 3923 3938 3937
16315 4 2 1 1 3923 3698 3713 557
16316 4 2 1 1 3713 3923 557 572
16317 4 2 1 1 572 557 3713 558
16318 4 2 1 1 3713 3923 572 3938
16319 4 2 1 1 558 3713 572 3938
16320 4 2 1 1 558 572 573 3938
16321 4 2 1 1 348 333 334 3699
16322 4 2 1 1 334 348 3699 3924
16323 4 2 1 1 3924 3699 334 3714
16324 4 2 1 1 334 348 3924 349
16325 4 2 1 1 3714 334 3924 349
16326 4 2 1 1 3714 3924 3939 349
16327 4 2 1 1 3924 3699 3714 3700
16328 4 2 1 1 3714 3924 3700 3925
16329 4 2 1 1 3925 3700 3714 3715
16330 4 2 1 1 3714 3924 3925 3939
16331 4 2 1 1 3715 3714 3925 3939
16332 4 2 1 1 3715 3925 3940 3939
16333 4 2 1 1 3925 3700 3715 3701
16334 4 2 1 1 3715 3925 3701 3926
16335 4 2 1 1 3926 3701 3715 3716
16336 4 2 1 1 3715 3925 3926 3940
16337 4 2 1 1 3716 3715 3926 3940
16338 4 2 1 1 3716 3926 3941 3940
16339 4 2 1 1 3926 3701 3716 3702
16340 4 2 1 1 3716 3926 3702 3927
16341 4 2 1 1 3927 3702 3716 3717
16342 4 2 1 1 3716 3926 3927 3941
16343 4 2 1 1 3717 3716 3927 3941
16344 4 2 1 1 3717 3927 3942 3941
16345 4 2 1 1 3927 3702 3717 3703
16346 4 2 1 1 3717 3927 3703 3928
16347 4 2 1 1 3928 3703 3717 3718
16348 4 2 1 1 3717 3927 3928 3942
16349 4 2 1 1 3718 3717 3928 3942
16350 4 2 1 1 3718 3928 3943 3942
16351 4 2 1 1 3928 3703 3718 3704
16352 4 2 1 1 3718 3928 3704 3929
16353 4 2 1 1 3929 3704 3718 3719
16354 4 2 1 1 3718 3928 3929 3943
16355 4 2 1 1 3719 3718 3929 3943
16356 4 2 1 1 3719 3929 3944 3943
16357 4 2 1 1 3929 3704 3719 3705
16358 4 2 1 1 3719 3929 3705 3930
16359 4 2 1 1 3930 3705 3719 3720
16360 4 2 1 1 3719 3929 3930 3944
16361 4 2 1 1 3720 3719 3930 3944
16362 4 2 1 1 3720 3930 3945 3944
16363 4 2 1 1 3930 3705 3720 3706
16364 4 2 1 1 3720 3930 3706 3931
16365 4 2 1 1 3931 3706 3720 3721
16366 4 2 1 1 3720 3930 3931 3945
16367 4 2 1 1 3721 3720 3931 3945
16368 4 2 1 1 3721 3931 3946 3945
16369 4 2 1 1 3931 3706 3721 3707
16370 4 2 1 1 3721 3931 3707 3932
16371 4 2 1 1 3932 3707 3721 3722
16372 4 2 1 1 3721 3931 3932 3946
16373 4 2 1 1 3722 3721 3932 3946
16374 4 2 1 1 3722 3932 3947 3946
16375 4 2 1 1 3932 3707 3722 3708
16376 4 2 1 1 3722 3932 3708 3933
16377 4 2 1 1 3933 3708 3722 3723
16378 4 2 1 1 3722 3932 3933 3947
16379 4 2 1 1 3723 3722 3933 3947
16380 4 2 1 1 3723 3933 3948 3947
16381 4 2 1 1 3933 3708 3723 3709
16382 4 2 1 1 3723 3933 3709 3934
16383 4 2 1 1 3934 3709 3723 3724
16384 4 2 1 1 3723 3933 3934 3948
16385 4 2 1 1 3724 3723 3934 3948
16386 4 2 1 1 3724 3934 3949 3948
16387 4 2 1 1 3934 3709 3724 3710
16388 4 2 1 1 3724 3934 3710 3935
16389 4 2 1 1 3935 3710 3724 3725
16390 4 2 1 1 3724 3934 3935 3949
16391 4 2 1 1 3725 3724 3935 3949
16392 4 2 1 1 3725 3935 3950 3949
16393 4 2 1 1 3935 3710 3725 3711
16394 4 2 1 1 3725 3935 3711 3936
16395 4 2 1 1 3936 3711 3725 3726
16396 4 2 1 1 3725 3935 3936 3950
16397 4 2 1 1 3726 3725 3936 3950
16398 4 2 1 1 3726 3936 3951 3950
16399 4 2 1 1 3936 3711 3726 3712
16400 4 2 1 1 3726 3936 3712 3937
16401 4 2 1 1 3937 3712 3726 3727
16402 4 2 1 1 3726 3936 3937 3951
16403 4 2 1 1 3727 3726 3937 3951
16404 4 2 1 1 3727 3937 3952 3951
16405 4 2 1 1 3937 3712 3727 3713
16406 4 2 1 1 3727 3937 3713 3938
16407 4 2 1 1 3938 3713 3727 3728
16408 4 2 1 1 3727 3937 3938 3952
16409 4 2 1 1 3728 3727 3938 3952
16410 4 2 1 1 3728 3938 3953 3952
16411 4 2 1 1 3938 3713 3728 558
16412 4 2 1 1 3728 3938 558 573
16413 4 2 1 1 573 558 3728 559
16414 4 2 1 1 3728 3938 573 3953
16415 4 2 1 1 559 3728 573 3953
16416 4 2 1 1 559 573 574 3953
16417 4 2 1 1 349 334 335 3714
16418 4 2 1 1 335 349 3714 3939
16419 4 2 1 1 3939 3714 335 3729
16420 4 2 1 1 335 349 3939 350
16421 4 2 1 1 3729 335 3939 350
16422 4 2 1 1 3729 3939 3954 350
16423 4 2 1 1 3939 3714 3729 3715
16424 4 2 1 1 3729 3939 3715 3940
16425 4 2 1 1 3940 3715 3729 3730
16426 4 2 1 1 3729 3939 3940 3954
16427 4 2 1 1 3730 3729 3940 3954
16428 4 2 1 1 3730 3940 3955 3954
16429 4 2 1 1 3940 3715 3730 3716
16430 4 2 1 1 3730 3940 3716 3941
16431 4 2 1 1 3941 3716 3730 3731
16432 4 2 1 1 3730 3940 3941 3955
16433 4 2 1 1 3731 3730 3941 3955
16434 4 2 1 1 3731 3941 3956 3955
16435 4 2 1 1 3941 3716 3731 3717
16436 4 2 1 1 3731 3941 3717 3942
16437 4 2 1 1 3942 3717 3731 3732
16438 4 2 1 1 3731 3941 3942 3956
16439 4 2 1 1 3732 3731 3942 3956
16440 4 2 1 1 3732 3942 3957 3956
16441 4 2 1 1 3942 3717 3732 3718
16442 4 2 1 1 3732 3942 3718 3943
16443 4 2 1 1 3943 3718 3732 3733
16444 4 2 1 1 3732 3942 3943 3957
16445 4 2 1 1 3733 3732 3943 3957
16446 4 2 1 1 3733 3943 3958 3957
16447 4 2 1 1 3943 3718 3733 3719
16448 4 2 1 1 3733 3943 3719 3944
16449 4 2 1 1 3944 3719 3733 3734
16450 4 2 1 1 3733 3943 3944 3958
16451 4 2 1 1 3734 3733 3944 3958
16452 4 2 1 1 3734 3944 3959 3958
16453 4 2 1 1 3944 3719 3734 3720
16454 4 2 1 1 3734 3944 3720 3945
16455 4 2 1 1 3945 3720 3734 3735
16456 4 2 1 1 3734 3944 3945 3959
16457 4 2 1 1 3735 3734 3945 3959
16458 4 2 1 1 3735 3945 3960 3959
16459 4 2 1 1 3945 3720 3735 3721
16460 4 2 1 1 3735 3945 3721 3946
16461 4 2 1 1 3946 3721 3735 3736
16462 4 2 1 1 3735 3945 3946 3960
16463 4 2 1 1 3736 3735 3946 3960
16464 4 2 1 1 3736 3946 3961 3960
16465 4 2 1 1 3946 3721 3736 3722
16466 4 2 1 1 3736 3946 3722 3947
16467 4 2 1 1 3947 3722 3736 3737
16468 4 2 1 1 3736 3946 3947 3961
16469 4 2 1 1 3737 3736 3947 3961
16470 4 2 1 1 3737 3947 3962 3961
16471 4 2 1 1 3947 3722 3737 3723
16472 4 2 1 1 3737 3947 3723 3948
16473 4 2 1 1 3948 3723 3737 3738
16474 4 2 1 1 3737 3947 3948 3962
16475 4 2 1 1 3738 3737 3948 3962
16476 4 2 1 1 3738 3948 3963 3962
16477 4 2 1 1 3948 3723 3738 3724
16478 4 2 1 1 3738 3948 3724 3949
16479 4 2 1 1 3949 3724 3738 3739
16480 4 2 1 1 3738 3948 3949 3963
16481 4 2 1 1 3739 3738 3949 3963
16482 4 2 1 1 3739 3949 3964 3963
16483 4 2 1 1 3949 3724 3739 3725
16484 4 2 1 1 3739 3949 3725 3950
16485 4 2 1 1 3950 3725 3739 3740
16486 4 2 1 1 3739 3949 3950 3964
16487 4 2 1 1 3740 3739 3950 3964
16488 4 2 1 1 3740 3950 3965 3964
16489 4 2 1 1 3950 3725 3740 3726
16490 4 2 1 1 3740 3950 3726 3951
16491 4 2 1 1 3951 3726 3740 3741
16492 4 2 1 1 3740 3950 3951 3965
16493 4 2 1 1 3741 3740 3951 3965
16494 4 2 1 1 3741 3951 3966 3965
16495 4 2 1 1 3951 3726 3741 3727
16496 4 2 1 1 3741 3951 3727 3952
16497 4 2 1 1 3952 3727 3741 3742
16498 4 2 1 1 3741 3951 3952 3966
16499 4 2 1 1 3742 3741 3952 3966
16500 4 2 1 1 3742 3952 3967 3966
16501 4 2 1 1 3952 3727 3742 3728
16502 4 2 1 1 3742 3952 3728 3953
16503 4 2 1 1 3953 3728 3742 3743
16504 4 2 1 1 3742 3952 3953 3967
16505 4 2 1 1 3743 3742 3953 3967
16506 4 2 1 1 3743 3953 3968 3967
16507 4 2 1 1 3953 3728 3743 559
16508 4 2 1 1 3743 3953 559 574
16509 4 2 1 1 574 559 3743 560
16510 4 2 1 1 3743 3953 574 3968
16511 4 2 1 1 560 3743 574 3968
16512 4 2 1 1 560 574 575 3968
16513 4 2 1 1 350 335 336 3729
16514 4 2 1 1 336 350 3729 3954
16515 4 2 1 1 3954 3729 336 3744
16516 4 2 1 1 336 350 3954 351
16517 4 2 1 1 3744 336 3954 351
16518 4 2 1 1 3744 3954 3969 351
16519 4 2 1 1 3954 3729 3744 3730
16520 4 2 1 1 3744 3954 3730 3955
16521 4 2 1 1 3955 3730 3744 3745
16522 4 2 1 1 3744 3954 3955 3969
16523 4 2 1 1 3745 3744 3955 3969
16524 4 2 1 1 3745 3955 3970 3969
16525 4 2 1 1 3955 3730 3745 3731
16526 4 2 1 1 3745 3955 3731 3956
16527 4 2 1 1 3956 3731 3745 3746
16528 4 2 1 1 3745 3955 3956 3970
16529 4 2 1 1 3746 3745 3956 3970
16530 4 2 1 1 3746 3956 3971 3970
16531 4 2 1 1 3956 3731 3746 3732
16532 4 2 1 1 3746 3956 3732 3957
16533 4 2 1 1 3957 3732 3746 3747
16534 4 2 1 1 3746 3956 3957 3971
16535 4 2 1 1 3747 3746 3957 3971
16536 4 2 1 1 3747 3957 3972 3971
16537 4 2 1 1 3957 3732 3747 3733
16538 4 2 1 1 3747 3957 3733 3958
16539 4 2 1 1 3958 3733 3747 3748
16540 4 2 1 1 3747 3957 3958 3972
16541 4 2 1 1 3748 3747 3958 3972
16542 4 2 1 1 3748 3958 3973 3972
16543 4 2 1 1 3958 3733 3748 3734
16544 4 2 1 1 3748 3958 3734 3959
16545 4 2 1 1 3959 3734 3748 3749
16546 4 2 1 1 3748 3958 3959 3973
16547 4 2 1 1 3749 3748 3959 3973
16548 4 2 1 1 3749 3959 3974 3973
16549 4 2 1 1 3959 3734 3749 3735
16550 4 2 1 1 3749 3959 3735 3960
16551 4 2 1 1 3960 3735 3749 3750
16552 4 2 1 1 3749 3959 3960 3974
16553 4 2 1 1 3750 3749 3960 3974
16554 4 2 1 1 3750 3960 3975 3974
16555 4 2 1 1 3960 3735 3750 3736
16556 4 2 1 1 3750 3960 3736 3961
16557 4 2 1 1 3961 3736 3750 3751
16558 4 2 1 1 3750 3960 3961 3975
16559 4 2 1 1 3751 3750 3961 3975
16560 4 2 1 1 3751 3961 3976 3975
16561 4 2 1 1 3961 3736 3751 3737
16562 4 2 1 1 3751 3961 3737 3962
16563 4 2 1 1 3962 3737 3751 3752
16564 4 2 1 1 3751 3961 3962 3976
16565 4 2 1 1 3752 3751 3962 3976
16566 4 2 1 1 3752 3962 3977 3976
16567 4 2 1 1 3962 3737 3752 3738
16568 4 2 1 1 3752 3962 3738 3963
16569 4 2 1 1 3963 3738 3752 3753
16570 4 2 1 1 3752 3962 3963 3977
16571 4 2 1 1 3753 3752 3963 3977
16572 4 2 1 1 3753 3963 3978 3977
16573 4 2 1 1 3963 3738 3753 3739
16574 4 2 1 1 3753 3963 3739 3964
16575 4 2 1 1 3964 3739 3753 3754
16576 4 2 1 1 3753 3963 3964 3978
16577 4 2 1 1 3754 3753 3964 3978
16578 4 2 1 1 3754 3964 3979 3978
16579 4 2 1 1 3964 3739 3754 3740
16580 4 2 1 1 3754 3964 3740 3965
16581 4 2 1 1 3965 3740 3754 3755
16582 4 2 1 1 3754 3964 3965 3979
16583 4 2 1 1 3755 3754 3965 3979
16584 4 2 1 1 3755 3965 3980 3979
16585 4 2 1 1 3965 3740 3755 3741
16586 4 2 1 1 3755 3965 3741 3966
16587 4 2 1 1 3966 3741 3755 3756
16588 4 2 1 1 3755 3965 3966 3980
16589 4 2 1 1 3756 3755 3966 3980
16590 4 2 1 1 3756 3966 3981 3980
16591 4 2 1 1 3966 3741 3756 3742
16592 4 2 1 1 3756 3966 3742 3967
16593 4 2 1 1 3967 3742 3756 3757
16594 4 2 1 1 3756 3966 3967 3981
16595 4 2 1 1 3757 3756 3967 3981
16596 4 2 1 1 3757 3967 3982 3981
16597 4 2 1 1 3967 3742 3757 3743
16598 4 2 1 1 3757 3967 3743 3968
16599 4 2 1 1 3968 3743 3757 3758
16600 4 2 1 1 3757 3967 3968 3982
16601 4 2 1 1 3758 3757 3968 3982
16602 4 2 1 1 3758 3968 3983 3982
16603 4 2 1 1 3968 3743 3758 560
16604 4 2 1 1 3758 3968 560 575
16605 4 2 1 1 575 560 3758 561
16606 4 2 1 1 3758 3968 575 3983
16607 4 2 1 1 561 3758 575 3983
16608 4 2 1 1 561 575 576 3983
16609 4 2 1 1 351 336 337 3744
16610 4 2 1 1 337 351 3744 3969
16611 4 2 1 1 3969 3744 337 3759
16612 4 2 1 1 337 351 3969 352
16613 4 2 1 1 3759 337 3969 352
16614 4 2 1 1 3759 3969 3984 352
16615 4 2 1 1 3969 3744 3759 3745
16616 4 2 1 1 3759 3969 3745 3970
16617 4 2 1 1 3970 3745 3759 3760
16618 4 2 1 1 3759 3969 3970 3984
16619 4 2 1 1 3760 3759 3970 3984
16620 4 2 1 1 3760 3970 3985 3984
16621 4 2 1 1 3970 3745 3760 3746
16622 4 2 1 1 3760 3970 3746 3971
16623 4 2 1 1 3971 3746 3760 3761
16624 4 2 1 1 3760 3970 3971 3985
16625 4 2 1 1 3761 3760 3971 3985
16626 4 2 1 1 3761 3971 3986 3985
16627 4 2 1 1 3971 3746 3761 3747
16628 4 2 1 1 3761 3971 3747 3972
16629 4 2 1 1 3972 3747 3761 3762
16630 4 2 1 1 3761 3971 3972 3986
16631 4 2 1 1 3762 3761 3972 3986
16632 4 2 1 1 3762 3972 3987 3986
16633 4 2 1 1 3972 3747 3762 3748
16634 4 2 1 1 3762 3972 3748 3973
16635 4 2 1 1 3973 3748 3762 3763
16636 4 2 1 1 3762 3972 3973 3987
16637 4 2 1 1 3763 3762 3973 3987
16638 4 2 1 1 3763 3973 3988 3987
16639 4 2 1 1 3973 3748 3763 3749
16640 4 2 1 1 3763 3973 3749 3974
16641 4 2 1 1 3974 3749 3763 3764
16642 4 2 1 1 3763 3973 3974 3988
16643 4 2 1 1 3764 3763 3974 3988
16644 4 2 1 1 3764 3974 3989 3988
16645 4 2 1 1 3974 3749 3764 3750
16646 4 2 1 1 3764 3974 3750 3975
16647 4 2 1 1 3975 3750 3764 3765
16648 4 2 1 1 3764 3974 3975 3989
16649 4 2 1 1 3765 3764 3975 3989
16650 4 2 1 1 3765 3975 3990 3989
16651 4 2 1 1 3975 3750 3765 3751
16652 4 2 1 1 3765 3975 3751 3976
16653 4 2 1 1 3976 3751 3765 3766
16654 4 2 1 1 3765 3975 3976 3990
16655 4 2 1 1 3766 3765 3976 3990
16656 4 2 1 1 3766 3976 3991 3990
16657 4 2 1 1 3976 3751 3766 3752
16658 4 2 1 1 3766 3976 3752 3977
16659 4 2 1 1 3977 3752 3766 3767
16660 4 2 1 1 3766 3976 3977 3991
16661 4 2 1 1 3767 3766 3977 3991
16662 4 2 1 1 3767 3977 3992 3991
16663 4 2 1 1 3977 3752 3767 3753
16664 4 2 1 1 3767 3977 3753 3978
16665 4 2 1 1 3978 3753 3767 3768
16666 4 2 1 1 3767 3977 3978 3992
16667 4 2 1 1 3768 3767 3978 3992
16668 4 2 1 1 3768 3978 3993 3992
16669 4 2 1 1 3978 3753 3768 3754
16670 4 2 1 1 3768 3978 3754 3979
16671 4 2 1 1 3979 3754 3768 3769
16672 4 2 1 1 3768 3978 3979 3993
16673 4 2 1 1 3769 3768 3979 3993
16674 4 2 1 1 3769 3979 3994 3993
16675 4 2 1 1 3979 3754 3769 3755
16676 4 2 1 1 3769 3979 3755 3980
16677 4 2 1 1 3980 3755 3769 3770
16678 4 2 1 1 3769 3979 3980 3994
16679 4 2 1 1 3770 3769 3980 3994
16680 4 2 1 1 3770 3980 3995 3994
16681 4 2 1 1 3980 3755 3770 3756
16682 4 2 1 1 3770 3980 3756 3981
16683 4 2 1 1 3981 3756 3770 3771
16684 4 2 1 1 3770 3980 3981 3995
16685 4 2 1 1 3771 3770 3981 3995
16686 4 2 1 1 3771 3981 3996 3995
16687 4 2 1 1 3981 3756 3771 3757
16688 4 2 1 1 3771 3981 3757 3982
16689 4 2 1 1 3982 3757 3771 3772
16690 4 2 1 1 3771 3981 3982 3996
16691 4 2 1 1 3772 3771 3982 3996
16692 4 2 1 1 3772 3982 3997 3996
16693 4 2 1 1 3982 3757 3772 3758
16694 4 2 1 1 3772 3982 3758 3983
16695 4 2 1 1 3983 3758 3772 3773
16696 4 2 1 1 3772 3982 3983 3997
16697 4 2 1 1 3773 3772 3983 3997
16698 4 2 1 1 3773 3983 3998 3997
16699 4 2 1 1 3983 3758 3773 561
16700 4 2 1 1 3773 3983 561 576
16701 4 2 1 1 576 561 3773 562
16702 4 2 1 1 3773 3983 576 3998
16703 4 2 1 1 562 3773 576 3998
16704 4 2 1 1 562 576 577 3998
16705 4 2 1 1 352 337 338 3759
16706 4 2 1 1 338 352 3759 3984
16707 4 2 1 1 3984 3759 338 3774
16708 4 2 1 1 338 352 3984 353
16709 4 2 1 1 3774 338 3984 353
16710 4 2 1 1 3774 3984 3999 353
16711 4 2 1 1 3984 3759 3774 3760
16712 4 2 1 1 3774 3984 3760 3985
16713 4 2 1 1 3985 3760 3774 3775
16714 4 2 1 1 3774 3984 3985 3999
16715 4 2 1 1 3775 3774 3985 3999
16716 4 2 1 1 3775 3985 4000 3999
16717 4 2 1 1 3985 3760 3775 3761
16718 4 2 1 1 3775 3985 3761 3986
16719 4 2 1 1 3986 3761 3775 3776
16720 4 2 1 1 3775 3985 3986 4000
16721 4 2 1 1 3776 3775 3986 4000
16722 4 2 1 1 3776 3986 4001 4000
16723 4 2 1 1 3986 3761 3776 3762
16724 4 2 1 1 3776 3986 3762 3987
16725 4 2 1 1 3987 3762 3776 3777
16726 4 2 1 1 3776 3986 3987 4001
16727 4 2 1 1 3777 3776 3987 4001
16728 4 2 1 1 3777 3987 4002 4001
16729 4 2 1 1 3987 3762 3777 3763
16730 4 2 1 1 3777 3987 3763 3988
16731 4 2 1 1 3988 3763 3777 3778
16732 4 2 1 1 3777 3987 3988 4002
16733 4 2 1 1 3778 3777 3988 4002
16734 4 2 1 1 3778 3988 4003 4002
16735 4 2 1 1 3988 3763 3778 3764
16736 4 2 1 1 3778 3988 3764 3989
16737 4 2 1 1 3989 3764 3778 3779
16738 4 2 1 1 3778 3988 3989 4003
16739 4 2 1 1 3779 3778 3989 4003
16740 4 2 1 1 3779 3989 4004 4003
16741 4 2 1 1 3989 3764 3779 3765
16742 4 2 1 1 3779 3989 3765 3990
16743 4 2 1 1 3990 3765 3779 3780
16744 4 2 1 1 3779 3989 3990 4004
16745 4 2 1 1 3780 3779 3990 4004
16746 4 2 1 1 3780 3990 4005 4004
16747 4 2 1 1 3990 3765 3780 3766
16748 4 2 1 1 3780 3990 3766 3991
16749 4 2 1 1 3991 3766 3780 3781
16750 4 2 1 1 3780 3990 3991 4005
16751 4 2 1 1 3781 3780 3991 4005
16752 4 2 1 1 3781 3991 4006 4005
16753 4 2 1 1 3991 3766 3781 3767
16754 4 2 1 1 3781 3991 3767 3992
16755 4 2 1 1 3992 3767 3781 3782
16756 4 2 1 1 3781 3991 3992 4006
16757 4 2 1 1 3782 3781 3992 4006
16758 4 2 1 1 3782 3992 4007 4006
16759 4 2 1 1 3992 3767 3782 3768
16760 4 2 1 1 3782 3992 3768 3993
16761 4 2 1 1 3993 3768 3782 3783
16762 4 2 1 1 3782 3992 3993 4007
16763 4 2 1 1 3783 3782 3993 4007
16764 4 2 1 1 3783 3993 4008 4007
16765 4 2 1 1 3993 3768 3783 3769
16766 4 2 1 1 3783 3993 3769 3994
16767 4 2 1 1 3994 3769 3783 3784
16768 4 2 1 1 3783 3993 3994 4008
16769 4 2 1 1 3784 3783 3994 4008
16770 4 2 1 1 3784 3994 4009 4008
16771 4 2 1 1 3994 3769 3784 3770
16772 4 2 1 1 3784 3994 3770 3995
16773 4 2 1 1 3995 3770 3784 3785
16774 4 2 1 1 3784 3994 3995 4009
16775 4 2 1 1 3785 3784 3995 4009
16776 4 2 1 1 3785 3995 4010 4009
16777 4 2 1 1 3995 3770 3785 3771
16778 4 2 1 1 3785 3995 3771 3996
16779 4 2 1 1 3996 3771 3785 3786
16780 4 2 1 1 3785 3995 3996 4010
16781 4 2 1 1 3786 3785 3996 4010
16782 4 2 1 1 3786 3996 4011 4010
16783 4 2 1 1 3996 3771 3786 3772
16784 4 2 1 1 3786 3996 3772 3997
16785 4 2 1 1 3997 3772 3786 3787
16786 4 2 1 1 3786 3996 3997 4011
16787 4 2 1 1 3787 3786 3997 4011
16788 4 2 1 1 3787 3997 4012 4011
16789 4 2 1 1 3997 3772 3787 3773
16790 4 2 1 1 3787 3997 3773 3998
16791 4 2 1 1 3998 3773 3787 3788
16792 4 2 1 1 3787 3997 3998 4012
16793 4 2 1 1 3788 3787 3998 4012
16794 4 2 1 1 3788 3998 4013 4012
16795 4 2 1 1 3998 3773 3788 562
16796 4 2 1 1 3788 3998 562 577
16797 4 2 1 1 577 562 3788 563
16798 4 2 1 1 3788 3998 577 4013
16799 4 2 1 1 563 3788 577 4013
16800 4 2 1 1 563 577 578 4013
16801 4 2 1 1 353 338 48 3774
16802 4 2 1 1 48 353 3774 3999
16803 4 2 1 1 3999 3774 48 873
16804 4 2 1 1 48 353 3999 49
16805 4 2 1 1 873 48 3999 49
16806 4 2 1 1 873 3999 874 49
16807 4 2 1 1 3999 3774 873 3775
16808 4 2 1 1 873 3999 3775 4000
16809 4 2 1 1 4000 3775 873 888
16810 4 2 1 1 873 3999 4000 874
16811 4 2 1 1 888 873 4000 874
16812 4 2 1 1 888 4000 889 874
16813 4 2 1 1 4000 3775 888 3776
16814 4 2 1 1 888 4000 3776 4001
16815 4 2 1 1 4001 3776 888 903
16816 4 2 1 1 888 4000 4001 889
16817 4 2 1 1 903 888 4001 889
16818 4 2 1 1 903 4001 904 889
16819 4 2 1 1 4001 3776 903 3777
16820 4 2 1 1 903 4001 3777 4002
16821 4 2 1 1 4002 3777 903 918
16822 4 2 1 1 903 4001 4002 904
16823 4 2 1 1 918 903 4002 904
16824 4 2 1 1 918 4002 919 904
16825 4 2 1 1 4002 3777 918 3778
16826 4 2 1 1 918 4002 3778 4003
16827 4 2 1 1 4003 3778 918 933
16828 4 2 1 1 918 4002 4003 919
16829 4 2 1 1 933 918 4003 919
16830 4 2 1 1 933 4003 934 919
16831 4 2 1 1 4003 3778 933 3779
16832 4 2 1 1 933 4003 3779 4004
16833 4 2 1 1 4004 3779 933 948
16834 4 2 1 1 933 4003 4004 934
16835 4 2 1 1 948 933 4004 934
16836 4 2 1 1 948 4004 949 934
16837 4 2 1 1 4004 3779 948 3780
16838 4 2 1 1 948 4004 3780 4005
16839 4 2 1 1 4005 3780 948 963
16840 4 2 1 1 948 4004 4005 949
16841 4 2 1 1 963 948 4005 949
16842 4 2 1 1 963 4005 964 949
16843 4 2 1 1 4005 3780 963 3781
16844 4 2 1 1 963 4005 3781 4006
16845 4 2 1 1 4006 3781 963 978
16846 4 2 1 1 963 4005 4006 964
16847 4 2 1 1 978 963 4006 964
16848 4 2 1 1 978 4006 979 964
16849 4 2 1 1 4006 3781 978 3782
16850 4 2 1 1 978 4006 3782 4007
16851 4 2 1 1 4007 3782 978 993
16852 4 2 1 1 978 4006 4007 979
16853 4 2 1 1 993 978 4007 979
16854 4 2 1 1 993 4007 994 979
16855 4 2 1 1 4007 3782 993 3783
16856 4 2 1 1 993 4007 3783 4008
16857 4 2 1 1 4008 3783 993 1008
16858 4 2 1 1 993 4007 4008 994
16859 4 2 1 1 1008 993 4008 994
16860 4 2 1 1 1008 4008 1009 994
16861 4 2 1 1 4008 3783 1008 3784
16862 4 2 1 1 1008 4008 3784 4009
16863 4 2 1 1 4009 3784 1008 1023
16864 4 2 1 1 1008 4008 4009 1009
16865 4 2 1 1 1023 1008 4009 1009
16866 4 2 1 1 1023 4009 1024 1009
16867 4 2 1 1 4009 3784 1023 3785
16868 4 2 1 1 1023 4009 3785 4010
16869 4 2 1 1 4010 3785 1023 1038
16870 4 2 1 1 1023 4009 4010 1024
16871 4 2 1 1 1038 1023 4010 1024
16872 4 2 1 1 1038 4010 1039 1024
16873 4 2 1 1 4010 3785 1038 3786
16874 4 2 1 1 1038 4010 3786 4011
16875 4 2 1 1 4011 3786 1038 1053
16876 4 2 1 1 1038 4010 4011 1039
16877 4 2 1 1 1053 1038 4011 1039
16878 4 2 1 1 1053 4011 1054 1039
16879 4 2 1 1 4011 3786 1053 3787
16880 4 2 1 1 1053 4011 3787 4012
16881 4 2 1 1 4012 3787 1053 1068
16882 4 2 1 1 1053 4011 4012 1054
16883 4 2 1 1 1068 1053 4012 1054
16884 4 2 1 1 1068 4012 1069 1054
16885 4 2 1 1 4012 3787 1068 3788
16886 4 2 1 1 1068 4012 3788 4013
16887 4 2 1 1 4013 3788 1068 1083
16888 4 2 1 1 1068 4012 4013 1069
16889 4 2 1 1 1083 1068 4013 1069
16890 4 2 1 1 1083 4013 1084 1069
16891 4 2 1 1 4013 3788 1083 563
16892 4 2 1 1 1083 4013 563 578
16893 4 2 1 1 578 563 1083 108
16894 4 2 1 1 1083 4013 578 1084
16895 4 2 1 1 108 1083 578 1084
16896 4 2 1 1 108 578 109 1084
16897 4 2 1 1 20 19 339 649
16898 4 2 1 1 339 20 649 650
16899 4 2 1 1 650 649 339 3789
16900 4 2 1 1 339 20 650 354
16901 4 2 1 1 3789 339 650 354
16902 4 2 1 1 3789 650 4014 354
16903 4 2 1 1 650 649 3789 664
16904 4 2 1 1 3789 650 664 665
16905 4 2 1 1 665 664 3789 3790
16906 4 2 1 1 3789 650 665 4014
16907 4 2 1 1 3790 3789 665 4014
16908 4 2 1 1 3790 665 4015 4014
16909 4 2 1 1 665 664 3790 679
16910 4 2 1 1 3790 665 679 680
16911 4 2 1 1 680 679 3790 3791
16912 4 2 1 1 3790 665 680 4015
16913 4 2 1 1 3791 3790 680 4015
16914 4 2 1 1 3791 680 4016 4015
16915 4 2 1 1 680 679 3791 694
16916 4 2 1 1 3791 680 694 695
16917 4 2 1 1 695 694 3791 3792
16918 4 2 1 1 3791 680 695 4016
16919 4 2 1 1 3792 3791 695 4016
16920 4 2 1 1 3792 695 4017 4016
16921 4 2 1 1 695 694 3792 709
16922 4 2 1 1 3792 695 709 710
16923 4 2 1 1 710 709 3792 3793
16924 4 2 1 1 3792 695 710 4017
16925 4 2 1 1 3793 3792 710 4017
16926 4 2 1 1 3793 710 4018 4017
16927 4 2 1 1 710 709 3793 724
16928 4 2 1 1 3793 710 724 725
16929 4 2 1 1 725 724 3793 3794
16930 4 2 1 1 3793 710 725 4018
16931 4 2 1 1 3794 3793 725 4018
16932 4 2 1 1 3794 725 4019 4018
16933 4 2 1 1 725 724 3794 739
16934 4 2 1 1 3794 725 739 740
16935 4 2 1 1 740 739 3794 3795
16936 4 2 1 1 3794 725 740 4019
16937 4 2 1 1 3795 3794 740 4019
16938 4 2 1 1 3795 740 4020 4019
16939 4 2 1 1 740 739 3795 754
16940 4 2 1 1 3795 740 754 755
16941 4 2 1 1 755 754 3795 3796
16942 4 2 1 1 3795 740 755 4020
16943 4 2 1 1 3796 3795 755 4020
16944 4 2 1 1 3796 755 4021 4020
16945 4 2 1 1 755 754 3796 769
16946 4 2 1 1 3796 755 769 770
16947 4 2 1 1 770 769 3796 3797
16948 4 2 1 1 3796 755 770 4021
16949 4 2 1 1 3797 3796 770 4021
16950 4 2 1 1 3797 770 4022 4021
16951 4 2 1 1 770 769 3797 784
16952 4 2 1 1 3797 770 784 785
16953 4 2 1 1 785 784 3797 3798
16954 4 2 1 1 3797 770 785 4022
16955 4 2 1 1 3798 3797 785 4022
16956 4 2 1 1 3798 785 4023 4022
16957 4 2 1 1 785 784 3798 799
16958 4 2 1 1 3798 785 799 800
16959 4 2 1 1 800 799 3798 3799
16960 4 2 1 1 3798 785 800 4023
16961 4 2 1 1 3799 3798 800 4023
16962 4 2 1 1 3799 800 4024 4023
16963 4 2 1 1 800 799 3799 814
16964 4 2 1 1 3799 800 814 815
16965 4 2 1 1 815 814 3799 3800
16966 4 2 1 1 3799 800 815 4024
16967 4 2 1 1 3800 3799 815 4024
16968 4 2 1 1 3800 815 4025 4024
16969 4 2 1 1 815 814 3800 829
16970 4 2 1 1 3800 815 829 830
16971 4 2 1 1 830 829 3800 3801
16972 4 2 1 1 3800 815 830 4025
16973 4 2 1 1 3801 3800 830 4025
16974 4 2 1 1 3801 830 4026 4025
16975 4 2 1 1 830 829 3801 844
16976 4 2 1 1 3801 830 844 845
16977 4 2 1 1 845 844 3801 3802
16978 4 2 1 1 3801 830 845 4026
16979 4 2 1 1 3802 3801 845 4026
16980 4 2 1 1 3802 845 4027 4026
16981 4 2 1 1 845 844 3802 859
16982 4 2 1 1 3802 845 859 860
16983 4 2 1 1 860 859 3802 3803
16984 4 2 1 1 3802 845 860 4027
16985 4 2 1 1 3803 3802 860 4027
16986 4 2 1 1 3803 860 4028 4027
16987 4 2 1 1 860 859 3803 79
16988 4 2 1 1 3803 860 79 80
16989 4 2 1 1 80 79 3803 564
16990 4 2 1 1 3803 860 80 4028
16991 4 2 1 1 564 3803 80 4028
16992 4 2 1 1 564 80 579 4028
16993 4 2 1 1 354 339 340 3789
16994 4 2 1 1 340 354 3789 4014
16995 4 2 1 1 4014 3789 340 3804
16996 4 2 1 1 340 354 4014 355
16997 4 2 1 1 3804 340 4014 355
16998 4 2 1 1 3804 4014 4029 355
16999 4 2 1 1 4014 3789 3804 3790
17000 4 2 1 1 3804 4014 3790 4015
17001 4 2 1 1 4015 3790 3804 3805
17002 4 2 1 1 3804 4014 4015 4029
17003 4 2 1 1 3805 3804 4015 4029
17004 4 2 1 1 3805 4015 4030 4029
17005 4 2 1 1 4015 3790 3805 3791
17006 4 2 1 1 3805 4015 3791 4016
17007 4 2 1 1 4016 3791 3805 3806
17008 4 2 1 1 3805 4015 4016 4030
17009 4 2 1 1 3806 3805 4016 4030
17010 4 2 1 1 3806 4016 4031 4030
17011 4 2 1 1 4016 3791 3806 3792
17012 4 2 1 1 3806 4016 3792 4017
17013 4 2 1 1 4017 3792 3806 3807
17014 4 2 1 1 3806 4016 4017 4031
17015 4 2 1 1 3807 3806 4017 4031
17016 4 2 1 1 3807 4017 4032 4031
17017 4 2 1 1 4017 3792 3807 3793
17018 4 2 1 1 3807 4017 3793 4018
17019 4 2 1 1 4018 3793 3807 3808
17020 4 2 1 1 3807 4017 4018 4032
17021 4 2 1 1 3808 3807 4018 4032
17022 4 2 1 1 3808 4018 4033 4032
17023 4 2 1 1 4018 3793 3808 3794
17024 4 2 1 1 3808 4018 3794 4019
17025 4 2 1 1 4019 3794 3808 3809
17026 4 2 1 1 3808 4018 4019 4033
17027 4 2 1 1 3809 3808 4019 4033
17028 4 2 1 1 3809 4019 4034 4033
17029 4 2 1 1 4019 3794 3809 3795
17030 4 2 1 1 3809 4019 3795 4020
17031 4 2 1 1 4020 3795 3809 3810
17032 4 2 1 1 3809 4019 4020 4034
17033 4 2 1 1 3810 3809 4020 4034
17034 4 2 1 1 3810 4020 4035 4034
17035 4 2 1 1 4020 3795 3810 3796
17036 4 2 1 1 3810 4020 3796 4021
17037 4 2 1 1 4021 3796 3810 3811
17038 4 2 1 1 3810 4020 4021 4035
17039 4 2 1 1 3811 3810 4021 4035
17040 4 2 1 1 3811 4021 4036 4035
17041 4 2 1 1 4021 3796 3811 3797
17042 4 2 1 1 3811 4021 3797 4022
17043 4 2 1 1 4022 3797 3811 3812
17044 4 2 1 1 3811 4021 4022 4036
17045 4 2 1 1 3812 3811 4022 4036
17046 4 2 1 1 3812 4022 4037 4036
17047 4 2 1 1 4022 3797 3812 3798
17048 4 2 1 1 3812 4022 3798 4023
17049 4 2 1 1 4023 3798 3812 3813
17050 4 2 1 1 3812 4022 4023 4037
17051 4 2 1 1 3813 3812 4023 4037
17052 4 2 1 1 3813 4023 4038 4037
17053 4 2 1 1 4023 3798 3813 3799
17054 4 2 1 1 3813 4023 3799 4024
17055 4 2 1 1 4024 3799 3813 3814
17056 4 2 1 1 3813 4023 4024 4038
17057 4 2 1 1 3814 3813 4024 4038
17058 4 2 1 1 3814 4024 4039 4038
17059 4 2 1 1 4024 3799 3814 3800
17060 4 2 1 1 3814 4024 3800 4025
17061 4 2 1 1 4025 3800 3814 3815
17062 4 2 1 1 3814 4024 4025 4039
17063 4 2 1 1 3815 3814 4025 4039
17064 4 2 1 1 3815 4025 4040 4039
17065 4 2 1 1 4025 3800 3815 3801
17066 4 2 1 1 3815 4025 3801 4026
17067 4 2 1 1 4026 3801 3815 3816
17068 4 2 1 1 3815 4025 4026 4040
17069 4 2 1 1 3816 3815 4026 4040
17070 4 2 1 1 3816 4026 4041 4040
17071 4 2 1 1 4026 3801 3816 3802
17072 4 2 1 1 3816 4026 3802 4027
17073 4 2 1 1 4027 3802 3816 3817
17074 4 2 1 1 3816 4026 4027 4041
17075 4 2 1 1 3817 3816 4027 4041
17076 4 2 1 1 3817 4027 4042 4041
17077 4 2 1 1 4027 3802 3817 3803
17078 4 2 1 1 3817 4027 3803 4028
17079 4 2 1 1 4028 3803 3817 3818
17080 4 2 1 1 3817 4027 4028 4042
17081 4 2 1 1 3818 3817 4028 4042
17082 4 2 1 1 3818 4028 4043 4042
17083 4 2 1 1 4028 3803 3818 564
17084 4 2 1 1 3818 4028 564 579
17085 4 2 1 1 579 564 3818 565
17086 4 2 1 1 3818 4028 579 4043
17087 4 2 1 1 565 3818 579 4043
17088 4 2 1 1 565 579 580 4043
17089 4 2 1 1 355 340 341 3804
17090 4 2 1 1 341 355 3804 4029
17091 4 2 1 1 4029 3804 341 3819
17092 4 2 1 1 341 355 4029 356
17093 4 2 1 1 3819 341 4029 356
17094 4 2 1 1 3819 4029 4044 356
17095 4 2 1 1 4029 3804 3819 3805
17096 4 2 1 1 3819 4029 3805 4030
17097 4 2 1 1 4030 3805 3819 3820
17098 4 2 1 1 3819 4029 4030 4044
17099 4 2 1 1 3820 3819 4030 4044
17100 4 2 1 1 3820 4030 4045 4044
17101 4 2 1 1 4030 3805 3820 3806
17102 4 2 1 1 3820 4030 3806 4031
17103 4 2 1 1 4031 3806 3820 3821
17104 4 2 1 1 3820 4030 4031 4045
17105 4 2 1 1 3821 3820 4031 4045
17106 4 2 1 1 3821 4031 4046 4045
17107 4 2 1 1 4031 3806 3821 3807
17108 4 2 1 1 3821 4031 3807 4032
17109 4 2 1 1 4032 3807 3821 3822
17110 4 2 1 1 3821 4031 4032 4046
17111 4 2 1 1 3822 3821 4032 4046
17112 4 2 1 1 3822 4032 4047 4046
17113 4 2 1 1 4032 3807 3822 3808
17114 4 2 1 1 3822 4032 3808 4033
17115 4 2 1 1 4033 3808 3822 3823
17116 4 2 1 1 3822 4032 4033 4047
17117 4 2 1 1 3823 3822 4033 4047
17118 4 2 1 1 3823 4033 4048 4047
17119 4 2 1 1 4033 3808 3823 3809
17120 4 2 1 1 3823 4033 3809 4034
17121 4 2 1 1 4034 3809 3823 3824
17122 4 2 1 1 3823 4033 4034 4048
17123 4 2 1 1 3824 3823 4034 4048
17124 4 2 1 1 3824 4034 4049 4048
17125 4 2 1 1 4034 3809 3824 3810
17126 4 2 1 1 3824 4034 3810 4035
17127 4 2 1 1 4035 3810 3824 3825
17128 4 2 1 1 3824 4034 4035 4049
17129 4 2 1 1 3825 3824 4035 4049
17130 4 2 1 1 3825 4035 4050 4049
17131 4 2 1 1 4035 3810 3825 3811
17132 4 2 1 1 3825 4035 3811 4036
17133 4 2 1 1 4036 3811 3825 3826
17134 4 2 1 1 3825 4035 4036 4050
17135 4 2 1 1 3826 3825 4036 4050
17136 4 2 1 1 3826 4036 4051 4050
17137 4 2 1 1 4036 3811 3826 3812
17138 4 2 1 1 3826 4036 3812 4037
17139 4 2 1 1 4037 3812 3826 3827
17140 4 2 1 1 3826 4036 4037 4051
17141 4 2 1 1 3827 3826 4037 4051
17142 4 2 1 1 3827 4037 4052 4051
17143 4 2 1 1 4037 3812 3827 3813
17144 4 2 1 1 3827 4037 3813 4038
17145 4 2 1 1 4038 3813 3827 3828
17146 4 2 1 1 3827 4037 4038 4052
17147 4 2 1 1 3828 3827 4038 4052
17148 4 2 1 1 3828 4038 4053 4052
17149 4 2 1 1 4038 3813 3828 3814
17150 4 2 1 1 3828 4038 3814 4039
17151 4 2 1 1 4039 3814 3828 3829
17152 4 2 1 1 3828 4038 4039 4053
17153 4 2 1 1 3829 3828 4039 4053
17154 4 2 1 1 3829 4039 4054 4053
17155 4 2 1 1 4039 3814 3829 3815
17156 4 2 1 1 3829 4039 3815 4040
17157 4 2 1 1 4040 3815 3829 3830
17158 4 2 1 1 3829 4039 4040 4054
17159 4 2 1 1 3830 3829 4040 4054
17160 4 2 1 1 3830 4040 4055 4054
17161 4 2 1 1 4040 3815 3830 3816
17162 4 2 1 1 3830 4040 3816 4041
17163 4 2 1 1 4041 3816 3830 3831
17164 4 2 1 1 3830 4040 4041 4055
17165 4 2 1 1 3831 3830 4041 4055
17166 4 2 1 1 3831 4041 4056 4055
17167 4 2 1 1 4041 3816 3831 3817
17168 4 2 1 1 3831 4041 3817 4042
17169 4 2 1 1 4042 3817 3831 3832
17170 4 2 1 1 3831 4041 4042 4056
17171 4 2 1 1 3832 3831 4042 4056
17172 4 2 1 1 3832 4042 4057 4056
17173 4 2 1 1 4042 3817 3832 3818
17174 4 2 1 1 3832 4042 3818 4043
17175 4 2 1 1 4043 3818 3832 3833
17176 4 2 1 1 3832 4042 4043 4057
17177 4 2 1 1 3833 3832 4043 4057
17178 4 2 1 1 3833 4043 4058 4057
17179 4 2 1 1 4043 3818 3833 565
17180 4 2 1 1 3833 4043 565 580
17181 4 2 1 1 580 565 3833 566
17182 4 2 1 1 3833 4043 580 4058
17183 4 2 1 1 566 3833 580 4058
17184 4 2 1 1 566 580 581 4058
17185 4 2 1 1 356 341 342 3819
17186 4 2 1 1 342 356 3819 4044
17187 4 2 1 1 4044 3819 342 3834
17188 4 2 1 1 342 356 4044 357
17189 4 2 1 1 3834 342 4044 357
17190 4 2 1 1 3834 4044 4059 357
17191 4 2 1 1 4044 3819 3834 3820
17192 4 2 1 1 3834 4044 3820 4045
17193 4 2 1 1 4045 3820 3834 3835
17194 4 2 1 1 3834 4044 4045 4059
17195 4 2 1 1 3835 3834 4045 4059
17196 4 2 1 1 3835 4045 4060 4059
17197 4 2 1 1 4045 3820 3835 3821
17198 4 2 1 1 3835 4045 3821 4046
17199 4 2 1 1 4046 3821 3835 3836
17200 4 2 1 1 3835 4045 4046 4060
17201 4 2 1 1 3836 3835 4046 4060
17202 4 2 1 1 3836 4046 4061 4060
17203 4 2 1 1 4046 3821 3836 3822
17204 4 2 1 1 3836 4046 3822 4047
17205 4 2 1 1 4047 3822 3836 3837
17206 4 2 1 1 3836 4046 4047 4061
17207 4 2 1 1 3837 3836 4047 4061
17208 4 2 1 1 3837 4047 4062 4061
17209 4 2 1 1 4047 3822 3837 3823
17210 4 2 1 1 3837 4047 3823 4048
17211 4 2 1 1 4048 3823 3837 3838
17212 4 2 1 1 3837 4047 4048 4062
17213 4 2 1 1 3838 3837 4048 4062
17214 4 2 1 1 3838 4048 4063 4062
17215 4 2 1 1 4048 3823 3838 3824
17216 4 2 1 1 3838 4048 3824 4049
17217 4 2 1 1 4049 3824 3838 3839
17218 4 2 1 1 3838 4048 4049 4063
17219 4 2 1 1 3839 3838 4049 4063
17220 4 2 1 1 3839 4049 4064 4063
17221 4 2 1 1 4049 3824 3839 3825
17222 4 2 1 1 3839 4049 3825 4050
17223 4 2 1 1 4050 3825 3839 3840
17224 4 2 1 1 3839 4049 4050 4064
17225 4 2 1 1 3840 3839 4050 4064
17226 4 2 1 1 3840 4050 4065 4064
17227 4 2 1 1 4050 3825 3840 3826
17228 4 2 1 1 3840 4050 3826 4051
17229 4 2 1 1 4051 3826 3840 3841
17230 4 2 1 1 3840 4050 4051 4065
17231 4 2 1 1 3841 3840 4051 4065
17232 4 2 1 1 3841 4051 4066 4065
17233 4 2 1 1 4051 3826 3841 3827
17234 4 2 1 1 3841 4051 3827 4052
17235 4 2 1 1 4052 3827 3841 3842
17236 4 2 1 1 3841 4051 4052 4066
17237 4 2 1 1 3842 3841 4052 4066
17238 4 2 1 1 3842 4052 4067 4066
17239 4 2 1 1 4052 3827 3842 3828
17240 4 2 1 1 3842 4052 3828 4053
17241 4 2 1 1 4053 3828 3842 3843
17242 4 2 1 1 3842 4052 4053 4067
17243 4 2 1 1 3843 3842 4053 4067
17244 4 2 1 1 3843 4053 4068 4067
17245 4 2 1 1 4053 3828 3843 3829
17246 4 2 1 1 3843 4053 3829 4054
17247 4 2 1 1 4054 3829 3843 3844
17248 4 2 1 1 3843 4053 4054 4068
17249 4 2 1 1 3844 3843 4054 4068
17250 4 2 1 1 3844 4054 4069 4068
17251 4 2 1 1 4054 3829 3844 3830
17252 4 2 1 1 3844 4054 3830 4055
17253 4 2 1 1 4055 3830 3844 3845
17254 4 2 1 1 3844 4054 4055 4069
17255 4 2 1 1 3845 3844 4055 4069
17256 4 2 1 1 3845 4055 4070 4069
17257 4 2 1 1 4055 3830 3845 3831
17258 4 2 1 1 3845 4055 3831 4056
17259 4 2 1 1 4056 3831 3845 3846
17260 4 2 1 1 3845 4055 4056 4070
17261 4 2 1 1 3846 3845 4056 4070
17262 4 2 1 1 3846 4056 4071 4070
17263 4 2 1 1 4056 3831 3846 3832
17264 4 2 1 1 3846 4056 3832 4057
17265 4 2 1 1 4057 3832 3846 3847
17266 4 2 1 1 3846 4056 4057 4071
17267 4 2 1 1 3847 3846 4057 4071
17268 4 2 1 1 3847 4057 4072 4071
17269 4 2 1 1 4057 3832 3847 3833
17270 4 2 1 1 3847 4057 3833 4058
17271 4 2 1 1 4058 3833 3847 3848
17272 4 2 1 1 3847 4057 4058 4072
17273 4 2 1 1 3848 3847 4058 4072
17274 4 2 1 1 3848 4058 4073 4072
17275 4 2 1 1 4058 3833 3848 566
17276 4 2 1 1 3848 4058 566 581
17277 4 2 1 1 581 566 3848 567
17278 4 2 1 1 3848 4058 581 4073
17279 4 2 1 1 567 3848 581 4073
17280 4 2 1 1 567 581 582 4073
17281 4 2 1 1 357 342 343 3834
17282 4 2 1 1 343 357 3834 4059
17283 4 2 1 1 4059 3834 343 3849
17284 4 2 1 1 343 357 4059 358
17285 4 2 1 1 3849 343 4059 358
17286 4 2 1 1 3849 4059 4074 358
17287 4 2 1 1 4059 3834 3849 3835
17288 4 2 1 1 3849 4059 3835 4060
17289 4 2 1 1 4060 3835 3849 3850
17290 4 2 1 1 3849 4059 4060 4074
17291 4 2 1 1 3850 3849 4060 4074
17292 4 2 1 1 3850 4060 4075 4074
17293 4 2 1 1 4060 3835 3850 3836
17294 4 2 1 1 3850 4060 3836 4061
17295 4 2 1 1 4061 3836 3850 3851
17296 4 2 1 1 3850 4060 4061 4075
17297 4 2 1 1 3851 3850 4061 4075
17298 4 2 1 1 3851 4061 4076 4075
17299 4 2 1 1 4061 3836 3851 3837
17300 4 2 1 1 3851 4061 3837 4062
17301 4 2 1 1 4062 3837 3851 3852
17302 4 2 1 1 3851 4061 4062 4076
17303 4 2 1 1 3852 3851 4062 4076
17304 4 2 1 1 3852 4062 4077 4076
17305 4 2 1 1 4062 3837 3852 3838
17306 4 2 1 1 3852 4062 3838 4063
17307 4 2 1 1 4063 3838 3852 3853
17308 4 2 1 1 3852 4062 4063 4077
17309 4 2 1 1 3853 3852 4063 4077
17310 4 2 1 1 3853 4063 4078 4077
17311 4 2 1 1 4063 3838 3853 3839
17312 4 2 1 1 3853 4063 3839 4064
17313 4 2 1 1 4064 3839 3853 3854
17314 4 2 1 1 3853 4063 4064 4078
17315 4 2 1 1 3854 3853 4064 4078
17316 4 2 1 1 3854 4064 4079 4078
17317 4 2 1 1 4064 3839 3854 3840
17318 4 2 1 1 3854 4064 3840 4065
17319 4 2 1 1 4065 3840 3854 3855
17320 4 2 1 1 3854 4064 4065 4079
17321 4 2 1 1 3855 3854 4065 4079
17322 4 2 1 1 3855 4065 4080 4079
17323 4 2 1 1 4065 3840 3855 3841
17324 4 2 1 1 3855 4065 3841 4066
17325 4 2 1 1 4066 3841 3855 3856
17326 4 2 1 1 3855 4065 4066 4080
17327 4 2 1 1 3856 3855 4066 4080
17328 4 2 1 1 3856 4066 4081 4080
17329 4 2 1 1 4066 3841 3856 3842
17330 4 2 1 1 3856 4066 3842 4067
17331 4 2 1 1 4067 3842 3856 3857
17332 4 2 1 1 3856 4066 4067 4081
17333 4 2 1 1 3857 3856 4067 4081
17334 4 2 1 1 3857 4067 4082 4081
17335 4 2 1 1 4067 3842 3857 3843
17336 4 2 1 1 3857 4067 3843 4068
17337 4 2 1 1 4068 3843 3857 3858
17338 4 2 1 1 3857 4067 4068 4082
17339 4 2 1 1 3858 3857 4068 4082
17340 4 2 1 1 3858 4068 4083 4082
17341 4 2 1 1 4068 3843 3858 3844
17342 4 2 1 1 3858 4068 3844 4069
17343 4 2 1 1 4069 3844 3858 3859
17344 4 2 1 1 3858 4068 4069 4083
17345 4 2 1 1 3859 3858 4069 4083
17346 4 2 1 1 3859 4069 4084 4083
17347 4 2 1 1 4069 3844 3859 3845
17348 4 2 1 1 3859 4069 3845 4070
17349 4 2 1 1 4070 3845 3859 3860
17350 4 2 1 1 3859 4069 4070 4084
17351 4 2 1 1 3860 3859 4070 4084
17352 4 2 1 1 3860 4070 4085 4084
17353 4 2 1 1 4070 3845 3860 3846
17354 4 2 1 1 3860 4070 3846 4071
17355 4 2 1 1 4071 3846 3860 3861
17356 4 2 1 1 3860 4070 4071 4085
17357 4 2 1 1 3861 3860 4071 4085
17358 4 2 1 1 3861 4071 4086 4085
17359 4 2 1 1 4071 3846 3861 3847
17360 4 2 1 1 3861 4071 3847 4072
17361 4 2 1 1 4072 3847 3861 3862
17362 4 2 1 1 3861 4071 4072 4086
17363 4 2 1 1 3862 3861 4072 4086
17364 4 2 1 1 3862 4072 4087 4086
17365 4 2 1 1 4072 3847 3862 3848
17366 4 2 1 1 3862 4072 3848 4073
17367 4 2 1 1 4073 3848 3862 3863
17368 4 2 1 1 3862 4072 4073 4087
17369 4 2 1 1 3863 3862 4073 4087
17370 4 2 1 1 3863 4073 4088 4087
17371 4 2 1 1 4073 3848 3863 567
17372 4 2 1 1 3863 4073 567 582
17373 4 2 1 1 582 567 3863 568
17374 4 2 1 1 3863 4073 582 4088
17375 4 2 1 1 568 3863 582 4088
17376 4 2 1 1 568 582 583 4088
17377 4 2 1 1 358 343 344 3849
17378 4 2 1 1 344 358 3849 4074
17379 4 2 1 1 4074 3849 344 3864
17380 4 2 1 1 344 358 4074 359
17381 4 2 1 1 3864 344 4074 359
17382 4 2 1 1 3864 4074 4089 359
17383 4 2 1 1 4074 3849 3864 3850
17384 4 2 1 1 3864 4074 3850 4075
17385 4 2 1 1 4075 3850 3864 3865
17386 4 2 1 1 3864 4074 4075 4089
17387 4 2 1 1 3865 3864 4075 4089
17388 4 2 1 1 3865 4075 4090 4089
17389 4 2 1 1 4075 3850 3865 3851
17390 4 2 1 1 3865 4075 3851 4076
17391 4 2 1 1 4076 3851 3865 3866
17392 4 2 1 1 3865 4075 4076 4090
17393 4 2 1 1 3866 3865 4076 4090
17394 4 2 1 1 3866 4076 4091 4090
17395 4 2 1 1 4076 3851 3866 3852
17396 4 2 1 1 3866 4076 3852 4077
17397 4 2 1 1 4077 3852 3866 3867
17398 4 2 1 1 3866 4076 4077 4091
17399 4 2 1 1 3867 3866 4077 4091
17400 4 2 1 1 3867 4077 4092 4091
17401 4 2 1 1 4077 3852 3867 3853
17402 4 2 1 1 3867 4077 3853 4078
17403 4 2 1 1 4078 3853 3867 3868
17404 4 2 1 1 3867 4077 4078 4092
17405 4 2 1 1 3868 3867 4078 4092
17406 4 2 1 1 3868 4078 4093 4092
17407 4 2 1 1 4078 3853 3868 3854
17408 4 2 1 1 3868 4078 3854 4079
17409 4 2 1 1 4079 3854 3868 3869
17410 4 2 1 1 3868 4078 4079 4093
17411 4 2 1 1 3869 3868 4079 4093
17412 4 2 1 1 3869 4079 4094 4093
17413 4 2 1 1 4079 3854 3869 3855
17414 4 2 1 1 3869 4079 3855 4080
17415 4 2 1 1 4080 3855 3869 3870
17416 4 2 1 1 3869 4079 4080 4094
17417 4 2 1 1 3870 3869 4080 4094
17418 4 2 1 1 3870 4080 4095 4094
17419 4 2 1 1 4080 3855 3870 3856
17420 4 2 1 1 3870 4080 3856 4081
17421 4 2 1 1 4081 3856 3870 3871
17422 4 2 1 1 3870 4080 4081 4095
17423 4 2 1 1 3871 3870 4081 4095
17424 4 2 1 1 3871 4081 4096 4095
17425 4 2 1 1 4081 3856 3871 3857
17426 4 2 1 1 3871 4081 3857 4082
17427 4 2 1 1 4082 3857 3871 3872
17428 4 2 1 1 3871 4081 4082 4096
17429 4 2 1 1 3872 3871 4082 4096
17430 4 2 1 1 3872 4082 4097 4096
17431 4 2 1 1 4082 3857 3872 3858
17432 4 2 1 1 3872 4082 3858 4083
17433 4 2 1 1 4083 3858 3872 3873
17434 4 2 1 1 3872 4082 4083 4097
17435 4 2 1 1 3873 3872 4083 4097
17436 4 2 1 1 3873 4083 4098 4097
17437 4 2 1 1 4083 3858 3873 3859
17438 4 2 1 1 3873 4083 3859 4084
17439 4 2 1 1 4084 3859 3873 3874
17440 4 2 1 1 3873 4083 4084 4098
17441 4 2 1 1 3874 3873 4084 4098
17442 4 2 1 1 3874 4084 4099 4098
17443 4 2 1 1 4084 3859 3874 3860
17444 4 2 1 1 3874 4084 3860 4085
17445 4 2 1 1 4085 3860 3874 3875
17446 4 2 1 1 3874 4084 4085 4099
17447 4 2 1 1 3875 3874 4085 4099
17448 4 2 1 1 3875 4085 4100 4099
17449 4 2 1 1 4085 3860 3875 3861
17450 4 2 1 1 3875 4085 3861 4086
17451 4 2 1 1 4086 3861 3875 3876
17452 4 2 1 1 3875 4085 4086 4100
17453 4 2 1 1 3876 3875 4086 4100
17454 4 2 1 1 3876 4086 4101 4100
17455 4 2 1 1 4086 3861 3876 3862
17456 4 2 1 1 3876 4086 3862 4087
17457 4 2 1 1 4087 3862 3876 3877
17458 4 2 1 1 3876 4086 4087 4101
17459 4 2 1 1 3877 3876 4087 4101
17460 4 2 1 1 3877 4087 4102 4101
17461 4 2 1 1 4087 3862 3877 3863
17462 4 2 1 1 3877 4087 3863 4088
17463 4 2 1 1 4088 3863 3877 3878
17464 4 2 1 1 3877 4087 4088 4102
17465 4 2 1 1 3878 3877 4088 4102
17466 4 2 1 1 3878 4088 4103 4102
17467 4 2 1 1 4088 3863 3878 568
17468 4 2 1 1 3878 4088 568 583
17469 4 2 1 1 583 568 3878 569
17470 4 2 1 1 3878 4088 583 4103
17471 4 2 1 1 569 3878 583 4103
17472 4 2 1 1 569 583 584 4103
17473 4 2 1 1 359 344 345 3864
17474 4 2 1 1 345 359 3864 4089
17475 4 2 1 1 4089 3864 345 3879
17476 4 2 1 1 345 359 4089 360
17477 4 2 1 1 3879 345 4089 360
17478 4 2 1 1 3879 4089 4104 360
17479 4 2 1 1 4089 3864 3879 3865
17480 4 2 1 1 3879 4089 3865 4090
17481 4 2 1 1 4090 3865 3879 3880
17482 4 2 1 1 3879 4089 4090 4104
17483 4 2 1 1 3880 3879 4090 4104
17484 4 2 1 1 3880 4090 4105 4104
17485 4 2 1 1 4090 3865 3880 3866
17486 4 2 1 1 3880 4090 3866 4091
17487 4 2 1 1 4091 3866 3880 3881
17488 4 2 1 1 3880 4090 4091 4105
17489 4 2 1 1 3881 3880 4091 4105
17490 4 2 1 1 3881 4091 4106 4105
17491 4 2 1 1 4091 3866 3881 3867
17492 4 2 1 1 3881 4091 3867 4092
17493 4 2 1 1 4092 3867 3881 3882
17494 4 2 1 1 3881 4091 4092 4106
17495 4 2 1 1 3882 3881 4092 4106
17496 4 2 1 1 3882 4092 4107 4106
17497 4 2 1 1 4092 3867 3882 3868
17498 4 2 1 1 3882 4092 3868 4093
17499 4 2 1 1 4093 3868 3882 3883
17500 4 2 1 1 3882 4092 4093 4107
17501 4 2 1 1 3883 3882 4093 4107
17502 4 2 1 1 3883 4093 4108 4107
17503 4 2 1 1 4093 3868 3883 3869
17504 4 2 1 1 3883 4093 3869 4094
17505 4 2 1 1 4094 3869 3883 3884
17506 4 2 1 1 3883 4093 4094 4108
17507 4 2 1 1 3884 3883 4094 4108
17508 4 2 1 1 3884 4094 4109 4108
17509 4 2 1 1 4094 3869 3884 3870
17510 4 2 1 1 3884 4094 3870 4095
17511 4 2 1 1 4095 3870 3884 3885
17512 4 2 1 1 3884 4094 4095 4109
17513 4 2 1 1 3885 3884 4095 4109
17514 4 2 1 1 3885 4095 4110 4109
17515 4 2 1 1 4095 3870 3885 3871
17516 4 2 1 1 3885 4095 3871 4096
17517 4 2 1 1 4096 3871 3885 3886
17518 4 2 1 1 3885 4095 4096 4110
17519 4 2 1 1 3886 3885 4096 4110
17520 4 2 1 1 3886 4096 4111 4110
17521 4 2 1 1 4096 3871 3886 3872
17522 4 2 1 1 3886 4096 3872 4097
17523 4 2 1 1 4097 3872 3886 3887
17524 4 2 1 1 3886 4096 4097 4111
17525 4 2 1 1 3887 3886 4097 4111
17526 4 2 1 1 3887 4097 4112 4111
17527 4 2 1 1 4097 3872 3887 3873
17528 4 2 1 1 3887 4097 3873 4098
17529 4 2 1 1 4098 3873 3887 3888
17530 4 2 1 1 3887 4097 4098 4112
17531 4 2 1 1 3888 3887 4098 4112
17532 4 2 1 1 3888 4098 4113 4112
17533 4 2 1 1 4098 3873 3888 3874
17534 4 2 1 1 3888 4098 3874 4099
17535 4 2 1 1 4099 3874 3888 3889
17536 4 2 1 1 3888 4098 4099 4113
17537 4 2 1 1 3889 3888 4099 4113
17538 4 2 1 1 3889 4099 4114 4113
17539 4 2 1 1 4099 3874 3889 3875
17540 4 2 1 1 3889 4099 3875 4100
17541 4 2 1 1 4100 3875 3889 3890
17542 4 2 1 1 3889 4099 4100 4114
17543 4 2 1 1 3890 3889 4100 4114
17544 4 2 1 1 3890 4100 4115 4114
17545 4 2 1 1 4100 3875 3890 3876
17546 4 2 1 1 3890 4100 3876 4101
17547 4 2 1 1 4101 3876 3890 3891
17548 4 2 1 1 3890 4100 4101 4115
17549 4 2 1 1 3891 3890 4101 4115
17550 4 2 1 1 3891 4101 4116 4115
17551 4 2 1 1 4101 3876 3891 3877
17552 4 2 1 1 3891 4101 3877 4102
17553 4 2 1 1 4102 3877 3891 3892
17554 4 2 1 1 3891 4101 4102 4116
17555 4 2 1 1 3892 3891 4102 4116
17556 4 2 1 1 3892 4102 4117 4116
17557 4 2 1 1 4102 3877 3892 3878
17558 4 2 1 1 3892 4102 3878 4103
17559 4 2 1 1 4103 3878 3892 3893
17560 4 2 1 1 3892 4102 4103 4117
17561 4 2 1 1 3893 3892 4103 4117
17562 4 2 1 1 3893 4103 4118 4117
17563 4 2 1 1 4103 3878 3893 569
17564 4 2 1 1 3893 4103 569 584
17565 4 2 1 1 584 569 3893 570
17566 4 2 1 1 3893 4103 584 4118
17567 4 2 1 1 570 3893 584 4118
17568 4 2 1 1 570 584 585 4118
17569 4 2 1 1 360 345 346 3879
17570 4 2 1 1 346 360 3879 4104
17571 4 2 1 1 4104 3879 346 3894
17572 4 2 1 1 346 360 4104 361
17573 4 2 1 1 3894 346 4104 361
17574 4 2 1 1 3894 4104 4119 361
17575 4 2 1 1 4104 3879 3894 3880
17576 4 2 1 1 3894 4104 3880 4105
17577 4 2 1 1 4105 3880 3894 3895
17578 4 2 1 1 3894 4104 4105 4119
17579 4 2 1 1 3895 3894 4105 4119
17580 4 2 1 1 3895 4105 4120 4119
17581 4 2 1 1 4105 3880 3895 3881
17582 4 2 1 1 3895 4105 3881 4106
17583 4 2 1 1 4106 3881 3895 3896
17584 4 2 1 1 3895 4105 4106 4120
17585 4 2 1 1 3896 3895 4106 4120
17586 4 2 1 1 3896 4106 4121 4120
17587 4 2 1 1 4106 3881 3896 3882
17588 4 2 1 1 3896 4106 3882 4107
17589 4 2 1 1 4107 3882 3896 3897
17590 4 2 1 1 3896 4106 4107 4121
17591 4 2 1 1 3897 3896 4107 4121
17592 4 2 1 1 3897 4107 4122 4121
17593 4 2 1 1 4107 3882 3897 3883
17594 4 2 1 1 3897 4107 3883 4108
17595 4 2 1 1 4108 3883 3897 3898
17596 4 2 1 1 3897 4107 4108 4122
17597 4 2 1 1 3898 3897 4108 4122
17598 4 2 1 1 3898 4108 4123 4122
17599 4 2 1 1 4108 3883 3898 3884
17600 4 2 1 1 3898 4108 3884 4109
17601 4 2 1 1 4109 3884 3898 3899
17602 4 2 1 1 3898 4108 4109 4123
17603 4 2 1 1 3899 3898 4109 4123
17604 4 2 1 1 3899 4109 4124 4123
17605 4 2 1 1 4109 3884 3899 3885
17606 4 2 1 1 3899 4109 3885 4110
17607 4 2 1 1 4110 3885 3899 3900
17608 4 2 1 1 3899 4109 4110 4124
17609 4 2 1 1 3900 3899 4110 4124
17610 4 2 1 1 3900 4110 4125 4124
17611 4 2 1 1 4110 3885 3900 3886
17612 4 2 1 1 3900 4110 3886 4111
17613 4 2 1 1 4111 3886 3900 3901
17614 4 2 1 1 3900 4110 4111 4125
17615 4 2 1 1 3901 3900 4111 4125
17616 4 2 1 1 3901 4111 4126 4125
17617 4 2 1 1 4111 3886 3901 3887
17618 4 2 1 1 3901 4111 3887 4112
17619 4 2 1 1 4112 3887 3901 3902
17620 4 2 1 1 3901 4111 4112 4126
17621 4 2 1 1 3902 3901 4112 4126
17622 4 2 1 1 3902 4112 4127 4126
17623 4 2 1 1 4112 3887 3902 3888
17624 4 2 1 1 3902 4112 3888 4113
17625 4 2 1 1 4113 3888 3902 3903
17626 4 2 1 1 3902 4112 4113 4127
17627 4 2 1 1 3903 3902 4113 4127
17628 4 2 1 1 3903 4113 4128 4127
17629 4 2 1 1 4113 3888 3903 3889
17630 4 2 1 1 3903 4113 3889 4114
17631 4 2 1 1 4114 3889 3903 3904
17632 4 2 1 1 3903 4113 4114 4128
17633 4 2 1 1 3904 3903 4114 4128
17634 4 2 1 1 3904 4114 4129 4128
17635 4 2 1 1 4114 3889 3904 3890
17636 4 2 1 1 3904 4114 3890 4115
17637 4 2 1 1 4115 3890 3904 3905
17638 4 2 1 1 3904 4114 4115 4129
17639 4 2 1 1 3905 3904 4115 4129
17640 4 2 1 1 3905 4115 4130 4129
17641 4 2 1 1 4115 3890 3905 3891
17642 4 2 1 1 3905 4115 3891 4116
17643 4 2 1 1 4116 3891 3905 3906
17644 4 2 1 1 3905 4115 4116 4130
17645 4 2 1 1 3906 3905 4116 4130
17646 4 2 1 1 3906 4116 4131 4130
17647 4 2 1 1 4116 3891 3906 3892
17648 4 2 1 1 3906 4116 3892 4117
17649 4 2 1 1 4117 3892 3906 3907
17650 4 2 1 1 3906 4116 4117 4131
17651 4 2 1 1 3907 3906 4117 4131
17652 4 2 1 1 3907 4117 4132 4131
17653 4 2 1 1 4117 3892 3907 3893
17654 4 2 1 1 3907 4117 3893 4118
17655 4 2 1 1 4118 3893 3907 3908
17656 4 2 1 1 3907 4117 4118 4132
17657 4 2 1 1 3908 3907 4118 4132
17658 4 2 1 1 3908 4118 4133 4132
17659 4 2 1 1 4118 3893 3908 570
17660 4 2 1 1 3908 4118 570 585
17661 4 2 1 1 585 570 3908 571
17662 4 2 1 1 3908 4118 585 4133
17663 4 2 1 1 571 3908 585 4133
17664 4 2 1 1 571 585 586 4133
17665 4 2 1 1 361 346 347 3894
17666 4 2 1 1 347 361 3894 4119
17667 4 2 1 1 4119 3894 347 3909
17668 4 2 1 1 347 361 4119 362
17669 4 2 1 1 3909 347 4119 362
17670 4 2 1 1 3909 4119 4134 362
17671 4 2 1 1 4119 3894 3909 3895
17672 4 2 1 1 3909 4119 3895 4120
17673 4 2 1 1 4120 3895 3909 3910
17674 4 2 1 1 3909 4119 4120 4134
17675 4 2 1 1 3910 3909 4120 4134
17676 4 2 1 1 3910 4120 4135 4134
17677 4 2 1 1 4120 3895 3910 3896
17678 4 2 1 1 3910 4120 3896 4121
17679 4 2 1 1 4121 3896 3910 3911
17680 4 2 1 1 3910 4120 4121 4135
17681 4 2 1 1 3911 3910 4121 4135
17682 4 2 1 1 3911 4121 4136 4135
17683 4 2 1 1 4121 3896 3911 3897
17684 4 2 1 1 3911 4121 3897 4122
17685 4 2 1 1 4122 3897 3911 3912
17686 4 2 1 1 3911 4121 4122 4136
17687 4 2 1 1 3912 3911 4122 4136
17688 4 2 1 1 3912 4122 4137 4136
17689 4 2 1 1 4122 3897 3912 3898
17690 4 2 1 1 3912 4122 3898 4123
17691 4 2 1 1 4123 3898 3912 3913
17692 4 2 1 1 3912 4122 4123 4137
17693 4 2 1 1 3913 3912 4123 4137
17694 4 2 1 1 3913 4123 4138 4137
17695 4 2 1 1 4123 3898 3913 3899
17696 4 2 1 1 3913 4123 3899 4124
17697 4 2 1 1 4124 3899 3913 3914
17698 4 2 1 1 3913 4123 4124 4138
17699 4 2 1 1 3914 3913 4124 4138
17700 4 2 1 1 3914 4124 4139 4138
17701 4 2 1 1 4124 3899 3914 3900
17702 4 2 1 1 3914 4124 3900 4125
17703 4 2 1 1 4125 3900 3914 3915
17704 4 2 1 1 3914 4124 4125 4139
17705 4 2 1 1 3915 3914 4125 4139
17706 4 2 1 1 3915 4125 4140 4139
17707 4 2 1 1 4125 3900 3915 3901
17708 4 2 1 1 3915 4125 3901 4126
17709 4 2 1 1 4126 3901 3915 3916
17710 4 2 1 1 3915 4125 4126 4140
17711 4 2 1 1 3916 3915 4126 4140
17712 4 2 1 1 3916 4126 4141 4140
17713 4 2 1 1 4126 3901 3916 3902
17714 4 2 1 1 3916 4126 3902 4127
17715 4 2 1 1 4127 3902 3916 3917
17716 4 2 1 1 3916 4126 4127 4141
17717 4 2 1 1 3917 3916 4127 4141
17718 4 2 1 1 3917 4127 4142 4141
17719 4 2 1 1 4127 3902 3917 3903
17720 4 2 1 1 3917 4127 3903 4128
17721 4 2 1 1 4128 3903 3917 3918
17722 4 2 1 1 3917 4127 4128 4142
17723 4 2 1 1 3918 3917 4128 4142
17724 4 2 1 1 3918 4128 4143 4142
17725 4 2 1 1 4128 3903 3918 3904
17726 4 2 1 1 3918 4128 3904 4129
17727 4 2 1 1 4129 3904 3918 3919
17728 4 2 1 1 3918 4128 4129 4143
17729 4 2 1 1 3919 3918 4129 4143
17730 4 2 1 1 3919 4129 4144 4143
17731 4 2 1 1 4129 3904 3919 3905
17732 4 2 1 1 3919 4129 3905 4130
17733 4 2 1 1 4130 3905 3919 3920
17734 4 2 1 1 3919 4129 4130 4144
17735 4 2 1 1 3920 3919 4130 4144
17736 4 2 1 1 3920 4130 4145 4144
17737 4 2 1 1 4130 3905 3920 3906
17738 4 2 1 1 3920 4130 3906 4131
17739 4 2 1 1 4131 3906 3920 3921
17740 4 2 1 1 3920 4130 4131 4145
17741 4 2 1 1 3921 3920 4131 4145
17742 4 2 1 1 3921 4131 4146 4145
17743 4 2 1 1 4131 3906 3921 3907
17744 4 2 1 1 3921 4131 3907 4132
17745 4 2 1 1 4132 3907 3921 3922
17746 4 2 1 1 3921 4131 4132 4146
17747 4 2 1 1 3922 3921 4132 4146
17748 4 2 1 1 3922 4132 4147 4146
17749 4 2 1 1 4132 3907 3922 3908
17750 4 2 1 1 3922 4132 3908 4133
17751 4 2 1 1 4133 3908 3922 3923
17752 4 2 1 1 3922 4132 4133 4147
17753 4 2 1 1 3923 3922 4133 4147
17754 4 2 1 1 3923 4133 4148 4147
17755 4 2 1 1 4133 3908 3923 571
17756 4 2 1 1 3923 4133 571 586
17757 4 2 1 1 586 571 3923 572
17758 4 2 1 1 3923 4133 586 4148
17759 4 2 1 1 572 3923 586 4148
17760 4 2 1 1 572 586 587 4148
17761 4 2 1 1 362 347 348 3909
17762 4 2 1 1 348 362 3909 4134
17763 4 2 1 1 4134 3909 348 3924
17764 4 2 1 1 348 362 4134 363
17765 4 2 1 1 3924 348 4134 363
17766 4 2 1 1 3924 4134 4149 363
17767 4 2 1 1 4134 3909 3924 3910
17768 4 2 1 1 3924 4134 3910 4135
17769 4 2 1 1 4135 3910 3924 3925
17770 4 2 1 1 3924 4134 4135 4149
17771 4 2 1 1 3925 3924 4135 4149
17772 4 2 1 1 3925 4135 4150 4149
17773 4 2 1 1 4135 3910 3925 3911
17774 4 2 1 1 3925 4135 3911 4136
17775 4 2 1 1 4136 3911 3925 3926
17776 4 2 1 1 3925 4135 4136 4150
17777 4 2 1 1 3926 3925 4136 4150
17778 4 2 1 1 3926 4136 4151 4150
17779 4 2 1 1 4136 3911 3926 3912
17780 4 2 1 1 3926 4136 3912 4137
17781 4 2 1 1 4137 3912 3926 3927
17782 4 2 1 1 3926 4136 4137 4151
17783 4 2 1 1 3927 3926 4137 4151
17784 4 2 1 1 3927 4137 4152 4151
17785 4 2 1 1 4137 3912 3927 3913
17786 4 2 1 1 3927 4137 3913 4138
17787 4 2 1 1 4138 3913 3927 3928
17788 4 2 1 1 3927 4137 4138 4152
17789 4 2 1 1 3928 3927 4138 4152
17790 4 2 1 1 3928 4138 4153 4152
17791 4 2 1 1 4138 3913 3928 3914
17792 4 2 1 1 3928 4138 3914 4139
17793 4 2 1 1 4139 3914 3928 3929
17794 4 2 1 1 3928 4138 4139 4153
17795 4 2 1 1 3929 3928 4139 4153
17796 4 2 1 1 3929 4139 4154 4153
17797 4 2 1 1 4139 3914 3929 3915
17798 4 2 1 1 3929 4139 3915 4140
17799 4 2 1 1 4140 3915 3929 3930
17800 4 2 1 1 3929 4139 4140 4154
17801 4 2 1 1 3930 3929 4140 4154
17802 4 2 1 1 3930 4140 4155 4154
17803 4 2 1 1 4140 3915 3930 3916
17804 4 2 1 1 3930 4140 3916 4141
17805 4 2 1 1 4141 3916 3930 3931
17806 4 2 1 1 3930 4140 4141 4155
17807 4 2 1 1 3931 3930 4141 4155
17808 4 2 1 1 3931 4141 4156 4155
17809 4 2 1 1 4141 3916 3931 3917
17810 4 2 1 1 3931 4141 3917 4142
17811 4 2 1 1 4142 3917 3931 3932
17812 4 2 1 1 3931 4141 4142 4156
17813 4 2 1 1 3932 3931 4142 4156
17814 4 2 1 1 3932 4142 4157 4156
17815 4 2 1 1 4142 3917 3932 3918
17816 4 2 1 1 3932 4142 3918 4143
17817 4 2 1 1 4143 3918 3932 3933
17818 4 2 1 1 3932 4142 4143 4157
17819 4 2 1 1 3933 3932 4143 4157
17820 4 2 1 1 3933 4143 4158 4157
17821 4 2 1 1 4143 3918 3933 3919
17822 4 2 1 1 3933 4143 3919 4144
17823 4 2 1 1 4144 3919 3933 3934
17824 4 2 1 1 3933 4143 4144 4158
17825 4 2 1 1 3934 3933 4144 4158
17826 4 2 1 1 3934 4144 4159 4158
17827 4 2 1 1 4144 3919 3934 3920
17828 4 2 1 1 3934 4144 3920 4145
17829 4 2 1 1 4145 3920 3934 3935
17830 4 2 1 1 3934 4144 4145 4159
17831 4 2 1 1 3935 3934 4145 4159
17832 4 2 1 1 3935 4145 4160 4159
17833 4 2 1 1 4145 3920 3935 3921
17834 4 2 1 1 3935 4145 3921 4146
17835 4 2 1 1 4146 3921 3935 3936
17836 4 2 1 1 3935 4145 4146 4160
17837 4 2 1 1 3936 3935 4146 4160
17838 4 2 1 1 3936 4146 4161 4160
17839 4 2 1 1 4146 3921 3936 3922
17840 4 2 1 1 3936 4146 3922 4147
17841 4 2 1 1 4147 3922 3936 3937
17842 4 2 1 1 3936 4146 4147 4161
17843 4 2 1 1 3937 3936 4147 4161
17844 4 2 1 1 3937 4147 4162 4161
17845 4 2 1 1 4147 3922 3937 3923
17846 4 2 1 1 3937 4147 3923 4148
17847 4 2 1 1 4148 3923 3937 3938
17848 4 2 1 1 3937 4147 4148 4162
17849 4 2 1 1 3938 3937 4148 4162
17850 4 2 1 1 3938 4148 4163 4162
17851 4 2 1 1 4148 3923 3938 572
17852 4 2 1 1 3938 4148 572 587
17853 4 2 1 1 587 572 3938 573
17854 4 2 1 1 3938 4148 587 4163
17855 4 2 1 1 573 3938 587 4163
17856 4 2 1 1 573 587 588 4163
17857 4 2 1 1 363 348 349 3924
17858 4 2 1 1 349 363 3924 4149
17859 4 2 1 1 4149 3924 349 3939
17860 4 2 1 1 349 363 4149 364
17861 4 2 1 1 3939 349 4149 364
17862 4 2 1 1 3939 4149 4164 364
17863 4 2 1 1 4149 3924 3939 3925
17864 4 2 1 1 3939 4149 3925 4150
17865 4 2 1 1 4150 3925 3939 3940
17866 4 2 1 1 3939 4149 4150 4164
17867 4 2 1 1 3940 3939 4150 4164
17868 4 2 1 1 3940 4150 4165 4164
17869 4 2 1 1 4150 3925 3940 3926
17870 4 2 1 1 3940 4150 3926 4151
17871 4 2 1 1 4151 3926 3940 3941
17872 4 2 1 1 3940 4150 4151 4165
17873 4 2 1 1 3941 3940 4151 4165
17874 4 2 1 1 3941 4151 4166 4165
17875 4 2 1 1 4151 3926 3941 3927
17876 4 2 1 1 3941 4151 3927 4152
17877 4 2 1 1 4152 3927 3941 3942
17878 4 2 1 1 3941 4151 4152 4166
17879 4 2 1 1 3942 3941 4152 4166
17880 4 2 1 1 3942 4152 4167 4166
17881 4 2 1 1 4152 3927 3942 3928
17882 4 2 1 1 3942 4152 3928 4153
17883 4 2 1 1 4153 3928 3942 3943
17884 4 2 1 1 3942 4152 4153 4167
17885 4 2 1 1 3943 3942 4153 4167
17886 4 2 1 1 3943 4153 4168 4167
17887 4 2 1 1 4153 3928 3943 3929
17888 4 2 1 1 3943 4153 3929 4154
17889 4 2 1 1 4154 3929 3943 3944
17890 4 2 1 1 3943 4153 4154 4168
17891 4 2 1 1 3944 3943 4154 4168
17892 4 2 1 1 3944 4154 4169 4168
17893 4 2 1 1 4154 3929 3944 3930
17894 4 2 1 1 3944 4154 3930 4155
17895 4 2 1 1 4155 3930 3944 3945
17896 4 2 1 1 3944 4154 4155 4169
17897 4 2 1 1 3945 3944 4155 4169
17898 4 2 1 1 3945 4155 4170 4169
17899 4 2 1 1 4155 3930 3945 3931
17900 4 2 1 1 3945 4155 3931 4156
17901 4 2 1 1 4156 3931 3945 3946
17902 4 2 1 1 3945 4155 4156 4170
17903 4 2 1 1 3946 3945 4156 4170
17904 4 2 1 1 3946 4156 4171 4170
17905 4 2 1 1 4156 3931 3946 3932
17906 4 2 1 1 3946 4156 3932 4157
17907 4 2 1 1 4157 3932 3946 3947
17908 4 2 1 1 3946 4156 4157 4171
17909 4 2 1 1 3947 3946 4157 4171
17910 4 2 1 1 3947 4157 4172 4171
17911 4 2 1 1 4157 3932 3947 3933
17912 4 2 1 1 3947 4157 3933 4158
17913 4 2 1 1 4158 3933 3947 3948
17914 4 2 1 1 3947 4157 4158 4172
17915 4 2 1 1 3948 3947 4158 4172
17916 4 2 1 1 3948 4158 4173 4172
17917 4 2 1 1 4158 3933 3948 3934
17918 4 2 1 1 3948 4158 3934 4159
17919 4 2 1 1 4159 3934 3948 3949
17920 4 2 1 1 3948 4158 4159 4173
17921 4 2 1 1 3949 3948 4159 4173
17922 4 2 1 1 3949 4159 4174 4173
17923 4 2 1 1 4159 3934 3949 3935
17924 4 2 1 1 3949 4159 3935 4160
17925 4 2 1 1 4160 3935 3949 3950
17926 4 2 1 1 3949 4159 4160 4174
17927 4 2 1 1 3950 3949 4160 4174
17928 4 2 1 1 3950 4160 4175 4174
17929 4 2 1 1 4160 3935 3950 3936
17930 4 2 1 1 3950 4160 3936 4161
17931 4 2 1 1 4161 3936 3950 3951
17932 4 2 1 1 3950 4160 4161 4175
17933 4 2 1 1 3951 3950 4161 4175
17934 4 2 1 1 3951 4161 4176 4175
17935 4 2 1 1 4161 3936 3951 3937
17936 4 2 1 1 3951 4161 3937 4162
17937 4 2 1 1 4162 3937 3951 3952
17938 4 2 1 1 3951 4161 4162 4176
17939 4 2 1 1 3952 3951 4162 4176
17940 4 2 1 1 3952 4162 4177 4176
17941 4 2 1 1 4162 3937 3952 3938
17942 4 2 1 1 3952 4162 3938 4163
17943 4 2 1 1 4163 3938 3952 3953
17944 4 2 1 1 3952 4162 4163 4177
17945 4 2 1 1 3953 3952 4163 4177
17946 4 2 1 1 3953 4163 4178 4177
17947 4 2 1 1 4163 3938 3953 573
17948 4 2 1 1 3953 4163 573 588
17949 4 2 1 1 588 573 3953 574
17950 4 2 1 1 3953 4163 588 4178
17951 4 2 1 1 574 3953 588 4178
17952 4 2 1 1 574 588 589 4178
17953 4 2 1 1 364 349 350 3939
17954 4 2 1 1 350 364 3939 4164
17955 4 2 1 1 4164 3939 350 3954
17956 4 2 1 1 350 364 4164 365
17957 4 2 1 1 3954 350 4164 365
17958 4 2 1 1 3954 4164 4179 365
17959 4 2 1 1 4164 3939 3954 3940
17960 4 2 1 1 3954 4164 3940 4165
17961 4 2 1 1 4165 3940 3954 3955
17962 4 2 1 1 3954 4164 4165 4179
17963 4 2 1 1 3955 3954 4165 4179
17964 4 2 1 1 3955 4165 4180 4179
17965 4 2 1 1 4165 3940 3955 3941
17966 4 2 1 1 3955 4165 3941 4166
17967 4 2 1 1 4166 3941 3955 3956
17968 4 2 1 1 3955 4165 4166 4180
17969 4 2 1 1 3956 3955 4166 4180
17970 4 2 1 1 3956 4166 4181 4180
17971 4 2 1 1 4166 3941 3956 3942
17972 4 2 1 1 3956 4166 3942 4167
17973 4 2 1 1 4167 3942 3956 3957
17974 4 2 1 1 3956 4166 4167 4181
17975 4 2 1 1 3957 3956 4167 4181
17976 4 2 1 1 3957 4167 4182 4181
17977 4 2 1 1 4167 3942 3957 3943
17978 4 2 1 1 3957 4167 3943 4168
17979 4 2 1 1 4168 3943 3957 3958
17980 4 2 1 1 3957 4167 4168 4182
17981 4 2 1 1 3958 3957 4168 4182
17982 4 2 1 1 3958 4168 4183 4182
17983 4 2 1 1 4168 3943 3958 3944
17984 4 2 1 1 3958 4168 3944 4169
17985 4 2 1 1 4169 3944 3958 3959
17986 4 2 1 1 3958 4168 4169 4183
17987 4 2 1 1 3959 3958 4169 4183
17988 4 2 1 1 3959 4169 4184 4183
17989 4 2 1 1 4169 3944 3959 3945
17990 4 2 1 1 3959 4169 3945 4170
17991 4 2 1 1 4170 3945 3959 3960
17992 4 2 1 1 3959 4169 4170 4184
17993 4 2 1 1 3960 3959 4170 4184
17994 4 2 1 1 3960 4170 4185 4184
17995 4 2 1 1 4170 3945 3960 3946
17996 4 2 1 1 3960 4170 3946 4171
17997 4 2 1 1 4171 3946 3960 3961
17998 4 2 1 1 3960 4170 4171 4185
17999 4 2 1 1 3961 3960 4171 4185
18000 4 2 1 1 3961 4171 4186 4185
18001 4 2 1 1 4171 3946 3961 3947
18002 4 2 1 1 3961 4171 3947 4172
18003 4 2 1 1 4172 3947 3961 3962
18004 4 2 1 1 3961 4171 4172 4186
18005 4 2 1 1 3962 3961 4172 4186
18006 4 2 1 1 3962 4172 4187 4186
18007 4 2 1 1 4172 3947 3962 3948
18008 4 2 1 1 3962 4172 3948 4173
18009 4 2 1 1 4173 3948 3962 3963
18010 4 2 1 1 3962 4172 4173 4187
18011 4 2 1 1 3963 3962 4173 4187
18012 4 2 1 1 3963 4173 4188 4187
18013 4 2 1 1 4173 3948 3963 3949
18014 4 2 1 1 3963 4173 3949 4174
18015 4 2 1 1 4174 3949 3963 3964
18016 4 2 1 1 3963 4173 4174 4188
18017 4 2 1 1 3964 3963 4174 4188
18018 4 2 1 1 3964 4174 4189 4188
18019 4 2 1 1 4174 3949 3964 3950
18020 4 2 1 1 3964 4174 3950 4175
18021 4 2 1 1 4175 3950 3964 3965
18022 4 2 1 1 3964 4174 4175 4189
18023 4 2 1 1 3965 3964 4175 4189
18024 4 2 1 1 3965 4175 4190 4189
18025 4 2 1 1 4175 3950 3965 3951
18026 4 2 1 1 3965 4175 3951 4176
18027 4 2 1 1 4176 3951 3965 3966
18028 4 2 1 1 3965 4175 4176 4190
18029 4 2 1 1 3966 3965 4176 4190
18030 4 2 1 1 3966 4176 4191 4190
18031 4 2 1 1 4176 3951 3966 3952
18032 4 2 1 1 3966 4176 3952 4177
18033 4 2 1 1 4177 3952 3966 3967
18034 4 2 1 1 3966 4176 4177 4191
18035 4 2 1 1 3967 3966 4177 4191
18036 4 2 1 1 3967 4177 4192 4191
18037 4 2 1 1 4177 3952 3967 3953
18038 4 2 1 1 3967 4177 3953 4178
18039 4 2 1 1 4178 3953 3967 3968
18040 4 2 1 1 3967 4177 4178 4192
18041 4 2 1 1 3968 3967 4178 4192
18042 4 2 1 1 3968 4178 4193 4192
18043 4 2 1 1 4178 3953 3968 574
18044 4 2 1 1 3968 4178 574 589
18045 4 2 1 1 589 574 3968 575
18046 4 2 1 1 3968 4178 589 4193
18047 4 2 1 1 575 3968 589 4193
18048 4 2 1 1 575 589 590 4193
18049 4 2 1 1 365 350 351 3954
18050 4 2 1 1 351 365 3954 4179
18051 4 2 1 1 4179 3954 351 3969
18052 4 2 1 1 351 365 4179 366
18053 4 2 1 1 3969 351 4179 366
18054 4 2 1 1 3969 4179 4194 366
18055 4 2 1 1 4179 3954 3969 3955
18056 4 2 1 1 3969 4179 3955 4180
18057 4 2 1 1 4180 3955 3969 3970
18058 4 2 1 1 3969 4179 4180 4194
18059 4 2 1 1 3970 3969 4180 4194
18060 4 2 1 1 3970 4180 4195 4194
18061 4 2 1 1 4180 3955 3970 3956
18062 4 2 1 1 3970 4180 3956 4181
18063 4 2 1 1 4181 3956 3970 3971
18064 4 2 1 1 3970 4180 4181 4195
18065 4 2 1 1 3971 3970 4181 4195
18066 4 2 1 1 3971 4181 4196 4195
18067 4 2 1 1 4181 3956 3971 3957
18068 4 2 1 1 3971 4181 3957 4182
18069 4 2 1 1 4182 3957 3971 3972
18070 4 2 1 1 3971 4181 4182 4196
18071 4 2 1 1 3972 3971 4182 4196
18072 4 2 1 1 3972 4182 4197 4196
18073 4 2 1 1 4182 3957 3972 3958
18074 4 2 1 1 3972 4182 3958 4183
18075 4 2 1 1 4183 3958 3972 3973
18076 4 2 1 1 3972 4182 4183 4197
18077 4 2 1 1 3973 3972 4183 4197
18078 4 2 1 1 3973 4183 4198 4197
18079 4 2 1 1 4183 3958 3973 3959
18080 4 2 1 1 3973 4183 3959 4184
18081 4 2 1 1 4184 3959 3973 3974
18082 4 2 1 1 3973 4183 4184 4198
18083 4 2 1 1 3974 3973 4184 4198
18084 4 2 1 1 3974 4184 4199 4198
18085 4 2 1 1 4184 3959 3974 3960
18086 4 2 1 1 3974 4184 3960 4185
18087 4 2 1 1 4185 3960 3974 3975
18088 4 2 1 1 3974 4184 4185 4199
18089 4 2 1 1 3975 3974 4185 4199
18090 4 2 1 1 3975 4185 4200 4199
18091 4 2 1 1 4185 3960 3975 3961
18092 4 2 1 1 3975 4185 3961 4186
18093 4 2 1 1 4186 3961 3975 3976
18094 4 2 1 1 3975 4185 4186 4200
18095 4 2 1 1 3976 3975 4186 4200
18096 4 2 1 1 3976 4186 4201 4200
18097 4 2 1 1 4186 3961 3976 3962
18098 4 2 1 1 3976 4186 3962 4187
18099 4 2 1 1 4187 3962 3976 3977
18100 4 2 1 1 3976 4186 4187 4201
18101 4 2 1 1 3977 3976 4187 4201
18102 4 2 1 1 3977 4187 4202 4201
18103 4 2 1 1 4187 3962 3977 3963
18104 4 2 1 1 3977 4187 3963 4188
18105 4 2 1 1 4188 3963 3977 3978
18106 4 2 1 1 3977 4187 4188 4202
18107 4 2 1 1 3978 3977 4188 4202
18108 4 2 1 1 3978 4188 4203 4202
18109 4 2 1 1 4188 3963 3978 3964
18110 4 2 1 1 3978 4188 3964 4189
18111 4 2 1 1 4189 3964 3978 3979
18112 4 2 1 1 3978 4188 4189 4203
18113 4 2 1 1 3979 3978 4189 4203
18114 4 2 1 1 3979 4189 4204 4203
18115 4 2 1 1 4189 3964 3979 3965
18116 4 2 1 1 3979 4189 3965 4190
18117 4 2 1 1 4190 3965 3979 3980
18118 4 2 1 1 3979 4189 4190 4204
18119 4 2 1 1 3980 3979 4190 4204
18120 4 2 1 1 3980 4190 4205 4204
18121 4 2 1 1 4190 3965 3980 3966
18122 4 2 1 1 3980 4190 3966 4191
18123 4 2 1 1 4191 3966 3980 3981
18124 4 2 1 1 3980 4190 4191 4205
18125 4 2 1 1 3981 3980 4191 4205
18126 4 2 1 1 3981 4191 4206 4205
18127 4 2 1 1 4191 3966 3981 3967
18128 4 2 1 1 3981 4191 3967 4192
18129 4 2 1 1 4192 3967 3981 3982
18130 4 2 1 1 3981 4191 4192 4206
18131 4 2 1 1 3982 3981 4192 4206
18132 4 2 1 1 3982 4192 4207 4206
18133 4 2 1 1 4192 3967 3982 3968
18134 4 2 1 1 3982 4192 3968 4193
18135 4 2 1 1 4193 3968 3982 3983
18136 4 2 1 1 3982 4192 4193 4207
18137 4 2 1 1 3983 3982 4193 4207
18138 4 2 1 1 3983 4193 4208 4207
18139 4 2 1 1 4193 3968 3983 575
18140 4 2 1 1 3983 4193 575 590
18141 4 2 1 1 590 575 3983 576
18142 4 2 1 1 3983 4193 590 4208
18143 4 2 1 1 576 3983 590 4208
18144 4 2 1 1 576 590 591 4208
18145 4 2 1 1 366 351 352 3969
18146 4 2 1 1 352 366 3969 4194
18147 4 2 1 1 4194 3969 352 3984
18148 4 2 1 1 352 366 4194 367
18149 4 2 1 1 3984 352 4194 367
18150 4 2 1 1 3984 4194 4209 367
18151 4 2 1 1 4194 3969 3984 3970
18152 4 2 1 1 3984 4194 3970 4195
18153 4 2 1 1 4195 3970 3984 3985
18154 4 2 1 1 3984 4194 4195 4209
18155 4 2 1 1 3985 3984 4195 4209
18156 4 2 1 1 3985 4195 4210 4209
18157 4 2 1 1 4195 3970 3985 3971
18158 4 2 1 1 3985 4195 3971 4196
18159 4 2 1 1 4196 3971 3985 3986
18160 4 2 1 1 3985 4195 4196 4210
18161 4 2 1 1 3986 3985 4196 4210
18162 4 2 1 1 3986 4196 4211 4210
18163 4 2 1 1 4196 3971 3986 3972
18164 4 2 1 1 3986 4196 3972 4197
18165 4 2 1 1 4197 3972 3986 3987
18166 4 2 1 1 3986 4196 4197 4211
18167 4 2 1 1 3987 3986 4197 4211
18168 4 2 1 1 3987 4197 4212 4211
18169 4 2 1 1 4197 3972 3987 3973
18170 4 2 1 1 3987 4197 3973 4198
18171 4 2 1 1 4198 3973 3987 3988
18172 4 2 1 1 3987 4197 4198 4212
18173 4 2 1 1 3988 3987 4198 4212
18174 4 2 1 1 3988 4198 4213 4212
18175 4 2 1 1 4198 3973 3988 3974
18176 4 2 1 1 3988 4198 3974 4199
18177 4 2 1 1 4199 3974 3988 3989
18178 4 2 1 1 3988 4198 4199 4213
18179 4 2 1 1 3989 3988 4199 4213
18180 4 2 1 1 3989 4199 4214 4213
18181 4 2 1 1 4199 3974 3989 3975
18182 4 2 1 1 3989 4199 3975 4200
18183 4 2 1 1 4200 3975 3989 3990
18184 4 2 1 1 3989 4199 4200 4214
18185 4 2 1 1 3990 3989 4200 4214
18186 4 2 1 1 3990 4200 4215 4214
18187 4 2 1 1 4200 3975 3990 3976
18188 4 2 1 1 3990 4200 3976 4201
18189 4 2 1 1 4201 3976 3990 3991
18190 4 2 1 1 3990 4200 4201 4215
18191 4 2 1 1 3991 3990 4201 4215
18192 4 2 1 1 3991 4201 4216 4215
18193 4 2 1 1 4201 3976 3991 3977
18194 4 2 1 1 3991 4201 3977 4202
18195 4 2 1 1 4202 3977 3991 3992
18196 4 2 1 1 3991 4201 4202 4216
18197 4 2 1 1 3992 3991 4202 4216
18198 4 2 1 1 3992 4202 4217 4216
18199 4 2 1 1 4202 3977 3992 3978
18200 4 2 1 1 3992 4202 3978 4203
18201 4 2 1 1 4203 3978 3992 3993
18202 4 2 1 1 3992 4202 4203 4217
18203 4 2 1 1 3993 3992 4203 4217
18204 4 2 1 1 3993 4203 4218 4217
18205 4 2 1 1 4203 3978 3993 3979
18206 4 2 1 1 3993 4203 3979 4204
18207 4 2 1 1 4204 3979 3993 3994
18208 4 2 1 1 3993 4203 4204 4218
18209 4 2 1 1 3994 3993 4204 4218
18210 4 2 1 1 3994 4204 4219 4218
18211 4 2 1 1 4204 3979 3994 3980
18212 4 2 1 1 3994 4204 3980 4205
18213 4 2 1 1 4205 3980 3994 3995
18214 4 2 1 1 3994 4204 4205 4219
18215 4 2 1 1 3995 3994 4205 4219
18216 4 2 1 1 3995 4205 4220 4219
18217 4 2 1 1 4205 3980 3995 3981
18218 4 2 1 1 3995 4205 3981 4206
18219 4 2 1 1 4206 3981 3995 3996
18220 4 2 1 1 3995 4205 4206 4220
18221 4 2 1 1 3996 3995 4206 4220
18222 4 2 1 1 3996 4206 4221 4220
18223 4 2 1 1 4206 3981 3996 3982
18224 4 2 1 1 3996 4206 3982 4207
18225 4 2 1 1 4207 3982 3996 3997
18226 4 2 1 1 3996 4206 4207 4221
18227 4 2 1 1 3997 3996 4207 4221
18228 4 2 1 1 3997 4207 4222 4221
18229 4 2 1 1 4207 3982 3997 3983
18230 4 2 1 1 3997 4207 3983 4208
18231 4 2 1 1 4208 3983 3997 3998
18232 4 2 1 1 3997 4207 4208 4222
18233 4 2 1 1 3998 3997 4208 4222
18234 4 2 1 1 3998 4208 4223 4222
18235 4 2 1 1 4208 3983 3998 576
18236 4 2 1 1 3998 4208 576 591
18237 4 2 1 1 591 576 3998 577
18238 4 2 1 1 3998 4208 591 4223
18239 4 2 1 1 577 3998 591 4223
18240 4 2 1 1 577 591 592 4223
18241 4 2 1 1 367 352 353 3984
18242 4 2 1 1 353 367 3984 4209
18243 4 2 1 1 4209 3984 353 3999
18244 4 2 1 1 353 367 4209 368
18245 4 2 1 1 3999 353 4209 368
18246 4 2 1 1 3999 4209 4224 368
18247 4 2 1 1 4209 3984 3999 3985
18248 4 2 1 1 3999 4209 3985 4210
18249 4 2 1 1 4210 3985 3999 4000
18250 4 2 1 1 3999 4209 4210 4224
18251 4 2 1 1 4000 3999 4210 4224
18252 4 2 1 1 4000 4210 4225 4224
18253 4 2 1 1 4210 3985 4000 3986
18254 4 2 1 1 4000 4210 3986 4211
18255 4 2 1 1 4211 3986 4000 4001
18256 4 2 1 1 4000 4210 4211 4225
18257 4 2 1 1 4001 4000 4211 4225
18258 4 2 1 1 4001 4211 4226 4225
18259 4 2 1 1 4211 3986 4001 3987
18260 4 2 1 1 4001 4211 3987 4212
18261 4 2 1 1 4212 3987 4001 4002
18262 4 2 1 1 4001 4211 4212 4226
18263 4 2 1 1 4002 4001 4212 4226
18264 4 2 1 1 4002 4212 4227 4226
18265 4 2 1 1 4212 3987 4002 3988
18266 4 2 1 1 4002 4212 3988 4213
18267 4 2 1 1 4213 3988 4002 4003
18268 4 2 1 1 4002 4212 4213 4227
18269 4 2 1 1 4003 4002 4213 4227
18270 4 2 1 1 4003 4213 4228 4227
18271 4 2 1 1 4213 3988 4003 3989
18272 4 2 1 1 4003 4213 3989 4214
18273 4 2 1 1 4214 3989 4003 4004
18274 4 2 1 1 4003 4213 4214 4228
18275 4 2 1 1 4004 4003 4214 4228
18276 4 2 1 1 4004 4214 4229 4228
18277 4 2 1 1 4214 3989 4004 3990
18278 4 2 1 1 4004 4214 3990 4215
18279 4 2 1 1 4215 3990 4004 4005
18280 4 2 1 1 4004 4214 4215 4229
18281 4 2 1 1 4005 4004 4215 4229
18282 4 2 1 1 4005 4215 4230 4229
18283 4 2 1 1 4215 3990 4005 3991
18284 4 2 1 1 4005 4215 3991 4216
18285 4 2 1 1 4216 3991 4005 4006
18286 4 2 1 1 4005 4215 4216 4230
18287 4 2 1 1 4006 4005 4216 4230
18288 4 2 1 1 4006 4216 4231 4230
18289 4 2 1 1 4216 3991 4006 3992
18290 4 2 1 1 4006 4216 3992 4217
18291 4 2 1 1 4217 3992 4006 4007
18292 4 2 1 1 4006 4216 4217 4231
18293 4 2 1 1 4007 4006 4217 4231
18294 4 2 1 1 4007 4217 4232 4231
18295 4 2 1 1 4217 3992 4007 3993
18296 4 2 1 1 4007 4217 3993 4218
18297 4 2 1 1 4218 3993 4007 4008
18298 4 2 1 1 4007 4217 4218 4232
18299 4 2 1 1 4008 4007 4218 4232
18300 4 2 1 1 4008 4218 4233 4232
18301 4 2 1 1 4218 3993 4008 3994
18302 4 2 1 1 4008 4218 3994 4219
18303 4 2 1 1 4219 3994 4008 4009
18304 4 2 1 1 4008 4218 4219 4233
18305 4 2 1 1 4009 4008 4219 4233
18306 4 2 1 1 4009 4219 4234 4233
18307 4 2 1 1 4219 3994 4009 3995
18308 4 2 1 1 4009 4219 3995 4220
18309 4 2 1 1 4220 3995 4009 4010
18310 4 2 1 1 4009 4219 4220 4234
18311 4 2 1 1 4010 4009 4220 4234
18312 4 2 1 1 4010 4220 4235 4234
18313 4 2 1 1 4220 3995 4010 3996
18314 4 2 1 1 4010 4220 3996 4221
18315 4 2 1 1 4221 3996 4010 4011
18316 4 2 1 1 4010 4220 4221 4235
18317 4 2 1 1 4011 4010 4221 4235
18318 4 2 1 1 4011 4221 4236 4235
18319 4 2 1 1 4221 3996 4011 3997
18320 4 2 1 1 4011 4221 3997 4222
18321 4 2 1 1 4222 3997 4011 4012
18322 4 2 1 1 4011 4221 4222 4236
18323 4 2 1 1 4012 4011 4222 4236
18324 4 2 1 1 4012 4222 4237 4236
18325 4 2 1 1 4222 3997 4012 3998
18326 4 2 1 1 4012 4222 3998 4223
18327 4 2 1 1 4223 3998 4012 4013
18328 4 2 1 1 4012 4222 4223 4237
18329 4 2 1 1 4013 4012 4223 4237
18330 4 2 1 1 4013 4223 4238 4237
18331 4 2 1 1 4223 3998 4013 577
18332 4 2 1 1 4013 4223 577 592
18333 4 2 1 1 592 577 4013 578
18334 4 2 1 1 4013 4223 592 4238
18335 4 2 1 1 578 4013 592 4238
18336 4 2 1 1 578 592 593 4238
18337 4 2 1 1 368 353 49 3999
18338 4 2 1 1 49 368 3999 4224
18339 4 2 1 1 4224 3999 49 874
18340 4 2 1 1 49 368 4224 50
18341 4 2 1 1 874 49 4224 50
18342 4 2 1 1 874 4224 875 50
18343 4 2 1 1 4224 3999 874 4000
18344 4 2 1 1 874 4224 4000 4225
18345 4 2 1 1 4225 4000 874 889
18346 4 2 1 1 874 4224 4225 875
18347 4 2 1 1 889 874 4225 875
18348 4 2 1 1 889 4225 890 875
18349 4 2 1 1 4225 4000 889 4001
18350 4 2 1 1 889 4225 4001 4226
18351 4 2 1 1 4226 4001 889 904
18352 4 2 1 1 889 4225 4226 890
18353 4 2 1 1 904 889 4226 890
18354 4 2 1 1 904 4226 905 890
18355 4 2 1 1 4226 4001 904 4002
18356 4 2 1 1 904 4226 4002 4227
18357 4 2 1 1 4227 4002 904 919
18358 4 2 1 1 904 4226 4227 905
18359 4 2 1 1 919 904 4227 905
18360 4 2 1 1 919 4227 920 905
18361 4 2 1 1 4227 4002 919 4003
18362 4 2 1 1 919 4227 4003 4228
18363 4 2 1 1 4228 4003 919 934
18364 4 2 1 1 919 4227 4228 920
18365 4 2 1 1 934 919 4228 920
18366 4 2 1 1 934 4228 935 920
18367 4 2 1 1 4228 4003 934 4004
18368 4 2 1 1 934 4228 4004 4229
18369 4 2 1 1 4229 4004 934 949
18370 4 2 1 1 934 4228 4229 935
18371 4 2 1 1 949 934 4229 935
18372 4 2 1 1 949 4229 950 935
18373 4 2 1 1 4229 4004 949 4005
18374 4 2 1 1 949 4229 4005 4230
18375 4 2 1 1 4230 4005 949 964
18376 4 2 1 1 949 4229 4230 950
18377 4 2 1 1 964 949 4230 950
18378 4 2 1 1 964 4230 965 950
18379 4 2 1 1 4230 4005 964 4006
18380 4 2 1 1 964 4230 4006 4231
18381 4 2 1 1 4231 4006 964 979
18382 4 2 1 1 964 4230 4231 965
18383 4 2 1 1 979 964 4231 965
18384 4 2 1 1 979 4231 980 965
18385 4 2 1 1 4231 4006 979 4007
18386 4 2 1 1 979 4231 4007 4232
18387 4 2 1 1 4232 4007 979 994
18388 4 2 1 1 979 4231 4232 980
18389 4 2 1 1 994 979 4232 980
18390 4 2 1 1 994 4232 995 980
18391 4 2 1 1 4232 4007 994 4008
18392 4 2 1 1 994 4232 4008 4233
18393 4 2 1 1 4233 4008 994 1009
18394 4 2 1 1 994 4232 4233 995
18395 4 2 1 1 1009 994 4233 995
18396 4 2 1 1 1009 4233 1010 995
18397 4 2 1 1 4233 4008 1009 4009
18398 4 2 1 1 1009 4233 4009 4234
18399 4 2 1 1 4234 4009 1009 1024
18400 4 2 1 1 1009 4233 4234 1010
18401 4 2 1 1 1024 1009 4234 1010
18402 4 2 1 1 1024 4234 1025 1010
18403 4 2 1 1 4234 4009 1024 4010
18404 4 2 1 1 1024 4234 4010 4235
18405 4 2 1 1 4235 4010 1024 1039
18406 4 2 1 1 1024 4234 4235 1025
18407 4 2 1 1 1039 1024 4235 1025
18408 4 2 1 1 1039 4235 1040 1025
18409 4 2 1 1 4235 4010 1039 4011
18410 4 2 1 1 1039 4235 4011 4236
18411 4 2 1 1 4236 4011 1039 1054
18412 4 2 1 1 1039 4235 4236 1040
18413 4 2 1 1 1054 1039 4236 1040
18414 4 2 1 1 1054 4236 1055 1040
18415 4 2 1 1 4236 4011 1054 4012
18416 4 2 1 1 1054 4236 4012 4237
18417 4 2 1 1 4237 4012 1054 1069
18418 4 2 1 1 1054 4236 4237 1055
18419 4 2 1 1 1069 1054 4237 1055
18420 4 2 1 1 1069 4237 1070 1055
18421 4 2 1 1 4237 4012 1069 4013
18422 4 2 1 1 1069 4237 4013 4238
18423 4 2 1 1 4238 4013 1069 1084
18424 4 2 1 1 1069 4237 4238 1070
18425 4 2 1 1 1084 1069 4238 1070
18426 4 2 1 1 1084 4238 1085 1070
18427 4 2 1 1 4238 4013 1084 578
18428 4 2 1 1 1084 4238 578 593
18429 4 2 1 1 593 578 1084 109
18430 4 2 1 1 1084 4238 593 1085
18431 4 2 1 1 109 1084 593 1085
18432 4 2 1 1 109 593 110 1085
18433 4 2 1 1 21 20 354 650
18434 4 2 1 1 354 21 650 651
18435 4 2 1 1 651 650 354 4014
18436 4 2 1 1 354 21 651 369
18437 4 2 1 1 4014 354 651 369
18438 4 2 1 1 4014 651 4239 369
18439 4 2 1 1 651 650 4014 665
18440 4 2 1 1 4014 651 665 666
18441 4 2 1 1 666 665 4014 4015
18442 4 2 1 1 4014 651 666 4239
18443 4 2 1 1 4015 4014 666 4239
18444 4 2 1 1 4015 666 4240 4239
18445 4 2 1 1 666 665 4015 680
18446 4 2 1 1 4015 666 680 681
18447 4 2 1 1 681 680 4015 4016
18448 4 2 1 1 4015 666 681 4240
18449 4 2 1 1 4016 4015 681 4240
18450 4 2 1 1 4016 681 4241 4240
18451 4 2 1 1 681 680 4016 695
18452 4 2 1 1 4016 681 695 696
18453 4 2 1 1 696 695 4016 4017
18454 4 2 1 1 4016 681 696 4241
18455 4 2 1 1 4017 4016 696 4241
18456 4 2 1 1 4017 696 4242 4241
18457 4 2 1 1 696 695 4017 710
18458 4 2 1 1 4017 696 710 711
18459 4 2 1 1 711 710 4017 4018
18460 4 2 1 1 4017 696 711 4242
18461 4 2 1 1 4018 4017 711 4242
18462 4 2 1 1 4018 711 4243 4242
18463 4 2 1 1 711 710 4018 725
18464 4 2 1 1 4018 711 725 726
18465 4 2 1 1 726 725 4018 4019
18466 4 2 1 1 4018 711 726 4243
18467 4 2 1 1 4019 4018 726 4243
18468 4 2 1 1 4019 726 4244 4243
18469 4 2 1 1 726 725 4019 740
18470 4 2 1 1 4019 726 740 741
18471 4 2 1 1 741 740 4019 4020
18472 4 2 1 1 4019 726 741 4244
18473 4 2 1 1 4020 4019 741 4244
18474 4 2 1 1 4020 741 4245 4244
18475 4 2 1 1 741 740 4020 755
18476 4 2 1 1 4020 741 755 756
18477 4 2 1 1 756 755 4020 4021
18478 4 2 1 1 4020 741 756 4245
18479 4 2 1 1 4021 4020 756 4245
18480 4 2 1 1 4021 756 4246 4245
18481 4 2 1 1 756 755 4021 770
18482 4 2 1 1 4021 756 770 771
18483 4 2 1 1 771 770 4021 4022
18484 4 2 1 1 4021 756 771 4246
18485 4 2 1 1 4022 4021 771 4246
18486 4 2 1 1 4022 771 4247 4246
18487 4 2 1 1 771 770 4022 785
18488 4 2 1 1 4022 771 785 786
18489 4 2 1 1 786 785 4022 4023
18490 4 2 1 1 4022 771 786 4247
18491 4 2 1 1 4023 4022 786 4247
18492 4 2 1 1 4023 786 4248 4247
18493 4 2 1 1 786 785 4023 800
18494 4 2 1 1 4023 786 800 801
18495 4 2 1 1 801 800 4023 4024
18496 4 2 1 1 4023 786 801 4248
18497 4 2 1 1 4024 4023 801 4248
18498 4 2 1 1 4024 801 4249 4248
18499 4 2 1 1 801 800 4024 815
18500 4 2 1 1 4024 801 815 816
18501 4 2 1 1 816 815 4024 4025
18502 4 2 1 1 4024 801 816 4249
18503 4 2 1 1 4025 4024 816 4249
18504 4 2 1 1 4025 816 4250 4249
18505 4 2 1 1 816 815 4025 830
18506 4 2 1 1 4025 816 830 831
18507 4 2 1 1 831 830 4025 4026
18508 4 2 1 1 4025 816 831 4250
18509 4 2 1 1 4026 4025 831 4250
18510 4 2 1 1 4026 831 4251 4250
18511 4 2 1 1 831 830 4026 845
18512 4 2 1 1 4026 831 845 846
18513 4 2 1 1 846 845 4026 4027
18514 4 2 1 1 4026 831 846 4251
18515 4 2 1 1 4027 4026 846 4251
18516 4 2 1 1 4027 846 4252 4251
18517 4 2 1 1 846 845 4027 860
18518 4 2 1 1 4027 846 860 861
18519 4 2 1 1 861 860 4027 4028
18520 4 2 1 1 4027 846 861 4252
18521 4 2 1 1 4028 4027 861 4252
18522 4 2 1 1 4028 861 4253 4252
18523 4 2 1 1 861 860 4028 80
18524 4 2 1 1 4028 861 80 81
18525 4 2 1 1 81 80 4028 579
18526 4 2 1 1 4028 861 81 4253
18527 4 2 1 1 579 4028 81 4253
18528 4 2 1 1 579 81 594 4253
18529 4 2 1 1 369 354 355 4014
18530 4 2 1 1 355 369 4014 4239
18531 4 2 1 1 4239 4014 355 4029
18532 4 2 1 1 355 369 4239 370
18533 4 2 1 1 4029 355 4239 370
18534 4 2 1 1 4029 4239 4254 370
18535 4 2 1 1 4239 4014 4029 4015
18536 4 2 1 1 4029 4239 4015 4240
18537 4 2 1 1 4240 4015 4029 4030
18538 4 2 1 1 4029 4239 4240 4254
18539 4 2 1 1 4030 4029 4240 4254
18540 4 2 1 1 4030 4240 4255 4254
18541 4 2 1 1 4240 4015 4030 4016
18542 4 2 1 1 4030 4240 4016 4241
18543 4 2 1 1 4241 4016 4030 4031
18544 4 2 1 1 4030 4240 4241 4255
18545 4 2 1 1 4031 4030 4241 4255
18546 4 2 1 1 4031 4241 4256 4255
18547 4 2 1 1 4241 4016 4031 4017
18548 4 2 1 1 4031 4241 4017 4242
18549 4 2 1 1 4242 4017 4031 4032
18550 4 2 1 1 4031 4241 4242 4256
18551 4 2 1 1 4032 4031 4242 4256
18552 4 2 1 1 4032 4242 4257 4256
18553 4 2 1 1 4242 4017 4032 4018
18554 4 2 1 1 4032 4242 4018 4243
18555 4 2 1 1 4243 4018 4032 4033
18556 4 2 1 1 4032 4242 4243 4257
18557 4 2 1 1 4033 4032 4243 4257
18558 4 2 1 1 4033 4243 4258 4257
18559 4 2 1 1 4243 4018 4033 4019
18560 4 2 1 1 4033 4243 4019 4244
18561 4 2 1 1 4244 4019 4033 4034
18562 4 2 1 1 4033 4243 4244 4258
18563 4 2 1 1 4034 4033 4244 4258
18564 4 2 1 1 4034 4244 4259 4258
18565 4 2 1 1 4244 4019 4034 4020
18566 4 2 1 1 4034 4244 4020 4245
18567 4 2 1 1 4245 4020 4034 4035
18568 4 2 1 1 4034 4244 4245 4259
18569 4 2 1 1 4035 4034 4245 4259
18570 4 2 1 1 4035 4245 4260 4259
18571 4 2 1 1 4245 4020 4035 4021
18572 4 2 1 1 4035 4245 4021 4246
18573 4 2 1 1 4246 4021 4035 4036
18574 4 2 1 1 4035 4245 4246 4260
18575 4 2 1 1 4036 4035 4246 4260
18576 4 2 1 1 4036 4246 4261 4260
18577 4 2 1 1 4246 4021 4036 4022
18578 4 2 1 1 4036 4246 4022 4247
18579 4 2 1 1 4247 4022 4036 4037
18580 4 2 1 1 4036 4246 4247 4261
18581 4 2 1 1 4037 4036 4247 4261
18582 4 2 1 1 4037 4247 4262 4261
18583 4 2 1 1 4247 4022 4037 4023
18584 4 2 1 1 4037 4247 4023 4248
18585 4 2 1 1 4248 4023 4037 4038
18586 4 2 1 1 4037 4247 4248 4262
18587 4 2 1 1 4038 4037 4248 4262
18588 4 2 1 1 4038 4248 4263 4262
18589 4 2 1 1 4248 4023 4038 4024
18590 4 2 1 1 4038 4248 4024 4249
18591 4 2 1 1 4249 4024 4038 4039
18592 4 2 1 1 4038 4248 4249 4263
18593 4 2 1 1 4039 4038 4249 4263
18594 4 2 1 1 4039 4249 4264 4263
18595 4 2 1 1 4249 4024 4039 4025
18596 4 2 1 1 4039 4249 4025 4250
18597 4 2 1 1 4250 4025 4039 4040
18598 4 2 1 1 4039 4249 4250 4264
18599 4 2 1 1 4040 4039 4250 4264
18600 4 2 1 1 4040 4250 4265 4264
18601 4 2 1 1 4250 4025 4040 4026
18602 4 2 1 1 4040 4250 4026 4251
18603 4 2 1 1 4251 4026 4040 4041
18604 4 2 1 1 4040 4250 4251 4265
18605 4 2 1 1 4041 4040 4251 4265
18606 4 2 1 1 4041 4251 4266 4265
18607 4 2 1 1 4251 4026 4041 4027
18608 4 2 1 1 4041 4251 4027 4252
18609 4 2 1 1 4252 4027 4041 4042
18610 4 2 1 1 4041 4251 4252 4266
18611 4 2 1 1 4042 4041 4252 4266
18612 4 2 1 1 4042 4252 4267 4266
18613 4 2 1 1 4252 4027 4042 4028
18614 4 2 1 1 4042 4252 4028 4253
18615 4 2 1 1 4253 4028 4042 4043
18616 4 2 1 1 4042 4252 4253 4267
18617 4 2 1 1 4043 4042 4253 4267
18618 4 2 1 1 4043 4253 4268 4267
18619 4 2 1 1 4253 4028 4043 579
18620 4 2 1 1 4043 4253 579 594
18621 4 2 1 1 594 579 4043 580
18622 4 2 1 1 4043 4253 594 4268
18623 4 2 1 1 580 4043 594 4268
18624 4 2 1 1 580 594 595 4268
18625 4 2 1 1 370 355 356 4029
18626 4 2 1 1 356 370 4029 4254
18627 4 2 1 1 4254 4029 356 4044
18628 4 2 1 1 356 370 4254 371
18629 4 2 1 1 4044 356 4254 371
18630 4 2 1 1 4044 4254 4269 371
18631 4 2 1 1 4254 4029 4044 4030
18632 4 2 1 1 4044 4254 4030 4255
18633 4 2 1 1 4255 4030 4044 4045
18634 4 2 1 1 4044 4254 4255 4269
18635 4 2 1 1 4045 4044 4255 4269
18636 4 2 1 1 4045 4255 4270 4269
18637 4 2 1 1 4255 4030 4045 4031
18638 4 2 1 1 4045 4255 4031 4256
18639 4 2 1 1 4256 4031 4045 4046
18640 4 2 1 1 4045 4255 4256 4270
18641 4 2 1 1 4046 4045 4256 4270
18642 4 2 1 1 4046 4256 4271 4270
18643 4 2 1 1 4256 4031 4046 4032
18644 4 2 1 1 4046 4256 4032 4257
18645 4 2 1 1 4257 4032 4046 4047
18646 4 2 1 1 4046 4256 4257 4271
18647 4 2 1 1 4047 4046 4257 4271
18648 4 2 1 1 4047 4257 4272 4271
18649 4 2 1 1 4257 4032 4047 4033
18650 4 2 1 1 4047 4257 4033 4258
18651 4 2 1 1 4258 4033 4047 4048
18652 4 2 1 1 4047 4257 4258 4272
18653 4 2 1 1 4048 4047 4258 4272
18654 4 2 1 1 4048 4258 4273 4272
18655 4 2 1 1 4258 4033 4048 4034
18656 4 2 1 1 4048 4258 4034 4259
18657 4 2 1 1 4259 4034 4048 4049
18658 4 2 1 1 4048 4258 4259 4273
18659 4 2 1 1 4049 4048 4259 4273
18660 4 2 1 1 4049 4259 4274 4273
18661 4 2 1 1 4259 4034 4049 4035
18662 4 2 1 1 4049 4259 4035 4260
18663 4 2 1 1 4260 4035 4049 4050
18664 4 2 1 1 4049 4259 4260 4274
18665 4 2 1 1 4050 4049 4260 4274
18666 4 2 1 1 4050 4260 4275 4274
18667 4 2 1 1 4260 4035 4050 4036
18668 4 2 1 1 4050 4260 4036 4261
18669 4 2 1 1 4261 4036 4050 4051
18670 4 2 1 1 4050 4260 4261 4275
18671 4 2 1 1 4051 4050 4261 4275
18672 4 2 1 1 4051 4261 4276 4275
18673 4 2 1 1 4261 4036 4051 4037
18674 4 2 1 1 4051 4261 4037 4262
18675 4 2 1 1 4262 4037 4051 4052
18676 4 2 1 1 4051 4261 4262 4276
18677 4 2 1 1 4052 4051 4262 4276
18678 4 2 1 1 4052 4262 4277 4276
18679 4 2 1 1 4262 4037 4052 4038
18680 4 2 1 1 4052 4262 4038 4263
18681 4 2 1 1 4263 4038 4052 4053
18682 4 2 1 1 4052 4262 4263 4277
18683 4 2 1 1 4053 4052 4263 4277
18684 4 2 1 1 4053 4263 4278 4277
18685 4 2 1 1 4263 4038 4053 4039
18686 4 2 1 1 4053 4263 4039 4264
18687 4 2 1 1 4264 4039 4053 4054
18688 4 2 1 1 4053 4263 4264 4278
18689 4 2 1 1 4054 4053 4264 4278
18690 4 2 1 1 4054 4264 4279 4278
18691 4 2 1 1 4264 4039 4054 4040
18692 4 2 1 1 4054 4264 4040 4265
18693 4 2 1 1 4265 4040 4054 4055
18694 4 2 1 1 4054 4264 4265 4279
18695 4 2 1 1 4055 4054 4265 4279
18696 4 2 1 1 4055 4265 4280 4279
18697 4 2 1 1 4265 4040 4055 4041
18698 4 2 1 1 4055 4265 4041 4266
18699 4 2 1 1 4266 4041 4055 4056
18700 4 2 1 1 4055 4265 4266 4280
18701 4 2 1 1 4056 4055 4266 4280
18702 4 2 1 1 4056 4266 4281 4280
18703 4 2 1 1 4266 4041 4056 4042
18704 4 2 1 1 4056 4266 4042 4267
18705 4 2 1 1 4267 4042 4056 4057
18706 4 2 1 1 4056 4266 4267 4281
18707 4 2 1 1 4057 4056 4267 4281
18708 4 2 1 1 4057 4267 4282 4281
18709 4 2 1 1 4267 4042 4057 4043
18710 4 2 1 1 4057 4267 4043 4268
18711 4 2 1 1 4268 4043 4057 4058
18712 4 2 1 1 4057 4267 4268 4282
18713 4 2 1 1 4058 4057 4268 4282
18714 4 2 1 1 4058 4268 4283 4282
18715 4 2 1 1 4268 4043 4058 580
18716 4 2 1 1 4058 4268 580 595
18717 4 2 1 1 595 580 4058 581
18718 4 2 1 1 4058 4268 595 4283
18719 4 2 1 1 581 4058 595 4283
18720 4 2 1 1 581 595 596 4283
18721 4 2 1 1 371 356 357 4044
18722 4 2 1 1 357 371 4044 4269
18723 4 2 1 1 4269 4044 357 4059
18724 4 2 1 1 357 371 4269 372
18725 4 2 1 1 4059 357 4269 372
18726 4 2 1 1 4059 4269 4284 372
18727 4 2 1 1 4269 4044 4059 4045
18728 4 2 1 1 4059 4269 4045 4270
18729 4 2 1 1 4270 4045 4059 4060
18730 4 2 1 1 4059 4269 4270 4284
18731 4 2 1 1 4060 4059 4270 4284
18732 4 2 1 1 4060 4270 4285 4284
18733 4 2 1 1 4270 4045 4060 4046
18734 4 2 1 1 4060 4270 4046 4271
18735 4 2 1 1 4271 4046 4060 4061
18736 4 2 1 1 4060 4270 4271 4285
18737 4 2 1 1 4061 4060 4271 4285
18738 4 2 1 1 4061 4271 4286 4285
18739 4 2 1 1 4271 4046 4061 4047
18740 4 2 1 1 4061 4271 4047 4272
18741 4 2 1 1 4272 4047 4061 4062
18742 4 2 1 1 4061 4271 4272 4286
18743 4 2 1 1 4062 4061 4272 4286
18744 4 2 1 1 4062 4272 4287 4286
18745 4 2 1 1 4272 4047 4062 4048
18746 4 2 1 1 4062 4272 4048 4273
18747 4 2 1 1 4273 4048 4062 4063
18748 4 2 1 1 4062 4272 4273 4287
18749 4 2 1 1 4063 4062 4273 4287
18750 4 2 1 1 4063 4273 4288 4287
18751 4 2 1 1 4273 4048 4063 4049
18752 4 2 1 1 4063 4273 4049 4274
18753 4 2 1 1 4274 4049 4063 4064
18754 4 2 1 1 4063 4273 4274 4288
18755 4 2 1 1 4064 4063 4274 4288
18756 4 2 1 1 4064 4274 4289 4288
18757 4 2 1 1 4274 4049 4064 4050
18758 4 2 1 1 4064 4274 4050 4275
18759 4 2 1 1 4275 4050 4064 4065
18760 4 2 1 1 4064 4274 4275 4289
18761 4 2 1 1 4065 4064 4275 4289
18762 4 2 1 1 4065 4275 4290 4289
18763 4 2 1 1 4275 4050 4065 4051
18764 4 2 1 1 4065 4275 4051 4276
18765 4 2 1 1 4276 4051 4065 4066
18766 4 2 1 1 4065 4275 4276 4290
18767 4 2 1 1 4066 4065 4276 4290
18768 4 2 1 1 4066 4276 4291 4290
18769 4 2 1 1 4276 4051 4066 4052
18770 4 2 1 1 4066 4276 4052 4277
18771 4 2 1 1 4277 4052 4066 4067
18772 4 2 1 1 4066 4276 4277 4291
18773 4 2 1 1 4067 4066 4277 4291
18774 4 2 1 1 4067 4277 4292 4291
18775 4 2 1 1 4277 4052 4067 4053
18776 4 2 1 1 4067 4277 4053 4278
18777 4 2 1 1 4278 4053 4067 4068
18778 4 2 1 1 4067 4277 4278 4292
18779 4 2 1 1 4068 4067 4278 4292
18780 4 2 1 1 4068 4278 4293 4292
18781 4 2 1 1 4278 4053 4068 4054
18782 4 2 1 1 4068 4278 4054 4279
18783 4 2 1 1 4279 4054 4068 4069
18784 4 2 1 1 4068 4278 4279 4293
18785 4 2 1 1 4069 4068 4279 4293
18786 4 2 1 1 4069 4279 4294 4293
18787 4 2 1 1 4279 4054 4069 4055
18788 4 2 1 1 4069 4279 4055 4280
18789 4 2 1 1 4280 4055 4069 4070
18790 4 2 1 1 4069 4279 4280 4294
18791 4 2 1 1 4070 4069 4280 4294
18792 4 2 1 1 4070 4280 4295 4294
18793 4 2 1 1 4280 4055 4070 4056
18794 4 2 1 1 4070 4280 4056 4281
18795 4 2 1 1 4281 4056 4070 4071
18796 4 2 1 1 4070 4280 4281 4295
18797 4 2 1 1 4071 4070 4281 4295
18798 4 2 1 1 4071 4281 4296 4295
18799 4 2 1 1 4281 4056 4071 4057
18800 4 2 1 1 4071 4281 4057 4282
18801 4 2 1 1 4282 4057 4071 4072
18802 4 2 1 1 4071 4281 4282 4296
18803 4 2 1 1 4072 4071 4282 4296
18804 4 2 1 1 4072 4282 4297 4296
18805 4 2 1 1 4282 4057 4072 4058
18806 4 2 1 1 4072 4282 4058 4283
18807 4 2 1 1 4283 4058 4072 4073
18808 4 2 1 1 4072 4282 4283 4297
18809 4 2 1 1 4073 4072 4283 4297
18810 4 2 1 1 4073 4283 4298 4297
18811 4 2 1 1 4283 4058 4073 581
18812 4 2 1 1 4073 4283 581 596
18813 4 2 1 1 596 581 4073 582
18814 4 2 1 1 4073 4283 596 4298
18815 4 2 1 1 582 4073 596 4298
18816 4 2 1 1 582 596 597 4298
18817 4 2 1 1 372 357 358 4059
18818 4 2 1 1 358 372 4059 4284
18819 4 2 1 1 4284 4059 358 4074
18820 4 2 1 1 358 372 4284 373
18821 4 2 1 1 4074 358 4284 373
18822 4 2 1 1 4074 4284 4299 373
18823 4 2 1 1 4284 4059 4074 4060
18824 4 2 1 1 4074 4284 4060 4285
18825 4 2 1 1 4285 4060 4074 4075
18826 4 2 1 1 4074 4284 4285 4299
18827 4 2 1 1 4075 4074 4285 4299
18828 4 2 1 1 4075 4285 4300 4299
18829 4 2 1 1 4285 4060 4075 4061
18830 4 2 1 1 4075 4285 4061 4286
18831 4 2 1 1 4286 4061 4075 4076
18832 4 2 1 1 4075 4285 4286 4300
18833 4 2 1 1 4076 4075 4286 4300
18834 4 2 1 1 4076 4286 4301 4300
18835 4 2 1 1 4286 4061 4076 4062
18836 4 2 1 1 4076 4286 4062 4287
18837 4 2 1 1 4287 4062 4076 4077
18838 4 2 1 1 4076 4286 4287 4301
18839 4 2 1 1 4077 4076 4287 4301
18840 4 2 1 1 4077 4287 4302 4301
18841 4 2 1 1 4287 4062 4077 4063
18842 4 2 1 1 4077 4287 4063 4288
18843 4 2 1 1 4288 4063 4077 4078
18844 4 2 1 1 4077 4287 4288 4302
18845 4 2 1 1 4078 4077 4288 4302
18846 4 2 1 1 4078 4288 4303 4302
18847 4 2 1 1 4288 4063 4078 4064
18848 4 2 1 1 4078 4288 4064 4289
18849 4 2 1 1 4289 4064 4078 4079
18850 4 2 1 1 4078 4288 4289 4303
18851 4 2 1 1 4079 4078 4289 4303
18852 4 2 1 1 4079 4289 4304 4303
18853 4 2 1 1 4289 4064 4079 4065
18854 4 2 1 1 4079 4289 4065 4290
18855 4 2 1 1 4290 4065 4079 4080
18856 4 2 1 1 4079 4289 4290 4304
18857 4 2 1 1 4080 4079 4290 4304
18858 4 2 1 1 4080 4290 4305 4304
18859 4 2 1 1 4290 4065 4080 4066
18860 4 2 1 1 4080 4290 4066 4291
18861 4 2 1 1 4291 4066 4080 4081
18862 4 2 1 1 4080 4290 4291 4305
18863 4 2 1 1 4081 4080 4291 4305
18864 4 2 1 1 4081 4291 4306 4305
18865 4 2 1 1 4291 4066 4081 4067
18866 4 2 1 1 4081 4291 4067 4292
18867 4 2 1 1 4292 4067 4081 4082
18868 4 2 1 1 4081 4291 4292 4306
18869 4 2 1 1 4082 4081 4292 4306
18870 4 2 1 1 4082 4292 4307 4306
18871 4 2 1 1 4292 4067 4082 4068
18872 4 2 1 1 4082 4292 4068 4293
18873 4 2 1 1 4293 4068 4082 4083
18874 4 2 1 1 4082 4292 4293 4307
18875 4 2 1 1 4083 4082 4293 4307
18876 4 2 1 1 4083 4293 4308 4307
18877 4 2 1 1 4293 4068 4083 4069
18878 4 2 1 1 4083 4293 4069 4294
18879 4 2 1 1 4294 4069 4083 4084
18880 4 2 1 1 4083 4293 4294 4308
18881 4 2 1 1 4084 4083 4294 4308
18882 4 2 1 1 4084 4294 4309 4308
18883 4 2 1 1 4294 4069 4084 4070
18884 4 2 1 1 4084 4294 4070 4295
18885 4 2 1 1 4295 4070 4084 4085
18886 4 2 1 1 4084 4294 4295 4309
18887 4 2 1 1 4085 4084 4295 4309
18888 4 2 1 1 4085 4295 4310 4309
18889 4 2 1 1 4295 4070 4085 4071
18890 4 2 1 1 4085 4295 4071 4296
18891 4 2 1 1 4296 4071 4085 4086
18892 4 2 1 1 4085 4295 4296 4310
18893 4 2 1 1 4086 4085 4296 4310
18894 4 2 1 1 4086 4296 4311 4310
18895 4 2 1 1 4296 4071 4086 4072
18896 4 2 1 1 4086 4296 4072 4297
18897 4 2 1 1 4297 4072 4086 4087
18898 4 2 1 1 4086 4296 4297 4311
18899 4 2 1 1 4087 4086 4297 4311
18900 4 2 1 1 4087 4297 4312 4311
18901 4 2 1 1 4297 4072 4087 4073
18902 4 2 1 1 4087 4297 4073 4298
18903 4 2 1 1 4298 4073 4087 4088
18904 4 2 1 1 4087 4297 4298 4312
18905 4 2 1 1 4088 4087 4298 4312
18906 4 2 1 1 4088 4298 4313 4312
18907 4 2 1 1 4298 4073 4088 582
18908 4 2 1 1 4088 4298 582 597
18909 4 2 1 1 597 582 4088 583
18910 4 2 1 1 4088 4298 597 4313
18911 4 2 1 1 583 4088 597 4313
18912 4 2 1 1 583 597 598 4313
18913 4 2 1 1 373 358 359 4074
18914 4 2 1 1 359 373 4074 4299
18915 4 2 1 1 4299 4074 359 4089
18916 4 2 1 1 359 373 4299 374
18917 4 2 1 1 4089 359 4299 374
18918 4 2 1 1 4089 4299 4314 374
18919 4 2 1 1 4299 4074 4089 4075
18920 4 2 1 1 4089 4299 4075 4300
18921 4 2 1 1 4300 4075 4089 4090
18922 4 2 1 1 4089 4299 4300 4314
18923 4 2 1 1 4090 4089 4300 4314
18924 4 2 1 1 4090 4300 4315 4314
18925 4 2 1 1 4300 4075 4090 4076
18926 4 2 1 1 4090 4300 4076 4301
18927 4 2 1 1 4301 4076 4090 4091
18928 4 2 1 1 4090 4300 4301 4315
18929 4 2 1 1 4091 4090 4301 4315
18930 4 2 1 1 4091 4301 4316 4315
18931 4 2 1 1 4301 4076 4091 4077
18932 4 2 1 1 4091 4301 4077 4302
18933 4 2 1 1 4302 4077 4091 4092
18934 4 2 1 1 4091 4301 4302 4316
18935 4 2 1 1 4092 4091 4302 4316
18936 4 2 1 1 4092 4302 4317 4316
18937 4 2 1 1 4302 4077 4092 4078
18938 4 2 1 1 4092 4302 4078 4303
18939 4 2 1 1 4303 4078 4092 4093
18940 4 2 1 1 4092 4302 4303 4317
18941 4 2 1 1 4093 4092 4303 4317
18942 4 2 1 1 4093 4303 4318 4317
18943 4 2 1 1 4303 4078 4093 4079
18944 4 2 1 1 4093 4303 4079 4304
18945 4 2 1 1 4304 4079 4093 4094
18946 4 2 1 1 4093 4303 4304 4318
18947 4 2 1 1 4094 4093 4304 4318
18948 4 2 1 1 4094 4304 4319 4318
18949 4 2 1 1 4304 4079 4094 4080
18950 4 2 1 1 4094 4304 4080 4305
18951 4 2 1 1 4305 4080 4094 4095
18952 4 2 1 1 4094 4304 4305 4319
18953 4 2 1 1 4095 4094 4305 4319
18954 4 2 1 1 4095 4305 4320 4319
18955 4 2 1 1 4305 4080 4095 4081
18956 4 2 1 1 4095 4305 4081 4306
18957 4 2 1 1 4306 4081 4095 4096
18958 4 2 1 1 4095 4305 4306 4320
18959 4 2 1 1 4096 4095 4306 4320
18960 4 2 1 1 4096 4306 4321 4320
18961 4 2 1 1 4306 4081 4096 4082
18962 4 2 1 1 4096 4306 4082 4307
18963 4 2 1 1 4307 4082 4096 4097
18964 4 2 1 1 4096 4306 4307 4321
18965 4 2 1 1 4097 4096 4307 4321
18966 4 2 1 1 4097 4307 4322 4321
18967 4 2 1 1 4307 4082 4097 4083
18968 4 2 1 1 4097 4307 4083 4308
18969 4 2 1 1 4308 4083 4097 4098
18970 4 2 1 1 4097 4307 4308 4322
18971 4 2 1 1 4098 4097 4308 4322
18972 4 2 1 1 4098 4308 4323 4322
18973 4 2 1 1 4308 4083 4098 4084
18974 4 2 1 1 4098 4308 4084 4309
18975 4 2 1 1 4309 4084 4098 4099
18976 4 2 1 1 4098 4308 4309 4323
18977 4 2 1 1 4099 4098 4309 4323
18978 4 2 1 1 4099 4309 4324 4323
18979 4 2 1 1 4309 4084 4099 4085
18980 4 2 1 1 4099 4309 4085 4310
18981 4 2 1 1 4310 4085 4099 4100
18982 4 2 1 1 4099 4309 4310 4324
18983 4 2 1 1 4100 4099 4310 4324
18984 4 2 1 1 4100 4310 4325 4324
18985 4 2 1 1 4310 4085 4100 4086
18986 4 2 1 1 4100 4310 4086 4311
18987 4 2 1 1 4311 4086 4100 4101
18988 4 2 1 1 4100 4310 4311 4325
18989 4 2 1 1 4101 4100 4311 4325
18990 4 2 1 1 4101 4311 4326 4325
18991 4 2 1 1 4311 4086 4101 4087
18992 4 2 1 1 4101 4311 4087 4312
18993 4 2 1 1 4312 4087 4101 4102
18994 4 2 1 1 4101 4311 4312 4326
18995 4 2 1 1 4102 4101 4312 4326
18996 4 2 1 1 4102 4312 4327 4326
18997 4 2 1 1 4312 4087 4102 4088
18998 4 2 1 1 4102 4312 4088 4313
18999 4 2 1 1 4313 4088 4102 4103
19000 4 2 1 1 4102 4312 4313 4327
19001 4 2 1 1 4103 4102 4313 4327
19002 4 2 1 1 4103 4313 4328 4327
19003 4 2 1 1 4313 4088 4103 583
19004 4 2 1 1 4103 4313 583 598
19005 4 2 1 1 598 583 4103 584
19006 4 2 1 1 4103 4313 598 4328
19007 4 2 1 1 584 4103 598 4328
19008 4 2 1 1 584 598 599 4328
19009 4 2 1 1 374 359 360 4089
19010 4 2 1 1 360 374 4089 4314
19011 4 2 1 1 4314 4089 360 4104
19012 4 2 1 1 360 374 4314 375
19013 4 2 1 1 4104 360 4314 375
19014 4 2 1 1 4104 4314 4329 375
19015 4 2 1 1 4314 4089 4104 4090
19016 4 2 1 1 4104 4314 4090 4315
19017 4 2 1 1 4315 4090 4104 4105
19018 4 2 1 1 4104 4314 4315 4329
19019 4 2 1 1 4105 4104 4315 4329
19020 4 2 1 1 4105 4315 4330 4329
19021 4 2 1 1 4315 4090 4105 4091
19022 4 2 1 1 4105 4315 4091 4316
19023 4 2 1 1 4316 4091 4105 4106
19024 4 2 1 1 4105 4315 4316 4330
19025 4 2 1 1 4106 4105 4316 4330
19026 4 2 1 1 4106 4316 4331 4330
19027 4 2 1 1 4316 4091 4106 4092
19028 4 2 1 1 4106 4316 4092 4317
19029 4 2 1 1 4317 4092 4106 4107
19030 4 2 1 1 4106 4316 4317 4331
19031 4 2 1 1 4107 4106 4317 4331
19032 4 2 1 1 4107 4317 4332 4331
19033 4 2 1 1 4317 4092 4107 4093
19034 4 2 1 1 4107 4317 4093 4318
19035 4 2 1 1 4318 4093 4107 4108
19036 4 2 1 1 4107 4317 4318 4332
19037 4 2 1 1 4108 4107 4318 4332
19038 4 2 1 1 4108 4318 4333 4332
19039 4 2 1 1 4318 4093 4108 4094
19040 4 2 1 1 4108 4318 4094 4319
19041 4 2 1 1 4319 4094 4108 4109
19042 4 2 1 1 4108 4318 4319 4333
19043 4 2 1 1 4109 4108 4319 4333
19044 4 2 1 1 4109 4319 4334 4333
19045 4 2 1 1 4319 4094 4109 4095
19046 4 2 1 1 4109 4319 4095 4320
19047 4 2 1 1 4320 4095 4109 4110
19048 4 2 1 1 4109 4319 4320 4334
19049 4 2 1 1 4110 4109 4320 4334
19050 4 2 1 1 4110 4320 4335 4334
19051 4 2 1 1 4320 4095 4110 4096
19052 4 2 1 1 4110 4320 4096 4321
19053 4 2 1 1 4321 4096 4110 4111
19054 4 2 1 1 4110 4320 4321 4335
19055 4 2 1 1 4111 4110 4321 4335
19056 4 2 1 1 4111 4321 4336 4335
19057 4 2 1 1 4321 4096 4111 4097
19058 4 2 1 1 4111 4321 4097 4322
19059 4 2 1 1 4322 4097 4111 4112
19060 4 2 1 1 4111 4321 4322 4336
19061 4 2 1 1 4112 4111 4322 4336
19062 4 2 1 1 4112 4322 4337 4336
19063 4 2 1 1 4322 4097 4112 4098
19064 4 2 1 1 4112 4322 4098 4323
19065 4 2 1 1 4323 4098 4112 4113
19066 4 2 1 1 4112 4322 4323 4337
19067 4 2 1 1 4113 4112 4323 4337
19068 4 2 1 1 4113 4323 4338 4337
19069 4 2 1 1 4323 4098 4113 4099
19070 4 2 1 1 4113 4323 4099 4324
19071 4 2 1 1 4324 4099 4113 4114
19072 4 2 1 1 4113 4323 4324 4338
19073 4 2 1 1 4114 4113 4324 4338
19074 4 2 1 1 4114 4324 4339 4338
19075 4 2 1 1 4324 4099 4114 4100
19076 4 2 1 1 4114 4324 4100 4325
19077 4 2 1 1 4325 4100 4114 4115
19078 4 2 1 1 4114 4324 4325 4339
19079 4 2 1 1 4115 4114 4325 4339
19080 4 2 1 1 4115 4325 4340 4339
19081 4 2 1 1 4325 4100 4115 4101
19082 4 2 1 1 4115 4325 4101 4326
19083 4 2 1 1 4326 4101 4115 4116
19084 4 2 1 1 4115 4325 4326 4340
19085 4 2 1 1 4116 4115 4326 4340
19086 4 2 1 1 4116 4326 4341 4340
19087 4 2 1 1 4326 4101 4116 4102
19088 4 2 1 1 4116 4326 4102 4327
19089 4 2 1 1 4327 4102 4116 4117
19090 4 2 1 1 4116 4326 4327 4341
19091 4 2 1 1 4117 4116 4327 4341
19092 4 2 1 1 4117 4327 4342 4341
19093 4 2 1 1 4327 4102 4117 4103
19094 4 2 1 1 4117 4327 4103 4328
19095 4 2 1 1 4328 4103 4117 4118
19096 4 2 1 1 4117 4327 4328 4342
19097 4 2 1 1 4118 4117 4328 4342
19098 4 2 1 1 4118 4328 4343 4342
19099 4 2 1 1 4328 4103 4118 584
19100 4 2 1 1 4118 4328 584 599
19101 4 2 1 1 599 584 4118 585
19102 4 2 1 1 4118 4328 599 4343
19103 4 2 1 1 585 4118 599 4343
19104 4 2 1 1 585 599 600 4343
19105 4 2 1 1 375 360 361 4104
19106 4 2 1 1 361 375 4104 4329
19107 4 2 1 1 4329 4104 361 4119
19108 4 2 1 1 361 375 4329 376
19109 4 2 1 1 4119 361 4329 376
19110 4 2 1 1 4119 4329 4344 376
19111 4 2 1 1 4329 4104 4119 4105
19112 4 2 1 1 4119 4329 4105 4330
19113 4 2 1 1 4330 4105 4119 4120
19114 4 2 1 1 4119 4329 4330 4344
19115 4 2 1 1 4120 4119 4330 4344
19116 4 2 1 1 4120 4330 4345 4344
19117 4 2 1 1 4330 4105 4120 4106
19118 4 2 1 1 4120 4330 4106 4331
19119 4 2 1 1 4331 4106 4120 4121
19120 4 2 1 1 4120 4330 4331 4345
19121 4 2 1 1 4121 4120 4331 4345
19122 4 2 1 1 4121 4331 4346 4345
19123 4 2 1 1 4331 4106 4121 4107
19124 4 2 1 1 4121 4331 4107 4332
19125 4 2 1 1 4332 4107 4121 4122
19126 4 2 1 1 4121 4331 4332 4346
19127 4 2 1 1 4122 4121 4332 4346
19128 4 2 1 1 4122 4332 4347 4346
19129 4 2 1 1 4332 4107 4122 4108
19130 4 2 1 1 4122 4332 4108 4333
19131 4 2 1 1 4333 4108 4122 4123
19132 4 2 1 1 4122 4332 4333 4347
19133 4 2 1 1 4123 4122 4333 4347
19134 4 2 1 1 4123 4333 4348 4347
19135 4 2 1 1 4333 4108 4123 4109
19136 4 2 1 1 4123 4333 4109 4334
19137 4 2 1 1 4334 4109 4123 4124
19138 4 2 1 1 4123 4333 4334 4348
19139 4 2 1 1 4124 4123 4334 4348
19140 4 2 1 1 4124 4334 4349 4348
19141 4 2 1 1 4334 4109 4124 4110
19142 4 2 1 1 4124 4334 4110 4335
19143 4 2 1 1 4335 4110 4124 4125
19144 4 2 1 1 4124 4334 4335 4349
19145 4 2 1 1 4125 4124 4335 4349
19146 4 2 1 1 4125 4335 4350 4349
19147 4 2 1 1 4335 4110 4125 4111
19148 4 2 1 1 4125 4335 4111 4336
19149 4 2 1 1 4336 4111 4125 4126
19150 4 2 1 1 4125 4335 4336 4350
19151 4 2 1 1 4126 4125 4336 4350
19152 4 2 1 1 4126 4336 4351 4350
19153 4 2 1 1 4336 4111 4126 4112
19154 4 2 1 1 4126 4336 4112 4337
19155 4 2 1 1 4337 4112 4126 4127
19156 4 2 1 1 4126 4336 4337 4351
19157 4 2 1 1 4127 4126 4337 4351
19158 4 2 1 1 4127 4337 4352 4351
19159 4 2 1 1 4337 4112 4127 4113
19160 4 2 1 1 4127 4337 4113 4338
19161 4 2 1 1 4338 4113 4127 4128
19162 4 2 1 1 4127 4337 4338 4352
19163 4 2 1 1 4128 4127 4338 4352
19164 4 2 1 1 4128 4338 4353 4352
19165 4 2 1 1 4338 4113 4128 4114
19166 4 2 1 1 4128 4338 4114 4339
19167 4 2 1 1 4339 4114 4128 4129
19168 4 2 1 1 4128 4338 4339 4353
19169 4 2 1 1 4129 4128 4339 4353
19170 4 2 1 1 4129 4339 4354 4353
19171 4 2 1 1 4339 4114 4129 4115
19172 4 2 1 1 4129 4339 4115 4340
19173 4 2 1 1 4340 4115 4129 4130
19174 4 2 1 1 4129 4339 4340 4354
19175 4 2 1 1 4130 4129 4340 4354
19176 4 2 1 1 4130 4340 4355 4354
19177 4 2 1 1 4340 4115 4130 4116
19178 4 2 1 1 4130 4340 4116 4341
19179 4 2 1 1 4341 4116 4130 4131
19180 4 2 1 1 4130 4340 4341 4355
19181 4 2 1 1 4131 4130 4341 4355
19182 4 2 1 1 4131 4341 4356 4355
19183 4 2 1 1 4341 4116 4131 4117
19184 4 2 1 1 4131 4341 4117 4342
19185 4 2 1 1 4342 4117 4131 4132
19186 4 2 1 1 4131 4341 4342 4356
19187 4 2 1 1 4132 4131 4342 4356
19188 4 2 1 1 4132 4342 4357 4356
19189 4 2 1 1 4342 4117 4132 4118
19190 4 2 1 1 4132 4342 4118 4343
19191 4 2 1 1 4343 4118 4132 4133
19192 4 2 1 1 4132 4342 4343 4357
19193 4 2 1 1 4133 4132 4343 4357
19194 4 2 1 1 4133 4343 4358 4357
19195 4 2 1 1 4343 4118 4133 585
19196 4 2 1 1 4133 4343 585 600
19197 4 2 1 1 600 585 4133 586
19198 4 2 1 1 4133 4343 600 4358
19199 4 2 1 1 586 4133 600 4358
19200 4 2 1 1 586 600 601 4358
19201 4 2 1 1 376 361 362 4119
19202 4 2 1 1 362 376 4119 4344
19203 4 2 1 1 4344 4119 362 4134
19204 4 2 1 1 362 376 4344 377
19205 4 2 1 1 4134 362 4344 377
19206 4 2 1 1 4134 4344 4359 377
19207 4 2 1 1 4344 4119 4134 4120
19208 4 2 1 1 4134 4344 4120 4345
19209 4 2 1 1 4345 4120 4134 4135
19210 4 2 1 1 4134 4344 4345 4359
19211 4 2 1 1 4135 4134 4345 4359
19212 4 2 1 1 4135 4345 4360 4359
19213 4 2 1 1 4345 4120 4135 4121
19214 4 2 1 1 4135 4345 4121 4346
19215 4 2 1 1 4346 4121 4135 4136
19216 4 2 1 1 4135 4345 4346 4360
19217 4 2 1 1 4136 4135 4346 4360
19218 4 2 1 1 4136 4346 4361 4360
19219 4 2 1 1 4346 4121 4136 4122
19220 4 2 1 1 4136 4346 4122 4347
19221 4 2 1 1 4347 4122 4136 4137
19222 4 2 1 1 4136 4346 4347 4361
19223 4 2 1 1 4137 4136 4347 4361
19224 4 2 1 1 4137 4347 4362 4361
19225 4 2 1 1 4347 4122 4137 4123
19226 4 2 1 1 4137 4347 4123 4348
19227 4 2 1 1 4348 4123 4137 4138
19228 4 2 1 1 4137 4347 4348 4362
19229 4 2 1 1 4138 4137 4348 4362
19230 4 2 1 1 4138 4348 4363 4362
19231 4 2 1 1 4348 4123 4138 4124
19232 4 2 1 1 4138 4348 4124 4349
19233 4 2 1 1 4349 4124 4138 4139
19234 4 2 1 1 4138 4348 4349 4363
19235 4 2 1 1 4139 4138 4349 4363
19236 4 2 1 1 4139 4349 4364 4363
19237 4 2 1 1 4349 4124 4139 4125
19238 4 2 1 1 4139 4349 4125 4350
19239 4 2 1 1 4350 4125 4139 4140
19240 4 2 1 1 4139 4349 4350 4364
19241 4 2 1 1 4140 4139 4350 4364
19242 4 2 1 1 4140 4350 4365 4364
19243 4 2 1 1 4350 4125 4140 4126
19244 4 2 1 1 4140 4350 4126 4351
19245 4 2 1 1 4351 4126 4140 4141
19246 4 2 1 1 4140 4350 4351 4365
19247 4 2 1 1 4141 4140 4351 4365
19248 4 2 1 1 4141 4351 4366 4365
19249 4 2 1 1 4351 4126 4141 4127
19250 4 2 1 1 4141 4351 4127 4352
19251 4 2 1 1 4352 4127 4141 4142
19252 4 2 1 1 4141 4351 4352 4366
19253 4 2 1 1 4142 4141 4352 4366
19254 4 2 1 1 4142 4352 4367 4366
19255 4 2 1 1 4352 4127 4142 4128
19256 4 2 1 1 4142 4352 4128 4353
19257 4 2 1 1 4353 4128 4142 4143
19258 4 2 1 1 4142 4352 4353 4367
19259 4 2 1 1 4143 4142 4353 4367
19260 4 2 1 1 4143 4353 4368 4367
19261 4 2 1 1 4353 4128 4143 4129
19262 4 2 1 1 4143 4353 4129 4354
19263 4 2 1 1 4354 4129 4143 4144
19264 4 2 1 1 4143 4353 4354 4368
19265 4 2 1 1 4144 4143 4354 4368
19266 4 2 1 1 4144 4354 4369 4368
19267 4 2 1 1 4354 4129 4144 4130
19268 4 2 1 1 4144 4354 4130 4355
19269 4 2 1 1 4355 4130 4144 4145
19270 4 2 1 1 4144 4354 4355 4369
19271 4 2 1 1 4145 4144 4355 4369
19272 4 2 1 1 4145 4355 4370 4369
19273 4 2 1 1 4355 4130 4145 4131
19274 4 2 1 1 4145 4355 4131 4356
19275 4 2 1 1 4356 4131 4145 4146
19276 4 2 1 1 4145 4355 4356 4370
19277 4 2 1 1 4146 4145 4356 4370
19278 4 2 1 1 4146 4356 4371 4370
19279 4 2 1 1 4356 4131 4146 4132
19280 4 2 1 1 4146 4356 4132 4357
19281 4 2 1 1 4357 4132 4146 4147
19282 4 2 1 1 4146 4356 4357 4371
19283 4 2 1 1 4147 4146 4357 4371
19284 4 2 1 1 4147 4357 4372 4371
19285 4 2 1 1 4357 4132 4147 4133
19286 4 2 1 1 4147 4357 4133 4358
19287 4 2 1 1 4358 4133 4147 4148
19288 4 2 1 1 4147 4357 4358 4372
19289 4 2 1 1 4148 4147 4358 4372
19290 4 2 1 1 4148 4358 4373 4372
19291 4 2 1 1 4358 4133 4148 586
19292 4 2 1 1 4148 4358 586 601
19293 4 2 1 1 601 586 4148 587
19294 4 2 1 1 4148 4358 601 4373
19295 4 2 1 1 587 4148 601 4373
19296 4 2 1 1 587 601 602 4373
19297 4 2 1 1 377 362 363 4134
19298 4 2 1 1 363 377 4134 4359
19299 4 2 1 1 4359 4134 363 4149
19300 4 2 1 1 363 377 4359 378
19301 4 2 1 1 4149 363 4359 378
19302 4 2 1 1 4149 4359 4374 378
19303 4 2 1 1 4359 4134 4149 4135
19304 4 2 1 1 4149 4359 4135 4360
19305 4 2 1 1 4360 4135 4149 4150
19306 4 2 1 1 4149 4359 4360 4374
19307 4 2 1 1 4150 4149 4360 4374
19308 4 2 1 1 4150 4360 4375 4374
19309 4 2 1 1 4360 4135 4150 4136
19310 4 2 1 1 4150 4360 4136 4361
19311 4 2 1 1 4361 4136 4150 4151
19312 4 2 1 1 4150 4360 4361 4375
19313 4 2 1 1 4151 4150 4361 4375
19314 4 2 1 1 4151 4361 4376 4375
19315 4 2 1 1 4361 4136 4151 4137
19316 4 2 1 1 4151 4361 4137 4362
19317 4 2 1 1 4362 4137 4151 4152
19318 4 2 1 1 4151 4361 4362 4376
19319 4 2 1 1 4152 4151 4362 4376
19320 4 2 1 1 4152 4362 4377 4376
19321 4 2 1 1 4362 4137 4152 4138
19322 4 2 1 1 4152 4362 4138 4363
19323 4 2 1 1 4363 4138 4152 4153
19324 4 2 1 1 4152 4362 4363 4377
19325 4 2 1 1 4153 4152 4363 4377
19326 4 2 1 1 4153 4363 4378 4377
19327 4 2 1 1 4363 4138 4153 4139
19328 4 2 1 1 4153 4363 4139 4364
19329 4 2 1 1 4364 4139 4153 4154
19330 4 2 1 1 4153 4363 4364 4378
19331 4 2 1 1 4154 4153 4364 4378
19332 4 2 1 1 4154 4364 4379 4378
19333 4 2 1 1 4364 4139 4154 4140
19334 4 2 1 1 4154 4364 4140 4365
19335 4 2 1 1 4365 4140 4154 4155
19336 4 2 1 1 4154 4364 4365 4379
19337 4 2 1 1 4155 4154 4365 4379
19338 4 2 1 1 4155 4365 4380 4379
19339 4 2 1 1 4365 4140 4155 4141
19340 4 2 1 1 4155 4365 4141 4366
19341 4 2 1 1 4366 4141 4155 4156
19342 4 2 1 1 4155 4365 4366 4380
19343 4 2 1 1 4156 4155 4366 4380
19344 4 2 1 1 4156 4366 4381 4380
19345 4 2 1 1 4366 4141 4156 4142
19346 4 2 1 1 4156 4366 4142 4367
19347 4 2 1 1 4367 4142 4156 4157
19348 4 2 1 1 4156 4366 4367 4381
19349 4 2 1 1 4157 4156 4367 4381
19350 4 2 1 1 4157 4367 4382 4381
19351 4 2 1 1 4367 4142 4157 4143
19352 4 2 1 1 4157 4367 4143 4368
19353 4 2 1 1 4368 4143 4157 4158
19354 4 2 1 1 4157 4367 4368 4382
19355 4 2 1 1 4158 4157 4368 4382
19356 4 2 1 1 4158 4368 4383 4382
19357 4 2 1 1 4368 4143 4158 4144
19358 4 2 1 1 4158 4368 4144 4369
19359 4 2 1 1 4369 4144 4158 4159
19360 4 2 1 1 4158 4368 4369 4383
19361 4 2 1 1 4159 4158 4369 4383
19362 4 2 1 1 4159 4369 4384 4383
19363 4 2 1 1 4369 4144 4159 4145
19364 4 2 1 1 4159 4369 4145 4370
19365 4 2 1 1 4370 4145 4159 4160
19366 4 2 1 1 4159 4369 4370 4384
19367 4 2 1 1 4160 4159 4370 4384
19368 4 2 1 1 4160 4370 4385 4384
19369 4 2 1 1 4370 4145 4160 4146
19370 4 2 1 1 4160 4370 4146 4371
19371 4 2 1 1 4371 4146 4160 4161
19372 4 2 1 1 4160 4370 4371 4385
19373 4 2 1 1 4161 4160 4371 4385
19374 4 2 1 1 4161 4371 4386 4385
19375 4 2 1 1 4371 4146 4161 4147
19376 4 2 1 1 4161 4371 4147 4372
19377 4 2 1 1 4372 4147 4161 4162
19378 4 2 1 1 4161 4371 4372 4386
19379 4 2 1 1 4162 4161 4372 4386
19380 4 2 1 1 4162 4372 4387 4386
19381 4 2 1 1 4372 4147 4162 4148
19382 4 2 1 1 4162 4372 4148 4373
19383 4 2 1 1 4373 4148 4162 4163
19384 4 2 1 1 4162 4372 4373 4387
19385 4 2 1 1 4163 4162 4373 4387
19386 4 2 1 1 4163 4373 4388 4387
19387 4 2 1 1 4373 4148 4163 587
19388 4 2 1 1 4163 4373 587 602
19389 4 2 1 1 602 587 4163 588
19390 4 2 1 1 4163 4373 602 4388
19391 4 2 1 1 588 4163 602 4388
19392 4 2 1 1 588 602 603 4388
19393 4 2 1 1 378 363 364 4149
19394 4 2 1 1 364 378 4149 4374
19395 4 2 1 1 4374 4149 364 4164
19396 4 2 1 1 364 378 4374 379
19397 4 2 1 1 4164 364 4374 379
19398 4 2 1 1 4164 4374 4389 379
19399 4 2 1 1 4374 4149 4164 4150
19400 4 2 1 1 4164 4374 4150 4375
19401 4 2 1 1 4375 4150 4164 4165
19402 4 2 1 1 4164 4374 4375 4389
19403 4 2 1 1 4165 4164 4375 4389
19404 4 2 1 1 4165 4375 4390 4389
19405 4 2 1 1 4375 4150 4165 4151
19406 4 2 1 1 4165 4375 4151 4376
19407 4 2 1 1 4376 4151 4165 4166
19408 4 2 1 1 4165 4375 4376 4390
19409 4 2 1 1 4166 4165 4376 4390
19410 4 2 1 1 4166 4376 4391 4390
19411 4 2 1 1 4376 4151 4166 4152
19412 4 2 1 1 4166 4376 4152 4377
19413 4 2 1 1 4377 4152 4166 4167
19414 4 2 1 1 4166 4376 4377 4391
19415 4 2 1 1 4167 4166 4377 4391
19416 4 2 1 1 4167 4377 4392 4391
19417 4 2 1 1 4377 4152 4167 4153
19418 4 2 1 1 4167 4377 4153 4378
19419 4 2 1 1 4378 4153 4167 4168
19420 4 2 1 1 4167 4377 4378 4392
19421 4 2 1 1 4168 4167 4378 4392
19422 4 2 1 1 4168 4378 4393 4392
19423 4 2 1 1 4378 4153 4168 4154
19424 4 2 1 1 4168 4378 4154 4379
19425 4 2 1 1 4379 4154 4168 4169
19426 4 2 1 1 4168 4378 4379 4393
19427 4 2 1 1 4169 4168 4379 4393
19428 4 2 1 1 4169 4379 4394 4393
19429 4 2 1 1 4379 4154 4169 4155
19430 4 2 1 1 4169 4379 4155 4380
19431 4 2 1 1 4380 4155 4169 4170
19432 4 2 1 1 4169 4379 4380 4394
19433 4 2 1 1 4170 4169 4380 4394
19434 4 2 1 1 4170 4380 4395 4394
19435 4 2 1 1 4380 4155 4170 4156
19436 4 2 1 1 4170 4380 4156 4381
19437 4 2 1 1 4381 4156 4170 4171
19438 4 2 1 1 4170 4380 4381 4395
19439 4 2 1 1 4171 4170 4381 4395
19440 4 2 1 1 4171 4381 4396 4395
19441 4 2 1 1 4381 4156 4171 4157
19442 4 2 1 1 4171 4381 4157 4382
19443 4 2 1 1 4382 4157 4171 4172
19444 4 2 1 1 4171 4381 4382 4396
19445 4 2 1 1 4172 4171 4382 4396
19446 4 2 1 1 4172 4382 4397 4396
19447 4 2 1 1 4382 4157 4172 4158
19448 4 2 1 1 4172 4382 4158 4383
19449 4 2 1 1 4383 4158 4172 4173
19450 4 2 1 1 4172 4382 4383 4397
19451 4 2 1 1 4173 4172 4383 4397
19452 4 2 1 1 4173 4383 4398 4397
19453 4 2 1 1 4383 4158 4173 4159
19454 4 2 1 1 4173 4383 4159 4384
19455 4 2 1 1 4384 4159 4173 4174
19456 4 2 1 1 4173 4383 4384 4398
19457 4 2 1 1 4174 4173 4384 4398
19458 4 2 1 1 4174 4384 4399 4398
19459 4 2 1 1 4384 4159 4174 4160
19460 4 2 1 1 4174 4384 4160 4385
19461 4 2 1 1 4385 4160 4174 4175
19462 4 2 1 1 4174 4384 4385 4399
19463 4 2 1 1 4175 4174 4385 4399
19464 4 2 1 1 4175 4385 4400 4399
19465 4 2 1 1 4385 4160 4175 4161
19466 4 2 1 1 4175 4385 4161 4386
19467 4 2 1 1 4386 4161 4175 4176
19468 4 2 1 1 4175 4385 4386 4400
19469 4 2 1 1 4176 4175 4386 4400
19470 4 2 1 1 4176 4386 4401 4400
19471 4 2 1 1 4386 4161 4176 4162
19472 4 2 1 1 4176 4386 4162 4387
19473 4 2 1 1 4387 4162 4176 4177
19474 4 2 1 1 4176 4386 4387 4401
19475 4 2 1 1 4177 4176 4387 4401
19476 4 2 1 1 4177 4387 4402 4401
19477 4 2 1 1 4387 4162 4177 4163
19478 4 2 1 1 4177 4387 4163 4388
19479 4 2 1 1 4388 4163 4177 4178
19480 4 2 1 1 4177 4387 4388 4402
19481 4 2 1 1 4178 4177 4388 4402
19482 4 2 1 1 4178 4388 4403 4402
19483 4 2 1 1 4388 4163 4178 588
19484 4 2 1 1 4178 4388 588 603
19485 4 2 1 1 603 588 4178 589
19486 4 2 1 1 4178 4388 603 4403
19487 4 2 1 1 589 4178 603 4403
19488 4 2 1 1 589 603 604 4403
19489 4 2 1 1 379 364 365 4164
19490 4 2 1 1 365 379 4164 4389
19491 4 2 1 1 4389 4164 365 4179
19492 4 2 1 1 365 379 4389 380
19493 4 2 1 1 4179 365 4389 380
19494 4 2 1 1 4179 4389 4404 380
19495 4 2 1 1 4389 4164 4179 4165
19496 4 2 1 1 4179 4389 4165 4390
19497 4 2 1 1 4390 4165 4179 4180
19498 4 2 1 1 4179 4389 4390 4404
19499 4 2 1 1 4180 4179 4390 4404
19500 4 2 1 1 4180 4390 4405 4404
19501 4 2 1 1 4390 4165 4180 4166
19502 4 2 1 1 4180 4390 4166 4391
19503 4 2 1 1 4391 4166 4180 4181
19504 4 2 1 1 4180 4390 4391 4405
19505 4 2 1 1 4181 4180 4391 4405
19506 4 2 1 1 4181 4391 4406 4405
19507 4 2 1 1 4391 4166 4181 4167
19508 4 2 1 1 4181 4391 4167 4392
19509 4 2 1 1 4392 4167 4181 4182
19510 4 2 1 1 4181 4391 4392 4406
19511 4 2 1 1 4182 4181 4392 4406
19512 4 2 1 1 4182 4392 4407 4406
19513 4 2 1 1 4392 4167 4182 4168
19514 4 2 1 1 4182 4392 4168 4393
19515 4 2 1 1 4393 4168 4182 4183
19516 4 2 1 1 4182 4392 4393 4407
19517 4 2 1 1 4183 4182 4393 4407
19518 4 2 1 1 4183 4393 4408 4407
19519 4 2 1 1 4393 4168 4183 4169
19520 4 2 1 1 4183 4393 4169 4394
19521 4 2 1 1 4394 4169 4183 4184
19522 4 2 1 1 4183 4393 4394 4408
19523 4 2 1 1 4184 4183 4394 4408
19524 4 2 1 1 4184 4394 4409 4408
19525 4 2 1 1 4394 4169 4184 4170
19526 4 2 1 1 4184 4394 4170 4395
19527 4 2 1 1 4395 4170 4184 4185
19528 4 2 1 1 4184 4394 4395 4409
19529 4 2 1 1 4185 4184 4395 4409
19530 4 2 1 1 4185 4395 4410 4409
19531 4 2 1 1 4395 4170 4185 4171
19532 4 2 1 1 4185 4395 4171 4396
19533 4 2 1 1 4396 4171 4185 4186
19534 4 2 1 1 4185 4395 4396 4410
19535 4 2 1 1 4186 4185 4396 4410
19536 4 2 1 1 4186 4396 4411 4410
19537 4 2 1 1 4396 4171 4186 4172
19538 4 2 1 1 4186 4396 4172 4397
19539 4 2 1 1 4397 4172 4186 4187
19540 4 2 1 1 4186 4396 4397 4411
19541 4 2 1 1 4187 4186 4397 4411
19542 4 2 1 1 4187 4397 4412 4411
19543 4 2 1 1 4397 4172 4187 4173
19544 4 2 1 1 4187 4397 4173 4398
19545 4 2 1 1 4398 4173 4187 4188
19546 4 2 1 1 4187 4397 4398 4412
19547 4 2 1 1 4188 4187 4398 4412
19548 4 2 1 1 4188 4398 4413 4412
19549 4 2 1 1 4398 4173 4188 4174
19550 4 2 1 1 4188 4398 4174 4399
19551 4 2 1 1 4399 4174 4188 4189
19552 4 2 1 1 4188 4398 4399 4413
19553 4 2 1 1 4189 4188 4399 4413
19554 4 2 1 1 4189 4399 4414 4413
19555 4 2 1 1 4399 4174 4189 4175
19556 4 2 1 1 4189 4399 4175 4400
19557 4 2 1 1 4400 4175 4189 4190
19558 4 2 1 1 4189 4399 4400 4414
19559 4 2 1 1 4190 4189 4400 4414
19560 4 2 1 1 4190 4400 4415 4414
19561 4 2 1 1 4400 4175 4190 4176
19562 4 2 1 1 4190 4400 4176 4401
19563 4 2 1 1 4401 4176 4190 4191
19564 4 2 1 1 4190 4400 4401 4415
19565 4 2 1 1 4191 4190 4401 4415
19566 4 2 1 1 4191 4401 4416 4415
19567 4 2 1 1 4401 4176 4191 4177
19568 4 2 1 1 4191 4401 4177 4402
19569 4 2 1 1 4402 4177 4191 4192
19570 4 2 1 1 4191 4401 4402 4416
19571 4 2 1 1 4192 4191 4402 4416
19572 4 2 1 1 4192 4402 4417 4416
19573 4 2 1 1 4402 4177 4192 4178
19574 4 2 1 1 4192 4402 4178 4403
19575 4 2 1 1 4403 4178 4192 4193
19576 4 2 1 1 4192 4402 4403 4417
19577 4 2 1 1 4193 4192 4403 4417
19578 4 2 1 1 4193 4403 4418 4417
19579 4 2 1 1 4403 4178 4193 589
19580 4 2 1 1 4193 4403 589 604
19581 4 2 1 1 604 589 4193 590
19582 4 2 1 1 4193 4403 604 4418
19583 4 2 1 1 590 4193 604 4418
19584 4 2 1 1 590 604 605 4418
19585 4 2 1 1 380 365 366 4179
19586 4 2 1 1 366 380 4179 4404
19587 4 2 1 1 4404 4179 366 4194
19588 4 2 1 1 366 380 4404 381
19589 4 2 1 1 4194 366 4404 381
19590 4 2 1 1 4194 4404 4419 381
19591 4 2 1 1 4404 4179 4194 4180
19592 4 2 1 1 4194 4404 4180 4405
19593 4 2 1 1 4405 4180 4194 4195
19594 4 2 1 1 4194 4404 4405 4419
19595 4 2 1 1 4195 4194 4405 4419
19596 4 2 1 1 4195 4405 4420 4419
19597 4 2 1 1 4405 4180 4195 4181
19598 4 2 1 1 4195 4405 4181 4406
19599 4 2 1 1 4406 4181 4195 4196
19600 4 2 1 1 4195 4405 4406 4420
19601 4 2 1 1 4196 4195 4406 4420
19602 4 2 1 1 4196 4406 4421 4420
19603 4 2 1 1 4406 4181 4196 4182
19604 4 2 1 1 4196 4406 4182 4407
19605 4 2 1 1 4407 4182 4196 4197
19606 4 2 1 1 4196 4406 4407 4421
19607 4 2 1 1 4197 4196 4407 4421
19608 4 2 1 1 4197 4407 4422 4421
19609 4 2 1 1 4407 4182 4197 4183
19610 4 2 1 1 4197 4407 4183 4408
19611 4 2 1 1 4408 4183 4197 4198
19612 4 2 1 1 4197 4407 4408 4422
19613 4 2 1 1 4198 4197 4408 4422
19614 4 2 1 1 4198 4408 4423 4422
19615 4 2 1 1 4408 4183 4198 4184
19616 4 2 1 1 4198 4408 4184 4409
19617 4 2 1 1 4409 4184 4198 4199
19618 4 2 1 1 4198 4408 4409 4423
19619 4 2 1 1 4199 4198 4409 4423
19620 4 2 1 1 4199 4409 4424 4423
19621 4 2 1 1 4409 4184 4199 4185
19622 4 2 1 1 4199 4409 4185 4410
19623 4 2 1 1 4410 4185 4199 4200
19624 4 2 1 1 4199 4409 4410 4424
19625 4 2 1 1 4200 4199 4410 4424
19626 4 2 1 1 4200 4410 4425 4424
19627 4 2 1 1 4410 4185 4200 4186
19628 4 2 1 1 4200 4410 4186 4411
19629 4 2 1 1 4411 4186 4200 4201
19630 4 2 1 1 4200 4410 4411 4425
19631 4 2 1 1 4201 4200 4411 4425
19632 4 2 1 1 4201 4411 4426 4425
19633 4 2 1 1 4411 4186 4201 4187
19634 4 2 1 1 4201 4411 4187 4412
19635 4 2 1 1 4412 4187 4201 4202
19636 4 2 1 1 4201 4411 4412 4426
19637 4 2 1 1 4202 4201 4412 4426
19638 4 2 1 1 4202 4412 4427 4426
19639 4 2 1 1 4412 4187 4202 4188
19640 4 2 1 1 4202 4412 4188 4413
19641 4 2 1 1 4413 4188 4202 4203
19642 4 2 1 1 4202 4412 4413 4427
19643 4 2 1 1 4203 4202 4413 4427
19644 4 2 1 1 4203 4413 4428 4427
19645 4 2 1 1 4413 4188 4203 4189
19646 4 2 1 1 4203 4413 4189 4414
19647 4 2 1 1 4414 4189 4203 4204
19648 4 2 1 1 4203 4413 4414 4428
19649 4 2 1 1 4204 4203 4414 4428
19650 4 2 1 1 4204 4414 4429 4428
19651 4 2 1 1 4414 4189 4204 4190
19652 4 2 1 1 4204 4414 4190 4415
19653 4 2 1 1 4415 4190 4204 4205
19654 4 2 1 1 4204 4414 4415 4429
19655 4 2 1 1 4205 4204 4415 4429
19656 4 2 1 1 4205 4415 4430 4429
19657 4 2 1 1 4415 4190 4205 4191
19658 4 2 1 1 4205 4415 4191 4416
19659 4 2 1 1 4416 4191 4205 4206
19660 4 2 1 1 4205 4415 4416 4430
19661 4 2 1 1 4206 4205 4416 4430
19662 4 2 1 1 4206 4416 4431 4430
19663 4 2 1 1 4416 4191 4206 4192
19664 4 2 1 1 4206 4416 4192 4417
19665 4 2 1 1 4417 4192 4206 4207
19666 4 2 1 1 4206 4416 4417 4431
19667 4 2 1 1 4207 4206 4417 4431
19668 4 2 1 1 4207 4417 4432 4431
19669 4 2 1 1 4417 4192 4207 4193
19670 4 2 1 1 4207 4417 4193 4418
19671 4 2 1 1 4418 4193 4207 4208
19672 4 2 1 1 4207 4417 4418 4432
19673 4 2 1 1 4208 4207 4418 4432
19674 4 2 1 1 4208 4418 4433 4432
19675 4 2 1 1 4418 4193 4208 590
19676 4 2 1 1 4208 4418 590 605
19677 4 2 1 1 605 590 4208 591
19678 4 2 1 1 4208 4418 605 4433
19679 4 2 1 1 591 4208 605 4433
19680 4 2 1 1 591 605 606 4433
19681 4 2 1 1 381 366 367 4194
19682 4 2 1 1 367 381 4194 4419
19683 4 2 1 1 4419 4194 367 4209
19684 4 2 1 1 367 381 4419 382
19685 4 2 1 1 4209 367 4419 382
19686 4 2 1 1 4209 4419 4434 382
19687 4 2 1 1 4419 4194 4209 4195
19688 4 2 1 1 4209 4419 4195 4420
19689 4 2 1 1 4420 4195 4209 4210
19690 4 2 1 1 4209 4419 4420 4434
19691 4 2 1 1 4210 4209 4420 4434
19692 4 2 1 1 4210 4420 4435 4434
19693 4 2 1 1 4420 4195 4210 4196
19694 4 2 1 1 4210 4420 4196 4421
19695 4 2 1 1 4421 4196 4210 4211
19696 4 2 1 1 4210 4420 4421 4435
19697 4 2 1 1 4211 4210 4421 4435
19698 4 2 1 1 4211 4421 4436 4435
19699 4 2 1 1 4421 4196 4211 4197
19700 4 2 1 1 4211 4421 4197 4422
19701 4 2 1 1 4422 4197 4211 4212
19702 4 2 1 1 4211 4421 4422 4436
19703 4 2 1 1 4212 4211 4422 4436
19704 4 2 1 1 4212 4422 4437 4436
19705 4 2 1 1 4422 4197 4212 4198
19706 4 2 1 1 4212 4422 4198 4423
19707 4 2 1 1 4423 4198 4212 4213
19708 4 2 1 1 4212 4422 4423 4437
19709 4 2 1 1 4213 4212 4423 4437
19710 4 2 1 1 4213 4423 4438 4437
19711 4 2 1 1 4423 4198 4213 4199
19712 4 2 1 1 4213 4423 4199 4424
19713 4 2 1 1 4424 4199 4213 4214
19714 4 2 1 1 4213 4423 4424 4438
19715 4 2 1 1 4214 4213 4424 4438
19716 4 2 1 1 4214 4424 4439 4438
19717 4 2 1 1 4424 4199 4214 4200
19718 4 2 1 1 4214 4424 4200 4425
19719 4 2 1 1 4425 4200 4214 4215
19720 4 2 1 1 4214 4424 4425 4439
19721 4 2 1 1 4215 4214 4425 4439
19722 4 2 1 1 4215 4425 4440 4439
19723 4 2 1 1 4425 4200 4215 4201
19724 4 2 1 1 4215 4425 4201 4426
19725 4 2 1 1 4426 4201 4215 4216
19726 4 2 1 1 4215 4425 4426 4440
19727 4 2 1 1 4216 4215 4426 4440
19728 4 2 1 1 4216 4426 4441 4440
19729 4 2 1 1 4426 4201 4216 4202
19730 4 2 1 1 4216 4426 4202 4427
19731 4 2 1 1 4427 4202 4216 4217
19732 4 2 1 1 4216 4426 4427 4441
19733 4 2 1 1 4217 4216 4427 4441
19734 4 2 1 1 4217 4427 4442 4441
19735 4 2 1 1 4427 4202 4217 4203
19736 4 2 1 1 4217 4427 4203 4428
19737 4 2 1 1 4428 4203 4217 4218
19738 4 2 1 1 4217 4427 4428 4442
19739 4 2 1 1 4218 4217 4428 4442
19740 4 2 1 1 4218 4428 4443 4442
19741 4 2 1 1 4428 4203 4218 4204
19742 4 2 1 1 4218 4428 4204 4429
19743 4 2 1 1 4429 4204 4218 4219
19744 4 2 1 1 4218 4428 4429 4443
19745 4 2 1 1 4219 4218 4429 4443
19746 4 2 1 1 4219 4429 4444 4443
19747 4 2 1 1 4429 4204 4219 4205
19748 4 2 1 1 4219 4429 4205 4430
19749 4 2 1 1 4430 4205 4219 4220
19750 4 2 1 1 4219 4429 4430 4444
19751 4 2 1 1 4220 4219 4430 4444
19752 4 2 1 1 4220 4430 4445 4444
19753 4 2 1 1 4430 4205 4220 4206
19754 4 2 1 1 4220 4430 4206 4431
19755 4 2 1 1 4431 4206 4220 4221
19756 4 2 1 1 4220 4430 4431 4445
19757 4 2 1 1 4221 4220 4431 4445
19758 4 2 1 1 4221 4431 4446 4445
19759 4 2 1 1 4431 4206 4221 4207
19760 4 2 1 1 4221 4431 4207 4432
19761 4 2 1 1 4432 4207 4221 4222
19762 4 2 1 1 4221 4431 4432 4446
19763 4 2 1 1 4222 4221 4432 4446
19764 4 2 1 1 4222 4432 4447 4446
19765 4 2 1 1 4432 4207 4222 4208
19766 4 2 1 1 4222 4432 4208 4433
19767 4 2 1 1 4433 4208 4222 4223
19768 4 2 1 1 4222 4432 4433 4447
19769 4 2 1 1 4223 4222 4433 4447
19770 4 2 1 1 4223 4433 4448 4447
19771 4 2 1 1 4433 4208 4223 591
19772 4 2 1 1 4223 4433 591 606
19773 4 2 1 1 606 591 4223 592
19774 4 2 1 1 4223 4433 606 4448
19775 4 2 1 1 592 4223 606 4448
19776 4 2 1 1 592 606 607 4448
19777 4 2 1 1 382 367 368 4209
19778 4 2 1 1 368 382 4209 4434
19779 4 2 1 1 4434 4209 368 4224
19780 4 2 1 1 368 382 4434 383
19781 4 2 1 1 4224 368 4434 383
19782 4 2 1 1 4224 4434 4449 383
19783 4 2 1 1 4434 4209 4224 4210
19784 4 2 1 1 4224 4434 4210 4435
19785 4 2 1 1 4435 4210 4224 4225
19786 4 2 1 1 4224 4434 4435 4449
19787 4 2 1 1 4225 4224 4435 4449
19788 4 2 1 1 4225 4435 4450 4449
19789 4 2 1 1 4435 4210 4225 4211
19790 4 2 1 1 4225 4435 4211 4436
19791 4 2 1 1 4436 4211 4225 4226
19792 4 2 1 1 4225 4435 4436 4450
19793 4 2 1 1 4226 4225 4436 4450
19794 4 2 1 1 4226 4436 4451 4450
19795 4 2 1 1 4436 4211 4226 4212
19796 4 2 1 1 4226 4436 4212 4437
19797 4 2 1 1 4437 4212 4226 4227
19798 4 2 1 1 4226 4436 4437 4451
19799 4 2 1 1 4227 4226 4437 4451
19800 4 2 1 1 4227 4437 4452 4451
19801 4 2 1 1 4437 4212 4227 4213
19802 4 2 1 1 4227 4437 4213 4438
19803 4 2 1 1 4438 4213 4227 4228
19804 4 2 1 1 4227 4437 4438 4452
19805 4 2 1 1 4228 4227 4438 4452
19806 4 2 1 1 4228 4438 4453 4452
19807 4 2 1 1 4438 4213 4228 4214
19808 4 2 1 1 4228 4438 4214 4439
19809 4 2 1 1 4439 4214 4228 4229
19810 4 2 1 1 4228 4438 4439 4453
19811 4 2 1 1 4229 4228 4439 4453
19812 4 2 1 1 4229 4439 4454 4453
19813 4 2 1 1 4439 4214 4229 4215
19814 4 2 1 1 4229 4439 4215 4440
19815 4 2 1 1 4440 4215 4229 4230
19816 4 2 1 1 4229 4439 4440 4454
19817 4 2 1 1 4230 4229 4440 4454
19818 4 2 1 1 4230 4440 4455 4454
19819 4 2 1 1 4440 4215 4230 4216
19820 4 2 1 1 4230 4440 4216 4441
19821 4 2 1 1 4441 4216 4230 4231
19822 4 2 1 1 4230 4440 4441 4455
19823 4 2 1 1 4231 4230 4441 4455
19824 4 2 1 1 4231 4441 4456 4455
19825 4 2 1 1 4441 4216 4231 4217
19826 4 2 1 1 4231 4441 4217 4442
19827 4 2 1 1 4442 4217 4231 4232
19828 4 2 1 1 4231 4441 4442 4456
19829 4 2 1 1 4232 4231 4442 4456
19830 4 2 1 1 4232 4442 4457 4456
19831 4 2 1 1 4442 4217 4232 4218
19832 4 2 1 1 4232 4442 4218 4443
19833 4 2 1 1 4443 4218 4232 4233
19834 4 2 1 1 4232 4442 4443 4457
19835 4 2 1 1 4233 4232 4443 4457
19836 4 2 1 1 4233 4443 4458 4457
19837 4 2 1 1 4443 4218 4233 4219
19838 4 2 1 1 4233 4443 4219 4444
19839 4 2 1 1 4444 4219 4233 4234
19840 4 2 1 1 4233 4443 4444 4458
19841 4 2 1 1 4234 4233 4444 4458
19842 4 2 1 1 4234 4444 4459 4458
19843 4 2 1 1 4444 4219 4234 4220
19844 4 2 1 1 4234 4444 4220 4445
19845 4 2 1 1 4445 4220 4234 4235
19846 4 2 1 1 4234 4444 4445 4459
19847 4 2 1 1 4235 4234 4445 4459
19848 4 2 1 1 4235 4445 4460 4459
19849 4 2 1 1 4445 4220 4235 4221
19850 4 2 1 1 4235 4445 4221 4446
19851 4 2 1 1 4446 4221 4235 4236
19852 4 2 1 1 4235 4445 4446 4460
19853 4 2 1 1 4236 4235 4446 4460
19854 4 2 1 1 4236 4446 4461 4460
19855 4 2 1 1 4446 4221 4236 4222
19856 4 2 1 1 4236 4446 4222 4447
19857 4 2 1 1 4447 4222 4236 4237
19858 4 2 1 1 4236 4446 4447 4461
19859 4 2 1 1 4237 4236 4447 4461
19860 4 2 1 1 4237 4447 4462 4461
19861 4 2 1 1 4447 4222 4237 4223
19862 4 2 1 1 4237 4447 4223 4448
19863 4 2 1 1 4448 4223 4237 4238
19864 4 2 1 1 4237 4447 4448 4462
19865 4 2 1 1 4238 4237 4448 4462
19866 4 2 1 1 4238 4448 4463 4462
19867 4 2 1 1 4448 4223 4238 592
19868 4 2 1 1 4238 4448 592 607
19869 4 2 1 1 607 592 4238 593
19870 4 2 1 1 4238 4448 607 4463
19871 4 2 1 1 593 4238 607 4463
19872 4 2 1 1 593 607 608 4463
19873 4 2 1 1 383 368 50 4224
19874 4 2 1 1 50 383 4224 4449
19875 4 2 1 1 4449 4224 50 875
19876 4 2 1 1 50 383 4449 51
19877 4 2 1 1 875 50 4449 51
19878 4 2 1 1 875 4449 876 51
19879 4 2 1 1 4449 4224 875 4225
19880 4 2 1 1 875 4449 4225 4450
19881 4 2 1 1 4450 4225 875 890
19882 4 2 1 1 875 4449 4450 876
19883 4 2 1 1 890 875 4450 876
19884 4 2 1 1 890 4450 891 876
19885 4 2 1 1 4450 4225 890 4226
19886 4 2 1 1 890 4450 4226 4451
19887 4 2 1 1 4451 4226 890 905
19888 4 2 1 1 890 4450 4451 891
19889 4 2 1 1 905 890 4451 891
19890 4 2 1 1 905 4451 906 891
19891 4 2 1 1 4451 4226 905 4227
19892 4 2 1 1 905 4451 4227 4452
19893 4 2 1 1 4452 4227 905 920
19894 4 2 1 1 905 4451 4452 906
19895 4 2 1 1 920 905 4452 906
19896 4 2 1 1 920 4452 921 906
19897 4 2 1 1 4452 4227 920 4228
19898 4 2 1 1 920 4452 4228 4453
19899 4 2 1 1 4453 4228 920 935
19900 4 2 1 1 920 4452 4453 921
19901 4 2 1 1 935 920 4453 921
19902 4 2 1 1 935 4453 936 921
19903 4 2 1 1 4453 4228 935 4229
19904 4 2 1 1 935 4453 4229 4454
19905 4 2 1 1 4454 4229 935 950
19906 4 2 1 1 935 4453 4454 936
19907 4 2 1 1 950 935 4454 936
19908 4 2 1 1 950 4454 951 936
19909 4 2 1 1 4454 4229 950 4230
19910 4 2 1 1 950 4454 4230 4455
19911 4 2 1 1 4455 4230 950 965
19912 4 2 1 1 950 4454 4455 951
19913 4 2 1 1 965 950 4455 951
19914 4 2 1 1 965 4455 966 951
19915 4 2 1 1 4455 4230 965 4231
19916 4 2 1 1 965 4455 4231 4456
19917 4 2 1 1 4456 4231 965 980
19918 4 2 1 1 965 4455 4456 966
19919 4 2 1 1 980 965 4456 966
19920 4 2 1 1 980 4456 981 966
19921 4 2 1 1 4456 4231 980 4232
19922 4 2 1 1 980 4456 4232 4457
19923 4 2 1 1 4457 4232 980 995
19924 4 2 1 1 980 4456 4457 981
19925 4 2 1 1 995 980 4457 981
19926 4 2 1 1 995 4457 996 981
19927 4 2 1 1 4457 4232 995 4233
19928 4 2 1 1 995 4457 4233 4458
19929 4 2 1 1 4458 4233 995 1010
19930 4 2 1 1 995 4457 4458 996
19931 4 2 1 1 1010 995 4458 996
19932 4 2 1 1 1010 4458 1011 996
19933 4 2 1 1 4458 4233 1010 4234
19934 4 2 1 1 1010 4458 4234 4459
19935 4 2 1 1 4459 4234 1010 1025
19936 4 2 1 1 1010 4458 4459 1011
19937 4 2 1 1 1025 1010 4459 1011
19938 4 2 1 1 1025 4459 1026 1011
19939 4 2 1 1 4459 4234 1025 4235
19940 4 2 1 1 1025 4459 4235 4460
19941 4 2 1 1 4460 4235 1025 1040
19942 4 2 1 1 1025 4459 4460 1026
19943 4 2 1 1 1040 1025 4460 1026
19944 4 2 1 1 1040 4460 1041 1026
19945 4 2 1 1 4460 4235 1040 4236
19946 4 2 1 1 1040 4460 4236 4461
19947 4 2 1 1 4461 4236 1040 1055
19948 4 2 1 1 1040 4460 4461 1041
19949 4 2 1 1 1055 1040 4461 1041
19950 4 2 1 1 1055 4461 1056 1041
19951 4 2 1 1 4461 4236 1055 4237
19952 4 2 1 1 1055 4461 4237 4462
19953 4 2 1 1 4462 4237 1055 1070
19954 4 2 1 1 1055 4461 4462 1056
19955 4 2 1 1 1070 1055 4462 1056
19956 4 2 1 1 1070 4462 1071 1056
19957 4 2 1 1 4462 4237 1070 4238
19958 4 2 1 1 1070 4462 4238 4463
19959 4 2 1 1 4463 4238 1070 1085
19960 4 2 1 1 1070 4462 4463 1071
19961 4 2 1 1 1085 1070 4463 1071
19962 4 2 1 1 1085 4463 1086 1071
19963 4 2 1 1 4463 4238 1085 593
19964 4 2 1 1 1085 4463 593 608
19965 4 2 1 1 608 593 1085 110
19966 4 2 1 1 1085 4463 608 1086
19967 4 2 1 1 110 1085 608 1086
19968 4 2 1 1 110 608 111 1086
19969 4 2 1 1 22 21 369 651
19970 4 2 1 1 369 22 651 652
19971 4 2 1 1 652 651 369 4239
19972 4 2 1 1 369 22 652 384
19973 4 2 1 1 4239 369 652 384
19974 4 2 1 1 4239 652 4464 384
19975 4 2 1 1 652 651 4239 666
19976 4 2 1 1 4239 652 666 667
19977 4 2 1 1 667 666 4239 4240
19978 4 2 1 1 4239 652 667 4464
19979 4 2 1 1 4240 4239 667 4464
19980 4 2 1 1 4240 667 4465 4464
19981 4 2 1 1 667 666 4240 681
19982 4 2 1 1 4240 667 681 682
19983 4 2 1 1 682 681 4240 4241
19984 4 2 1 1 4240 667 682 4465
19985 4 2 1 1 4241 4240 682 4465
19986 4 2 1 1 4241 682 4466 4465
19987 4 2 1 1 682 681 4241 696
19988 4 2 1 1 4241 682 696 697
19989 4 2 1 1 697 696 4241 4242
19990 4 2 1 1 4241 682 697 4466
19991 4 2 1 1 4242 4241 697 4466
19992 4 2 1 1 4242 697 4467 4466
19993 4 2 1 1 697 696 4242 711
19994 4 2 1 1 4242 697 711 712
19995 4 2 1 1 712 711 4242 4243
19996 4 2 1 1 4242 697 712 4467
19997 4 2 1 1 4243 4242 712 4467
19998 4 2 1 1 4243 712 4468 4467
19999 4 2 1 1 712 711 4243 726
20000 4 2 1 1 4243 712 726 727
20001 4 2 1 1 727 726 4243 4244
20002 4 2 1 1 4243 712 727 4468
20003 4 2 1 1 4244 4243 727 4468
20004 4 2 1 1 4244 727 4469 4468
20005 4 2 1 1 727 726 4244 741
20006 4 2 1 1 4244 727 741 742
20007 4 2 1 1 742 741 4244 4245
20008 4 2 1 1 4244 727 742 4469
20009 4 2 1 1 4245 4244 742 4469
20010 4 2 1 1 4245 742 4470 4469
20011 4 2 1 1 742 741 4245 756
20012 4 2 1 1 4245 742 756 757
20013 4 2 1 1 757 756 4245 4246
20014 4 2 1 1 4245 742 757 4470
20015 4 2 1 1 4246 4245 757 4470
20016 4 2 1 1 4246 757 4471 4470
20017 4 2 1 1 757 756 4246 771
20018 4 2 1 1 4246 757 771 772
20019 4 2 1 1 772 771 4246 4247
20020 4 2 1 1 4246 757 772 4471
20021 4 2 1 1 4247 4246 772 4471
20022 4 2 1 1 4247 772 4472 4471
20023 4 2 1 1 772 771 4247 786
20024 4 2 1 1 4247 772 786 787
20025 4 2 1 1 787 786 4247 4248
20026 4 2 1 1 4247 772 787 4472
20027 4 2 1 1 4248 4247 787 4472
20028 4 2 1 1 4248 787 4473 4472
20029 4 2 1 1 787 786 4248 801
20030 4 2 1 1 4248 787 801 802
20031 4 2 1 1 802 801 4248 4249
20032 4 2 1 1 4248 787 802 4473
20033 4 2 1 1 4249 4248 802 4473
20034 4 2 1 1 4249 802 4474 4473
20035 4 2 1 1 802 801 4249 816
20036 4 2 1 1 4249 802 816 817
20037 4 2 1 1 817 816 4249 4250
20038 4 2 1 1 4249 802 817 4474
20039 4 2 1 1 4250 4249 817 4474
20040 4 2 1 1 4250 817 4475 4474
20041 4 2 1 1 817 816 4250 831
20042 4 2 1 1 4250 817 831 832
20043 4 2 1 1 832 831 4250 4251
20044 4 2 1 1 4250 817 832 4475
20045 4 2 1 1 4251 4250 832 4475
20046 4 2 1 1 4251 832 4476 4475
20047 4 2 1 1 832 831 4251 846
20048 4 2 1 1 4251 832 846 847
20049 4 2 1 1 847 846 4251 4252
20050 4 2 1 1 4251 832 847 4476
20051 4 2 1 1 4252 4251 847 4476
20052 4 2 1 1 4252 847 4477 4476
20053 4 2 1 1 847 846 4252 861
20054 4 2 1 1 4252 847 861 862
20055 4 2 1 1 862 861 4252 4253
20056 4 2 1 1 4252 847 862 4477
20057 4 2 1 1 4253 4252 862 4477
20058 4 2 1 1 4253 862 4478 4477
20059 4 2 1 1 862 861 4253 81
20060 4 2 1 1 4253 862 81 82
20061 4 2 1 1 82 81 4253 594
20062 4 2 1 1 4253 862 82 4478
20063 4 2 1 1 594 4253 82 4478
20064 4 2 1 1 594 82 609 4478
20065 4 2 1 1 384 369 370 4239
20066 4 2 1 1 370 384 4239 4464
20067 4 2 1 1 4464 4239 370 4254
20068 4 2 1 1 370 384 4464 385
20069 4 2 1 1 4254 370 4464 385
20070 4 2 1 1 4254 4464 4479 385
20071 4 2 1 1 4464 4239 4254 4240
20072 4 2 1 1 4254 4464 4240 4465
20073 4 2 1 1 4465 4240 4254 4255
20074 4 2 1 1 4254 4464 4465 4479
20075 4 2 1 1 4255 4254 4465 4479
20076 4 2 1 1 4255 4465 4480 4479
20077 4 2 1 1 4465 4240 4255 4241
20078 4 2 1 1 4255 4465 4241 4466
20079 4 2 1 1 4466 4241 4255 4256
20080 4 2 1 1 4255 4465 4466 4480
20081 4 2 1 1 4256 4255 4466 4480
20082 4 2 1 1 4256 4466 4481 4480
20083 4 2 1 1 4466 4241 4256 4242
20084 4 2 1 1 4256 4466 4242 4467
20085 4 2 1 1 4467 4242 4256 4257
20086 4 2 1 1 4256 4466 4467 4481
20087 4 2 1 1 4257 4256 4467 4481
20088 4 2 1 1 4257 4467 4482 4481
20089 4 2 1 1 4467 4242 4257 4243
20090 4 2 1 1 4257 4467 4243 4468
20091 4 2 1 1 4468 4243 4257 4258
20092 4 2 1 1 4257 4467 4468 4482
20093 4 2 1 1 4258 4257 4468 4482
20094 4 2 1 1 4258 4468 4483 4482
20095 4 2 1 1 4468 4243 4258 4244
20096 4 2 1 1 4258 4468 4244 4469
20097 4 2 1 1 4469 4244 4258 4259
20098 4 2 1 1 4258 4468 4469 4483
20099 4 2 1 1 4259 4258 4469 4483
20100 4 2 1 1 4259 4469 4484 4483
20101 4 2 1 1 4469 4244 4259 4245
20102 4 2 1 1 4259 4469 4245 4470
20103 4 2 1 1 4470 4245 4259 4260
20104 4 2 1 1 4259 4469 4470 4484
20105 4 2 1 1 4260 4259 4470 4484
20106 4 2 1 1 4260 4470 4485 4484
20107 4 2 1 1 4470 4245 4260 4246
20108 4 2 1 1 4260 4470 4246 4471
20109 4 2 1 1 4471 4246 4260 4261
20110 4 2 1 1 4260 4470 4471 4485
20111 4 2 1 1 4261 4260 4471 4485
20112 4 2 1 1 4261 4471 4486 4485
20113 4 2 1 1 4471 4246 4261 4247
20114 4 2 1 1 4261 4471 4247 4472
20115 4 2 1 1 4472 4247 4261 4262
20116 4 2 1 1 4261 4471 4472 4486
20117 4 2 1 1 4262 4261 4472 4486
20118 4 2 1 1 4262 4472 4487 4486
20119 4 2 1 1 4472 4247 4262 4248
20120 4 2 1 1 4262 4472 4248 4473
20121 4 2 1 1 4473 4248 4262 4263
20122 4 2 1 1 4262 4472 4473 4487
20123 4 2 1 1 4263 4262 4473 4487
20124 4 2 1 1 4263 4473 4488 4487
20125 4 2 1 1 4473 4248 4263 4249
20126 4 2 1 1 4263 4473 4249 4474
20127 4 2 1 1 4474 4249 4263 4264
20128 4 2 1 1 4263 4473 4474 4488
20129 4 2 1 1 4264 4263 4474 4488
20130 4 2 1 1 4264 4474 4489 4488
20131 4 2 1 1 4474 4249 4264 4250
20132 4 2 1 1 4264 4474 4250 4475
20133 4 2 1 1 4475 4250 4264 4265
20134 4 2 1 1 4264 4474 4475 4489
20135 4 2 1 1 4265 4264 4475 4489
20136 4 2 1 1 4265 4475 4490 4489
20137 4 2 1 1 4475 4250 4265 4251
20138 4 2 1 1 4265 4475 4251 4476
20139 4 2 1 1 4476 4251 4265 4266
20140 4 2 1 1 4265 4475 4476 4490
20141 4 2 1 1 4266 4265 4476 4490
20142 4 2 1 1 4266 4476 4491 4490
20143 4 2 1 1 4476 4251 4266 4252
20144 4 2 1 1 4266 4476 4252 4477
20145 4 2 1 1 4477 4252 4266 4267
20146 4 2 1 1 4266 4476 4477 4491
20147 4 2 1 1 4267 4266 4477 4491
20148 4 2 1 1 4267 4477 4492 4491
20149 4 2 1 1 4477 4252 4267 4253
20150 4 2 1 1 4267 4477 4253 4478
20151 4 2 1 1 4478 4253 4267 4268
20152 4 2 1 1 4267 4477 4478 4492
20153 4 2 1 1 4268 4267 4478 4492
20154 4 2 1 1 4268 4478 4493 4492
20155 4 2 1 1 4478 4253 4268 594
20156 4 2 1 1 4268 4478 594 609
20157 4 2 1 1 609 594 4268 595
20158 4 2 1 1 4268 4478 609 4493
20159 4 2 1 1 595 4268 609 4493
20160 4 2 1 1 595 609 610 4493
20161 4 2 1 1 385 370 371 4254
20162 4 2 1 1 371 385 4254 4479
20163 4 2 1 1 4479 4254 371 4269
20164 4 2 1 1 371 385 4479 386
20165 4 2 1 1 4269 371 4479 386
20166 4 2 1 1 4269 4479 4494 386
20167 4 2 1 1 4479 4254 4269 4255
20168 4 2 1 1 4269 4479 4255 4480
20169 4 2 1 1 4480 4255 4269 4270
20170 4 2 1 1 4269 4479 4480 4494
20171 4 2 1 1 4270 4269 4480 4494
20172 4 2 1 1 4270 4480 4495 4494
20173 4 2 1 1 4480 4255 4270 4256
20174 4 2 1 1 4270 4480 4256 4481
20175 4 2 1 1 4481 4256 4270 4271
20176 4 2 1 1 4270 4480 4481 4495
20177 4 2 1 1 4271 4270 4481 4495
20178 4 2 1 1 4271 4481 4496 4495
20179 4 2 1 1 4481 4256 4271 4257
20180 4 2 1 1 4271 4481 4257 4482
20181 4 2 1 1 4482 4257 4271 4272
20182 4 2 1 1 4271 4481 4482 4496
20183 4 2 1 1 4272 4271 4482 4496
20184 4 2 1 1 4272 4482 4497 4496
20185 4 2 1 1 4482 4257 4272 4258
20186 4 2 1 1 4272 4482 4258 4483
20187 4 2 1 1 4483 4258 4272 4273
20188 4 2 1 1 4272 4482 4483 4497
20189 4 2 1 1 4273 4272 4483 4497
20190 4 2 1 1 4273 4483 4498 4497
20191 4 2 1 1 4483 4258 4273 4259
20192 4 2 1 1 4273 4483 4259 4484
20193 4 2 1 1 4484 4259 4273 4274
20194 4 2 1 1 4273 4483 4484 4498
20195 4 2 1 1 4274 4273 4484 4498
20196 4 2 1 1 4274 4484 4499 4498
20197 4 2 1 1 4484 4259 4274 4260
20198 4 2 1 1 4274 4484 4260 4485
20199 4 2 1 1 4485 4260 4274 4275
20200 4 2 1 1 4274 4484 4485 4499
20201 4 2 1 1 4275 4274 4485 4499
20202 4 2 1 1 4275 4485 4500 4499
20203 4 2 1 1 4485 4260 4275 4261
20204 4 2 1 1 4275 4485 4261 4486
20205 4 2 1 1 4486 4261 4275 4276
20206 4 2 1 1 4275 4485 4486 4500
20207 4 2 1 1 4276 4275 4486 4500
20208 4 2 1 1 4276 4486 4501 4500
20209 4 2 1 1 4486 4261 4276 4262
20210 4 2 1 1 4276 4486 4262 4487
20211 4 2 1 1 4487 4262 4276 4277
20212 4 2 1 1 4276 4486 4487 4501
20213 4 2 1 1 4277 4276 4487 4501
20214 4 2 1 1 4277 4487 4502 4501
20215 4 2 1 1 4487 4262 4277 4263
20216 4 2 1 1 4277 4487 4263 4488
20217 4 2 1 1 4488 4263 4277 4278
20218 4 2 1 1 4277 4487 4488 4502
20219 4 2 1 1 4278 4277 4488 4502
20220 4 2 1 1 4278 4488 4503 4502
20221 4 2 1 1 4488 4263 4278 4264
20222 4 2 1 1 4278 4488 4264 4489
20223 4 2 1 1 4489 4264 4278 4279
20224 4 2 1 1 4278 4488 4489 4503
20225 4 2 1 1 4279 4278 4489 4503
20226 4 2 1 1 4279 4489 4504 4503
20227 4 2 1 1 4489 4264 4279 4265
20228 4 2 1 1 4279 4489 4265 4490
20229 4 2 1 1 4490 4265 4279 4280
20230 4 2 1 1 4279 4489 4490 4504
20231 4 2 1 1 4280 4279 4490 4504
20232 4 2 1 1 4280 4490 4505 4504
20233 4 2 1 1 4490 4265 4280 4266
20234 4 2 1 1 4280 4490 4266 4491
20235 4 2 1 1 4491 4266 4280 4281
20236 4 2 1 1 4280 4490 4491 4505
20237 4 2 1 1 4281 4280 4491 4505
20238 4 2 1 1 4281 4491 4506 4505
20239 4 2 1 1 4491 4266 4281 4267
20240 4 2 1 1 4281 4491 4267 4492
20241 4 2 1 1 4492 4267 4281 4282
20242 4 2 1 1 4281 4491 4492 4506
20243 4 2 1 1 4282 4281 4492 4506
20244 4 2 1 1 4282 4492 4507 4506
20245 4 2 1 1 4492 4267 4282 4268
20246 4 2 1 1 4282 4492 4268 4493
20247 4 2 1 1 4493 4268 4282 4283
20248 4 2 1 1 4282 4492 4493 4507
20249 4 2 1 1 4283 4282 4493 4507
20250 4 2 1 1 4283 4493 4508 4507
20251 4 2 1 1 4493 4268 4283 595
20252 4 2 1 1 4283 4493 595 610
20253 4 2 1 1 610 595 4283 596
20254 4 2 1 1 4283 4493 610 4508
20255 4 2 1 1 596 4283 610 4508
20256 4 2 1 1 596 610 611 4508
20257 4 2 1 1 386 371 372 4269
20258 4 2 1 1 372 386 4269 4494
20259 4 2 1 1 4494 4269 372 4284
20260 4 2 1 1 372 386 4494 387
20261 4 2 1 1 4284 372 4494 387
20262 4 2 1 1 4284 4494 4509 387
20263 4 2 1 1 4494 4269 4284 4270
20264 4 2 1 1 4284 4494 4270 4495
20265 4 2 1 1 4495 4270 4284 4285
20266 4 2 1 1 4284 4494 4495 4509
20267 4 2 1 1 4285 4284 4495 4509
20268 4 2 1 1 4285 4495 4510 4509
20269 4 2 1 1 4495 4270 4285 4271
20270 4 2 1 1 4285 4495 4271 4496
20271 4 2 1 1 4496 4271 4285 4286
20272 4 2 1 1 4285 4495 4496 4510
20273 4 2 1 1 4286 4285 4496 4510
20274 4 2 1 1 4286 4496 4511 4510
20275 4 2 1 1 4496 4271 4286 4272
20276 4 2 1 1 4286 4496 4272 4497
20277 4 2 1 1 4497 4272 4286 4287
20278 4 2 1 1 4286 4496 4497 4511
20279 4 2 1 1 4287 4286 4497 4511
20280 4 2 1 1 4287 4497 4512 4511
20281 4 2 1 1 4497 4272 4287 4273
20282 4 2 1 1 4287 4497 4273 4498
20283 4 2 1 1 4498 4273 4287 4288
20284 4 2 1 1 4287 4497 4498 4512
20285 4 2 1 1 4288 4287 4498 4512
20286 4 2 1 1 4288 4498 4513 4512
20287 4 2 1 1 4498 4273 4288 4274
20288 4 2 1 1 4288 4498 4274 4499
20289 4 2 1 1 4499 4274 4288 4289
20290 4 2 1 1 4288 4498 4499 4513
20291 4 2 1 1 4289 4288 4499 4513
20292 4 2 1 1 4289 4499 4514 4513
20293 4 2 1 1 4499 4274 4289 4275
20294 4 2 1 1 4289 4499 4275 4500
20295 4 2 1 1 4500 4275 4289 4290
20296 4 2 1 1 4289 4499 4500 4514
20297 4 2 1 1 4290 4289 4500 4514
20298 4 2 1 1 4290 4500 4515 4514
20299 4 2 1 1 4500 4275 4290 4276
20300 4 2 1 1 4290 4500 4276 4501
20301 4 2 1 1 4501 4276 4290 4291
20302 4 2 1 1 4290 4500 4501 4515
20303 4 2 1 1 4291 4290 4501 4515
20304 4 2 1 1 4291 4501 4516 4515
20305 4 2 1 1 4501 4276 4291 4277
20306 4 2 1 1 4291 4501 4277 4502
20307 4 2 1 1 4502 4277 4291 4292
20308 4 2 1 1 4291 4501 4502 4516
20309 4 2 1 1 4292 4291 4502 4516
20310 4 2 1 1 4292 4502 4517 4516
20311 4 2 1 1 4502 4277 4292 4278
20312 4 2 1 1 4292 4502 4278 4503
20313 4 2 1 1 4503 4278 4292 4293
20314 4 2 1 1 4292 4502 4503 4517
20315 4 2 1 1 4293 4292 4503 4517
20316 4 2 1 1 4293 4503 4518 4517
20317 4 2 1 1 4503 4278 4293 4279
20318 4 2 1 1 4293 4503 4279 4504
20319 4 2 1 1 4504 4279 4293 4294
20320 4 2 1 1 4293 4503 4504 4518
20321 4 2 1 1 4294 4293 4504 4518
20322 4 2 1 1 4294 4504 4519 4518
20323 4 2 1 1 4504 4279 4294 4280
20324 4 2 1 1 4294 4504 4280 4505
20325 4 2 1 1 4505 4280 4294 4295
20326 4 2 1 1 4294 4504 4505 4519
20327 4 2 1 1 4295 4294 4505 4519
20328 4 2 1 1 4295 4505 4520 4519
20329 4 2 1 1 4505 4280 4295 4281
20330 4 2 1 1 4295 4505 4281 4506
20331 4 2 1 1 4506 4281 4295 4296
20332 4 2 1 1 4295 4505 4506 4520
20333 4 2 1 1 4296 4295 4506 4520
20334 4 2 1 1 4296 4506 4521 4520
20335 4 2 1 1 4506 4281 4296 4282
20336 4 2 1 1 4296 4506 4282 4507
20337 4 2 1 1 4507 4282 4296 4297
20338 4 2 1 1 4296 4506 4507 4521
20339 4 2 1 1 4297 4296 4507 4521
20340 4 2 1 1 4297 4507 4522 4521
20341 4 2 1 1 4507 4282 4297 4283
20342 4 2 1 1 4297 4507 4283 4508
20343 4 2 1 1 4508 4283 4297 4298
20344 4 2 1 1 4297 4507 4508 4522
20345 4 2 1 1 4298 4297 4508 4522
20346 4 2 1 1 4298 4508 4523 4522
20347 4 2 1 1 4508 4283 4298 596
20348 4 2 1 1 4298 4508 596 611
20349 4 2 1 1 611 596 4298 597
20350 4 2 1 1 4298 4508 611 4523
20351 4 2 1 1 597 4298 611 4523
20352 4 2 1 1 597 611 612 4523
20353 4 2 1 1 387 372 373 4284
20354 4 2 1 1 373 387 4284 4509
20355 4 2 1 1 4509 4284 373 4299
20356 4 2 1 1 373 387 4509 388
20357 4 2 1 1 4299 373 4509 388
20358 4 2 1 1 4299 4509 4524 388
20359 4 2 1 1 4509 4284 4299 4285
20360 4 2 1 1 4299 4509 4285 4510
20361 4 2 1 1 4510 4285 4299 4300
20362 4 2 1 1 4299 4509 4510 4524
20363 4 2 1 1 4300 4299 4510 4524
20364 4 2 1 1 4300 4510 4525 4524
20365 4 2 1 1 4510 4285 4300 4286
20366 4 2 1 1 4300 4510 4286 4511
20367 4 2 1 1 4511 4286 4300 4301
20368 4 2 1 1 4300 4510 4511 4525
20369 4 2 1 1 4301 4300 4511 4525
20370 4 2 1 1 4301 4511 4526 4525
20371 4 2 1 1 4511 4286 4301 4287
20372 4 2 1 1 4301 4511 4287 4512
20373 4 2 1 1 4512 4287 4301 4302
20374 4 2 1 1 4301 4511 4512 4526
20375 4 2 1 1 4302 4301 4512 4526
20376 4 2 1 1 4302 4512 4527 4526
20377 4 2 1 1 4512 4287 4302 4288
20378 4 2 1 1 4302 4512 4288 4513
20379 4 2 1 1 4513 4288 4302 4303
20380 4 2 1 1 4302 4512 4513 4527
20381 4 2 1 1 4303 4302 4513 4527
20382 4 2 1 1 4303 4513 4528 4527
20383 4 2 1 1 4513 4288 4303 4289
20384 4 2 1 1 4303 4513 4289 4514
20385 4 2 1 1 4514 4289 4303 4304
20386 4 2 1 1 4303 4513 4514 4528
20387 4 2 1 1 4304 4303 4514 4528
20388 4 2 1 1 4304 4514 4529 4528
20389 4 2 1 1 4514 4289 4304 4290
20390 4 2 1 1 4304 4514 4290 4515
20391 4 2 1 1 4515 4290 4304 4305
20392 4 2 1 1 4304 4514 4515 4529
20393 4 2 1 1 4305 4304 4515 4529
20394 4 2 1 1 4305 4515 4530 4529
20395 4 2 1 1 4515 4290 4305 4291
20396 4 2 1 1 4305 4515 4291 4516
20397 4 2 1 1 4516 4291 4305 4306
20398 4 2 1 1 4305 4515 4516 4530
20399 4 2 1 1 4306 4305 4516 4530
20400 4 2 1 1 4306 4516 4531 4530
20401 4 2 1 1 4516 4291 4306 4292
20402 4 2 1 1 4306 4516 4292 4517
20403 4 2 1 1 4517 4292 4306 4307
20404 4 2 1 1 4306 4516 4517 4531
20405 4 2 1 1 4307 4306 4517 4531
20406 4 2 1 1 4307 4517 4532 4531
20407 4 2 1 1 4517 4292 4307 4293
20408 4 2 1 1 4307 4517 4293 4518
20409 4 2 1 1 4518 4293 4307 4308
20410 4 2 1 1 4307 4517 4518 4532
20411 4 2 1 1 4308 4307 4518 4532
20412 4 2 1 1 4308 4518 4533 4532
20413 4 2 1 1 4518 4293 4308 4294
20414 4 2 1 1 4308 4518 4294 4519
20415 4 2 1 1 4519 4294 4308 4309
20416 4 2 1 1 4308 4518 4519 4533
20417 4 2 1 1 4309 4308 4519 4533
20418 4 2 1 1 4309 4519 4534 4533
20419 4 2 1 1 4519 4294 4309 4295
20420 4 2 1 1 4309 4519 4295 4520
20421 4 2 1 1 4520 4295 4309 4310
20422 4 2 1 1 4309 4519 4520 4534
20423 4 2 1 1 4310 4309 4520 4534
20424 4 2 1 1 4310 4520 4535 4534
20425 4 2 1 1 4520 4295 4310 4296
20426 4 2 1 1 4310 4520 4296 4521
20427 4 2 1 1 4521 4296 4310 4311
20428 4 2 1 1 4310 4520 4521 4535
20429 4 2 1 1 4311 4310 4521 4535
20430 4 2 1 1 4311 4521 4536 4535
20431 4 2 1 1 4521 4296 4311 4297
20432 4 2 1 1 4311 4521 4297 4522
20433 4 2 1 1 4522 4297 4311 4312
20434 4 2 1 1 4311 4521 4522 4536
20435 4 2 1 1 4312 4311 4522 4536
20436 4 2 1 1 4312 4522 4537 4536
20437 4 2 1 1 4522 4297 4312 4298
20438 4 2 1 1 4312 4522 4298 4523
20439 4 2 1 1 4523 4298 4312 4313
20440 4 2 1 1 4312 4522 4523 4537
20441 4 2 1 1 4313 4312 4523 4537
20442 4 2 1 1 4313 4523 4538 4537
20443 4 2 1 1 4523 4298 4313 597
20444 4 2 1 1 4313 4523 597 612
20445 4 2 1 1 612 597 4313 598
20446 4 2 1 1 4313 4523 612 4538
20447 4 2 1 1 598 4313 612 4538
20448 4 2 1 1 598 612 613 4538
20449 4 2 1 1 388 373 374 4299
20450 4 2 1 1 374 388 4299 4524
20451 4 2 1 1 4524 4299 374 4314
20452 4 2 1 1 374 388 4524 389
20453 4 2 1 1 4314 374 4524 389
20454 4 2 1 1 4314 4524 4539 389
20455 4 2 1 1 4524 4299 4314 4300
20456 4 2 1 1 4314 4524 4300 4525
20457 4 2 1 1 4525 4300 4314 4315
20458 4 2 1 1 4314 4524 4525 4539
20459 4 2 1 1 4315 4314 4525 4539
20460 4 2 1 1 4315 4525 4540 4539
20461 4 2 1 1 4525 4300 4315 4301
20462 4 2 1 1 4315 4525 4301 4526
20463 4 2 1 1 4526 4301 4315 4316
20464 4 2 1 1 4315 4525 4526 4540
20465 4 2 1 1 4316 4315 4526 4540
20466 4 2 1 1 4316 4526 4541 4540
20467 4 2 1 1 4526 4301 4316 4302
20468 4 2 1 1 4316 4526 4302 4527
20469 4 2 1 1 4527 4302 4316 4317
20470 4 2 1 1 4316 4526 4527 4541
20471 4 2 1 1 4317 4316 4527 4541
20472 4 2 1 1 4317 4527 4542 4541
20473 4 2 1 1 4527 4302 4317 4303
20474 4 2 1 1 4317 4527 4303 4528
20475 4 2 1 1 4528 4303 4317 4318
20476 4 2 1 1 4317 4527 4528 4542
20477 4 2 1 1 4318 4317 4528 4542
20478 4 2 1 1 4318 4528 4543 4542
20479 4 2 1 1 4528 4303 4318 4304
20480 4 2 1 1 4318 4528 4304 4529
20481 4 2 1 1 4529 4304 4318 4319
20482 4 2 1 1 4318 4528 4529 4543
20483 4 2 1 1 4319 4318 4529 4543
20484 4 2 1 1 4319 4529 4544 4543
20485 4 2 1 1 4529 4304 4319 4305
20486 4 2 1 1 4319 4529 4305 4530
20487 4 2 1 1 4530 4305 4319 4320
20488 4 2 1 1 4319 4529 4530 4544
20489 4 2 1 1 4320 4319 4530 4544
20490 4 2 1 1 4320 4530 4545 4544
20491 4 2 1 1 4530 4305 4320 4306
20492 4 2 1 1 4320 4530 4306 4531
20493 4 2 1 1 4531 4306 4320 4321
20494 4 2 1 1 4320 4530 4531 4545
20495 4 2 1 1 4321 4320 4531 4545
20496 4 2 1 1 4321 4531 4546 4545
20497 4 2 1 1 4531 4306 4321 4307
20498 4 2 1 1 4321 4531 4307 4532
20499 4 2 1 1 4532 4307 4321 4322
20500 4 2 1 1 4321 4531 4532 4546
20501 4 2 1 1 4322 4321 4532 4546
20502 4 2 1 1 4322 4532 4547 4546
20503 4 2 1 1 4532 4307 4322 4308
20504 4 2 1 1 4322 4532 4308 4533
20505 4 2 1 1 4533 4308 4322 4323
20506 4 2 1 1 4322 4532 4533 4547
20507 4 2 1 1 4323 4322 4533 4547
20508 4 2 1 1 4323 4533 4548 4547
20509 4 2 1 1 4533 4308 4323 4309
20510 4 2 1 1 4323 4533 4309 4534
20511 4 2 1 1 4534 4309 4323 4324
20512 4 2 1 1 4323 4533 4534 4548
20513 4 2 1 1 4324 4323 4534 4548
20514 4 2 1 1 4324 4534 4549 4548
20515 4 2 1 1 4534 4309 4324 4310
20516 4 2 1 1 4324 4534 4310 4535
20517 4 2 1 1 4535 4310 4324 4325
20518 4 2 1 1 4324 4534 4535 4549
20519 4 2 1 1 4325 4324 4535 4549
20520 4 2 1 1 4325 4535 4550 4549
20521 4 2 1 1 4535 4310 4325 4311
20522 4 2 1 1 4325 4535 4311 4536
20523 4 2 1 1 4536 4311 4325 4326
20524 4 2 1 1 4325 4535 4536 4550
20525 4 2 1 1 4326 4325 4536 4550
20526 4 2 1 1 4326 4536 4551 4550
20527 4 2 1 1 4536 4311 4326 4312
20528 4 2 1 1 4326 4536 4312 4537
20529 4 2 1 1 4537 4312 4326 4327
20530 4 2 1 1 4326 4536 4537 4551
20531 4 2 1 1 4327 4326 4537 4551
20532 4 2 1 1 4327 4537 4552 4551
20533 4 2 1 1 4537 4312 4327 4313
20534 4 2 1 1 4327 4537 4313 4538
20535 4 2 1 1 4538 4313 4327 4328
20536 4 2 1 1 4327 4537 4538 4552
20537 4 2 1 1 4328 4327 4538 4552
20538 4 2 1 1 4328 4538 4553 4552
20539 4 2 1 1 4538 4313 4328 598
20540 4 2 1 1 4328 4538 598 613
20541 4 2 1 1 613 598 4328 599
20542 4 2 1 1 4328 4538 613 4553
20543 4 2 1 1 599 4328 613 4553
20544 4 2 1 1 599 613 614 4553
20545 4 2 1 1 389 374 375 4314
20546 4 2 1 1 375 389 4314 4539
20547 4 2 1 1 4539 4314 375 4329
20548 4 2 1 1 375 389 4539 390
20549 4 2 1 1 4329 375 4539 390
20550 4 2 1 1 4329 4539 4554 390
20551 4 2 1 1 4539 4314 4329 4315
20552 4 2 1 1 4329 4539 4315 4540
20553 4 2 1 1 4540 4315 4329 4330
20554 4 2 1 1 4329 4539 4540 4554
20555 4 2 1 1 4330 4329 4540 4554
20556 4 2 1 1 4330 4540 4555 4554
20557 4 2 1 1 4540 4315 4330 4316
20558 4 2 1 1 4330 4540 4316 4541
20559 4 2 1 1 4541 4316 4330 4331
20560 4 2 1 1 4330 4540 4541 4555
20561 4 2 1 1 4331 4330 4541 4555
20562 4 2 1 1 4331 4541 4556 4555
20563 4 2 1 1 4541 4316 4331 4317
20564 4 2 1 1 4331 4541 4317 4542
20565 4 2 1 1 4542 4317 4331 4332
20566 4 2 1 1 4331 4541 4542 4556
20567 4 2 1 1 4332 4331 4542 4556
20568 4 2 1 1 4332 4542 4557 4556
20569 4 2 1 1 4542 4317 4332 4318
20570 4 2 1 1 4332 4542 4318 4543
20571 4 2 1 1 4543 4318 4332 4333
20572 4 2 1 1 4332 4542 4543 4557
20573 4 2 1 1 4333 4332 4543 4557
20574 4 2 1 1 4333 4543 4558 4557
20575 4 2 1 1 4543 4318 4333 4319
20576 4 2 1 1 4333 4543 4319 4544
20577 4 2 1 1 4544 4319 4333 4334
20578 4 2 1 1 4333 4543 4544 4558
20579 4 2 1 1 4334 4333 4544 4558
20580 4 2 1 1 4334 4544 4559 4558
20581 4 2 1 1 4544 4319 4334 4320
20582 4 2 1 1 4334 4544 4320 4545
20583 4 2 1 1 4545 4320 4334 4335
20584 4 2 1 1 4334 4544 4545 4559
20585 4 2 1 1 4335 4334 4545 4559
20586 4 2 1 1 4335 4545 4560 4559
20587 4 2 1 1 4545 4320 4335 4321
20588 4 2 1 1 4335 4545 4321 4546
20589 4 2 1 1 4546 4321 4335 4336
20590 4 2 1 1 4335 4545 4546 4560
20591 4 2 1 1 4336 4335 4546 4560
20592 4 2 1 1 4336 4546 4561 4560
20593 4 2 1 1 4546 4321 4336 4322
20594 4 2 1 1 4336 4546 4322 4547
20595 4 2 1 1 4547 4322 4336 4337
20596 4 2 1 1 4336 4546 4547 4561
20597 4 2 1 1 4337 4336 4547 4561
20598 4 2 1 1 4337 4547 4562 4561
20599 4 2 1 1 4547 4322 4337 4323
20600 4 2 1 1 4337 4547 4323 4548
20601 4 2 1 1 4548 4323 4337 4338
20602 4 2 1 1 4337 4547 4548 4562
20603 4 2 1 1 4338 4337 4548 4562
20604 4 2 1 1 4338 4548 4563 4562
20605 4 2 1 1 4548 4323 4338 4324
20606 4 2 1 1 4338 4548 4324 4549
20607 4 2 1 1 4549 4324 4338 4339
20608 4 2 1 1 4338 4548 4549 4563
20609 4 2 1 1 4339 4338 4549 4563
20610 4 2 1 1 4339 4549 4564 4563
20611 4 2 1 1 4549 4324 4339 4325
20612 4 2 1 1 4339 4549 4325 4550
20613 4 2 1 1 4550 4325 4339 4340
20614 4 2 1 1 4339 4549 4550 4564
20615 4 2 1 1 4340 4339 4550 4564
20616 4 2 1 1 4340 4550 4565 4564
20617 4 2 1 1 4550 4325 4340 4326
20618 4 2 1 1 4340 4550 4326 4551
20619 4 2 1 1 4551 4326 4340 4341
20620 4 2 1 1 4340 4550 4551 4565
20621 4 2 1 1 4341 4340 4551 4565
20622 4 2 1 1 4341 4551 4566 4565
20623 4 2 1 1 4551 4326 4341 4327
20624 4 2 1 1 4341 4551 4327 4552
20625 4 2 1 1 4552 4327 4341 4342
20626 4 2 1 1 4341 4551 4552 4566
20627 4 2 1 1 4342 4341 4552 4566
20628 4 2 1 1 4342 4552 4567 4566
20629 4 2 1 1 4552 4327 4342 4328
20630 4 2 1 1 4342 4552 4328 4553
20631 4 2 1 1 4553 4328 4342 4343
20632 4 2 1 1 4342 4552 4553 4567
20633 4 2 1 1 4343 4342 4553 4567
20634 4 2 1 1 4343 4553 4568 4567
20635 4 2 1 1 4553 4328 4343 599
20636 4 2 1 1 4343 4553 599 614
20637 4 2 1 1 614 599 4343 600
20638 4 2 1 1 4343 4553 614 4568
20639 4 2 1 1 600 4343 614 4568
20640 4 2 1 1 600 614 615 4568
20641 4 2 1 1 390 375 376 4329
20642 4 2 1 1 376 390 4329 4554
20643 4 2 1 1 4554 4329 376 4344
20644 4 2 1 1 376 390 4554 391
20645 4 2 1 1 4344 376 4554 391
20646 4 2 1 1 4344 4554 4569 391
20647 4 2 1 1 4554 4329 4344 4330
20648 4 2 1 1 4344 4554 4330 4555
20649 4 2 1 1 4555 4330 4344 4345
20650 4 2 1 1 4344 4554 4555 4569
20651 4 2 1 1 4345 4344 4555 4569
20652 4 2 1 1 4345 4555 4570 4569
20653 4 2 1 1 4555 4330 4345 4331
20654 4 2 1 1 4345 4555 4331 4556
20655 4 2 1 1 4556 4331 4345 4346
20656 4 2 1 1 4345 4555 4556 4570
20657 4 2 1 1 4346 4345 4556 4570
20658 4 2 1 1 4346 4556 4571 4570
20659 4 2 1 1 4556 4331 4346 4332
20660 4 2 1 1 4346 4556 4332 4557
20661 4 2 1 1 4557 4332 4346 4347
20662 4 2 1 1 4346 4556 4557 4571
20663 4 2 1 1 4347 4346 4557 4571
20664 4 2 1 1 4347 4557 4572 4571
20665 4 2 1 1 4557 4332 4347 4333
20666 4 2 1 1 4347 4557 4333 4558
20667 4 2 1 1 4558 4333 4347 4348
20668 4 2 1 1 4347 4557 4558 4572
20669 4 2 1 1 4348 4347 4558 4572
20670 4 2 1 1 4348 4558 4573 4572
20671 4 2 1 1 4558 4333 4348 4334
20672 4 2 1 1 4348 4558 4334 4559
20673 4 2 1 1 4559 4334 4348 4349
20674 4 2 1 1 4348 4558 4559 4573
20675 4 2 1 1 4349 4348 4559 4573
20676 4 2 1 1 4349 4559 4574 4573
20677 4 2 1 1 4559 4334 4349 4335
20678 4 2 1 1 4349 4559 4335 4560
20679 4 2 1 1 4560 4335 4349 4350
20680 4 2 1 1 4349 4559 4560 4574
20681 4 2 1 1 4350 4349 4560 4574
20682 4 2 1 1 4350 4560 4575 4574
20683 4 2 1 1 4560 4335 4350 4336
20684 4 2 1 1 4350 4560 4336 4561
20685 4 2 1 1 4561 4336 4350 4351
20686 4 2 1 1 4350 4560 4561 4575
20687 4 2 1 1 4351 4350 4561 4575
20688 4 2 1 1 4351 4561 4576 4575
20689 4 2 1 1 4561 4336 4351 4337
20690 4 2 1 1 4351 4561 4337 4562
20691 4 2 1 1 4562 4337 4351 4352
20692 4 2 1 1 4351 4561 4562 4576
20693 4 2 1 1 4352 4351 4562 4576
20694 4 2 1 1 4352 4562 4577 4576
20695 4 2 1 1 4562 4337 4352 4338
20696 4 2 1 1 4352 4562 4338 4563
20697 4 2 1 1 4563 4338 4352 4353
20698 4 2 1 1 4352 4562 4563 4577
20699 4 2 1 1 4353 4352 4563 4577
20700 4 2 1 1 4353 4563 4578 4577
20701 4 2 1 1 4563 4338 4353 4339
20702 4 2 1 1 4353 4563 4339 4564
20703 4 2 1 1 4564 4339 4353 4354
20704 4 2 1 1 4353 4563 4564 4578
20705 4 2 1 1 4354 4353 4564 4578
20706 4 2 1 1 4354 4564 4579 4578
20707 4 2 1 1 4564 4339 4354 4340
20708 4 2 1 1 4354 4564 4340 4565
20709 4 2 1 1 4565 4340 4354 4355
20710 4 2 1 1 4354 4564 4565 4579
20711 4 2 1 1 4355 4354 4565 4579
20712 4 2 1 1 4355 4565 4580 4579
20713 4 2 1 1 4565 4340 4355 4341
20714 4 2 1 1 4355 4565 4341 4566
20715 4 2 1 1 4566 4341 4355 4356
20716 4 2 1 1 4355 4565 4566 4580
20717 4 2 1 1 4356 4355 4566 4580
20718 4 2 1 1 4356 4566 4581 4580
20719 4 2 1 1 4566 4341 4356 4342
20720 4 2 1 1 4356 4566 4342 4567
20721 4 2 1 1 4567 4342 4356 4357
20722 4 2 1 1 4356 4566 4567 4581
20723 4 2 1 1 4357 4356 4567 4581
20724 4 2 1 1 4357 4567 4582 4581
20725 4 2 1 1 4567 4342 4357 4343
20726 4 2 1 1 4357 4567 4343 4568
20727 4 2 1 1 4568 4343 4357 4358
20728 4 2 1 1 4357 4567 4568 4582
20729 4 2 1 1 4358 4357 4568 4582
20730 4 2 1 1 4358 4568 4583 4582
20731 4 2 1 1 4568 4343 4358 600
20732 4 2 1 1 4358 4568 600 615
20733 4 2 1 1 615 600 4358 601
20734 4 2 1 1 4358 4568 615 4583
20735 4 2 1 1 601 4358 615 4583
20736 4 2 1 1 601 615 616 4583
20737 4 2 1 1 391 376 377 4344
20738 4 2 1 1 377 391 4344 4569
20739 4 2 1 1 4569 4344 377 4359
20740 4 2 1 1 377 391 4569 392
20741 4 2 1 1 4359 377 4569 392
20742 4 2 1 1 4359 4569 4584 392
20743 4 2 1 1 4569 4344 4359 4345
20744 4 2 1 1 4359 4569 4345 4570
20745 4 2 1 1 4570 4345 4359 4360
20746 4 2 1 1 4359 4569 4570 4584
20747 4 2 1 1 4360 4359 4570 4584
20748 4 2 1 1 4360 4570 4585 4584
20749 4 2 1 1 4570 4345 4360 4346
20750 4 2 1 1 4360 4570 4346 4571
20751 4 2 1 1 4571 4346 4360 4361
20752 4 2 1 1 4360 4570 4571 4585
20753 4 2 1 1 4361 4360 4571 4585
20754 4 2 1 1 4361 4571 4586 4585
20755 4 2 1 1 4571 4346 4361 4347
20756 4 2 1 1 4361 4571 4347 4572
20757 4 2 1 1 4572 4347 4361 4362
20758 4 2 1 1 4361 4571 4572 4586
20759 4 2 1 1 4362 4361 4572 4586
20760 4 2 1 1 4362 4572 4587 4586
20761 4 2 1 1 4572 4347 4362 4348
20762 4 2 1 1 4362 4572 4348 4573
20763 4 2 1 1 4573 4348 4362 4363
20764 4 2 1 1 4362 4572 4573 4587
20765 4 2 1 1 4363 4362 4573 4587
20766 4 2 1 1 4363 4573 4588 4587
20767 4 2 1 1 4573 4348 4363 4349
20768 4 2 1 1 4363 4573 4349 4574
20769 4 2 1 1 4574 4349 4363 4364
20770 4 2 1 1 4363 4573 4574 4588
20771 4 2 1 1 4364 4363 4574 4588
20772 4 2 1 1 4364 4574 4589 4588
20773 4 2 1 1 4574 4349 4364 4350
20774 4 2 1 1 4364 4574 4350 4575
20775 4 2 1 1 4575 4350 4364 4365
20776 4 2 1 1 4364 4574 4575 4589
20777 4 2 1 1 4365 4364 4575 4589
20778 4 2 1 1 4365 4575 4590 4589
20779 4 2 1 1 4575 4350 4365 4351
20780 4 2 1 1 4365 4575 4351 4576
20781 4 2 1 1 4576 4351 4365 4366
20782 4 2 1 1 4365 4575 4576 4590
20783 4 2 1 1 4366 4365 4576 4590
20784 4 2 1 1 4366 4576 4591 4590
20785 4 2 1 1 4576 4351 4366 4352
20786 4 2 1 1 4366 4576 4352 4577
20787 4 2 1 1 4577 4352 4366 4367
20788 4 2 1 1 4366 4576 4577 4591
20789 4 2 1 1 4367 4366 4577 4591
20790 4 2 1 1 4367 4577 4592 4591
20791 4 2 1 1 4577 4352 4367 4353
20792 4 2 1 1 4367 4577 4353 4578
20793 4 2 1 1 4578 4353 4367 4368
20794 4 2 1 1 4367 4577 4578 4592
20795 4 2 1 1 4368 4367 4578 4592
20796 4 2 1 1 4368 4578 4593 4592
20797 4 2 1 1 4578 4353 4368 4354
20798 4 2 1 1 4368 4578 4354 4579
20799 4 2 1 1 4579 4354 4368 4369
20800 4 2 1 1 4368 4578 4579 4593
20801 4 2 1 1 4369 4368 4579 4593
20802 4 2 1 1 4369 4579 4594 4593
20803 4 2 1 1 4579 4354 4369 4355
20804 4 2 1 1 4369 4579 4355 4580
20805 4 2 1 1 4580 4355 4369 4370
20806 4 2 1 1 4369 4579 4580 4594
20807 4 2 1 1 4370 4369 4580 4594
20808 4 2 1 1 4370 4580 4595 4594
20809 4 2 1 1 4580 4355 4370 4356
20810 4 2 1 1 4370 4580 4356 4581
20811 4 2 1 1 4581 4356 4370 4371
20812 4 2 1 1 4370 4580 4581 4595
20813 4 2 1 1 4371 4370 4581 4595
20814 4 2 1 1 4371 4581 4596 4595
20815 4 2 1 1 4581 4356 4371 4357
20816 4 2 1 1 4371 4581 4357 4582
20817 4 2 1 1 4582 4357 4371 4372
20818 4 2 1 1 4371 4581 4582 4596
20819 4 2 1 1 4372 4371 4582 4596
20820 4 2 1 1 4372 4582 4597 4596
20821 4 2 1 1 4582 4357 4372 4358
20822 4 2 1 1 4372 4582 4358 4583
20823 4 2 1 1 4583 4358 4372 4373
20824 4 2 1 1 4372 4582 4583 4597
20825 4 2 1 1 4373 4372 4583 4597
20826 4 2 1 1 4373 4583 4598 4597
20827 4 2 1 1 4583 4358 4373 601
20828 4 2 1 1 4373 4583 601 616
20829 4 2 1 1 616 601 4373 602
20830 4 2 1 1 4373 4583 616 4598
20831 4 2 1 1 602 4373 616 4598
20832 4 2 1 1 602 616 617 4598
20833 4 2 1 1 392 377 378 4359
20834 4 2 1 1 378 392 4359 4584
20835 4 2 1 1 4584 4359 378 4374
20836 4 2 1 1 378 392 4584 393
20837 4 2 1 1 4374 378 4584 393
20838 4 2 1 1 4374 4584 4599 393
20839 4 2 1 1 4584 4359 4374 4360
20840 4 2 1 1 4374 4584 4360 4585
20841 4 2 1 1 4585 4360 4374 4375
20842 4 2 1 1 4374 4584 4585 4599
20843 4 2 1 1 4375 4374 4585 4599
20844 4 2 1 1 4375 4585 4600 4599
20845 4 2 1 1 4585 4360 4375 4361
20846 4 2 1 1 4375 4585 4361 4586
20847 4 2 1 1 4586 4361 4375 4376
20848 4 2 1 1 4375 4585 4586 4600
20849 4 2 1 1 4376 4375 4586 4600
20850 4 2 1 1 4376 4586 4601 4600
20851 4 2 1 1 4586 4361 4376 4362
20852 4 2 1 1 4376 4586 4362 4587
20853 4 2 1 1 4587 4362 4376 4377
20854 4 2 1 1 4376 4586 4587 4601
20855 4 2 1 1 4377 4376 4587 4601
20856 4 2 1 1 4377 4587 4602 4601
20857 4 2 1 1 4587 4362 4377 4363
20858 4 2 1 1 4377 4587 4363 4588
20859 4 2 1 1 4588 4363 4377 4378
20860 4 2 1 1 4377 4587 4588 4602
20861 4 2 1 1 4378 4377 4588 4602
20862 4 2 1 1 4378 4588 4603 4602
20863 4 2 1 1 4588 4363 4378 4364
20864 4 2 1 1 4378 4588 4364 4589
20865 4 2 1 1 4589 4364 4378 4379
20866 4 2 1 1 4378 4588 4589 4603
20867 4 2 1 1 4379 4378 4589 4603
20868 4 2 1 1 4379 4589 4604 4603
20869 4 2 1 1 4589 4364 4379 4365
20870 4 2 1 1 4379 4589 4365 4590
20871 4 2 1 1 4590 4365 4379 4380
20872 4 2 1 1 4379 4589 4590 4604
20873 4 2 1 1 4380 4379 4590 4604
20874 4 2 1 1 4380 4590 4605 4604
20875 4 2 1 1 4590 4365 4380 4366
20876 4 2 1 1 4380 4590 4366 4591
20877 4 2 1 1 4591 4366 4380 4381
20878 4 2 1 1 4380 4590 4591 4605
20879 4 2 1 1 4381 4380 4591 4605
20880 4 2 1 1 4381 4591 4606 4605
20881 4 2 1 1 4591 4366 4381 4367
20882 4 2 1 1 4381 4591 4367 4592
20883 4 2 1 1 4592 4367 4381 4382
20884 4 2 1 1 4381 4591 4592 4606
20885 4 2 1 1 4382 4381 4592 4606
20886 4 2 1 1 4382 4592 4607 4606
20887 4 2 1 1 4592 4367 4382 4368
20888 4 2 1 1 4382 4592 4368 4593
20889 4 2 1 1 4593 4368 4382 4383
20890 4 2 1 1 4382 4592 4593 4607
20891 4 2 1 1 4383 4382 4593 4607
20892 4 2 1 1 4383 4593 4608 4607
20893 4 2 1 1 4593 4368 4383 4369
20894 4 2 1 1 4383 4593 4369 4594
20895 4 2 1 1 4594 4369 4383 4384
20896 4 2 1 1 4383 4593 4594 4608
20897 4 2 1 1 4384 4383 4594 4608
20898 4 2 1 1 4384 4594 4609 4608
20899 4 2 1 1 4594 4369 4384 4370
20900 4 2 1 1 4384 4594 4370 4595
20901 4 2 1 1 4595 4370 4384 4385
20902 4 2 1 1 4384 4594 4595 4609
20903 4 2 1 1 4385 4384 4595 4609
20904 4 2 1 1 4385 4595 4610 4609
20905 4 2 1 1 4595 4370 4385 4371
20906 4 2 1 1 4385 4595 4371 4596
20907 4 2 1 1 4596 4371 4385 4386
20908 4 2 1 1 4385 4595 4596 4610
20909 4 2 1 1 4386 4385 4596 4610
20910 4 2 1 1 4386 4596 4611 4610
20911 4 2 1 1 4596 4371 4386 4372
20912 4 2 1 1 4386 4596 4372 4597
20913 4 2 1 1 4597 4372 4386 4387
20914 4 2 1 1 4386 4596 4597 4611
20915 4 2 1 1 4387 4386 4597 4611
20916 4 2 1 1 4387 4597 4612 4611
20917 4 2 1 1 4597 4372 4387 4373
20918 4 2 1 1 4387 4597 4373 4598
20919 4 2 1 1 4598 4373 4387 4388
20920 4 2 1 1 4387 4597 4598 4612
20921 4 2 1 1 4388 4387 4598 4612
20922 4 2 1 1 4388 4598 4613 4612
20923 4 2 1 1 4598 4373 4388 602
20924 4 2 1 1 4388 4598 602 617
20925 4 2 1 1 617 602 4388 603
20926 4 2 1 1 4388 4598 617 4613
20927 4 2 1 1 603 4388 617 4613
20928 4 2 1 1 603 617 618 4613
20929 4 2 1 1 393 378 379 4374
20930 4 2 1 1 379 393 4374 4599
20931 4 2 1 1 4599 4374 379 4389
20932 4 2 1 1 379 393 4599 394
20933 4 2 1 1 4389 379 4599 394
20934 4 2 1 1 4389 4599 4614 394
20935 4 2 1 1 4599 4374 4389 4375
20936 4 2 1 1 4389 4599 4375 4600
20937 4 2 1 1 4600 4375 4389 4390
20938 4 2 1 1 4389 4599 4600 4614
20939 4 2 1 1 4390 4389 4600 4614
20940 4 2 1 1 4390 4600 4615 4614
20941 4 2 1 1 4600 4375 4390 4376
20942 4 2 1 1 4390 4600 4376 4601
20943 4 2 1 1 4601 4376 4390 4391
20944 4 2 1 1 4390 4600 4601 4615
20945 4 2 1 1 4391 4390 4601 4615
20946 4 2 1 1 4391 4601 4616 4615
20947 4 2 1 1 4601 4376 4391 4377
20948 4 2 1 1 4391 4601 4377 4602
20949 4 2 1 1 4602 4377 4391 4392
20950 4 2 1 1 4391 4601 4602 4616
20951 4 2 1 1 4392 4391 4602 4616
20952 4 2 1 1 4392 4602 4617 4616
20953 4 2 1 1 4602 4377 4392 4378
20954 4 2 1 1 4392 4602 4378 4603
20955 4 2 1 1 4603 4378 4392 4393
20956 4 2 1 1 4392 4602 4603 4617
20957 4 2 1 1 4393 4392 4603 4617
20958 4 2 1 1 4393 4603 4618 4617
20959 4 2 1 1 4603 4378 4393 4379
20960 4 2 1 1 4393 4603 4379 4604
20961 4 2 1 1 4604 4379 4393 4394
20962 4 2 1 1 4393 4603 4604 4618
20963 4 2 1 1 4394 4393 4604 4618
20964 4 2 1 1 4394 4604 4619 4618
20965 4 2 1 1 4604 4379 4394 4380
20966 4 2 1 1 4394 4604 4380 4605
20967 4 2 1 1 4605 4380 4394 4395
20968 4 2 1 1 4394 4604 4605 4619
20969 4 2 1 1 4395 4394 4605 4619
20970 4 2 1 1 4395 4605 4620 4619
20971 4 2 1 1 4605 4380 4395 4381
20972 4 2 1 1 4395 4605 4381 4606
20973 4 2 1 1 4606 4381 4395 4396
20974 4 2 1 1 4395 4605 4606 4620
20975 4 2 1 1 4396 4395 4606 4620
20976 4 2 1 1 4396 4606 4621 4620
20977 4 2 1 1 4606 4381 4396 4382
20978 4 2 1 1 4396 4606 4382 4607
20979 4 2 1 1 4607 4382 4396 4397
20980 4 2 1 1 4396 4606 4607 4621
20981 4 2 1 1 4397 4396 4607 4621
20982 4 2 1 1 4397 4607 4622 4621
20983 4 2 1 1 4607 4382 4397 4383
20984 4 2 1 1 4397 4607 4383 4608
20985 4 2 1 1 4608 4383 4397 4398
20986 4 2 1 1 4397 4607 4608 4622
20987 4 2 1 1 4398 4397 4608 4622
20988 4 2 1 1 4398 4608 4623 4622
20989 4 2 1 1 4608 4383 4398 4384
20990 4 2 1 1 4398 4608 4384 4609
20991 4 2 1 1 4609 4384 4398 4399
20992 4 2 1 1 4398 4608 4609 4623
20993 4 2 1 1 4399 4398 4609 4623
20994 4 2 1 1 4399 4609 4624 4623
20995 4 2 1 1 4609 4384 4399 4385
20996 4 2 1 1 4399 4609 4385 4610
20997 4 2 1 1 4610 4385 4399 4400
20998 4 2 1 1 4399 4609 4610 4624
20999 4 2 1 1 4400 4399 4610 4624
21000 4 2 1 1 4400 4610 4625 4624
21001 4 2 1 1 4610 4385 4400 4386
21002 4 2 1 1 4400 4610 4386 4611
21003 4 2 1 1 4611 4386 4400 4401
21004 4 2 1 1 4400 4610 4611 4625
21005 4 2 1 1 4401 4400 4611 4625
21006 4 2 1 1 4401 4611 4626 4625
21007 4 2 1 1 4611 4386 4401 4387
21008 4 2 1 1 4401 4611 4387 4612
21009 4 2 1 1 4612 4387 4401 4402
21010 4 2 1 1 4401 4611 4612 4626
21011 4 2 1 1 4402 4401 4612 4626
21012 4 2 1 1 4402 4612 4627 4626
21013 4 2 1 1 4612 4387 4402 4388
21014 4 2 1 1 4402 4612 4388 4613
21015 4 2 1 1 4613 4388 4402 4403
21016 4 2 1 1 4402 4612 4613 4627
21017 4 2 1 1 4403 4402 4613 4627
21018 4 2 1 1 4403 4613 4628 4627
21019 4 2 1 1 4613 4388 4403 603
21020 4 2 1 1 4403 4613 603 618
21021 4 2 1 1 618 603 4403 604
21022 4 2 1 1 4403 4613 618 4628
21023 4 2 1 1 604 4403 618 4628
21024 4 2 1 1 604 618 619 4628
21025 4 2 1 1 394 379 380 4389
21026 4 2 1 1 380 394 4389 4614
21027 4 2 1 1 4614 4389 380 4404
21028 4 2 1 1 380 394 4614 395
21029 4 2 1 1 4404 380 4614 395
21030 4 2 1 1 4404 4614 4629 395
21031 4 2 1 1 4614 4389 4404 4390
21032 4 2 1 1 4404 4614 4390 4615
21033 4 2 1 1 4615 4390 4404 4405
21034 4 2 1 1 4404 4614 4615 4629
21035 4 2 1 1 4405 4404 4615 4629
21036 4 2 1 1 4405 4615 4630 4629
21037 4 2 1 1 4615 4390 4405 4391
21038 4 2 1 1 4405 4615 4391 4616
21039 4 2 1 1 4616 4391 4405 4406
21040 4 2 1 1 4405 4615 4616 4630
21041 4 2 1 1 4406 4405 4616 4630
21042 4 2 1 1 4406 4616 4631 4630
21043 4 2 1 1 4616 4391 4406 4392
21044 4 2 1 1 4406 4616 4392 4617
21045 4 2 1 1 4617 4392 4406 4407
21046 4 2 1 1 4406 4616 4617 4631
21047 4 2 1 1 4407 4406 4617 4631
21048 4 2 1 1 4407 4617 4632 4631
21049 4 2 1 1 4617 4392 4407 4393
21050 4 2 1 1 4407 4617 4393 4618
21051 4 2 1 1 4618 4393 4407 4408
21052 4 2 1 1 4407 4617 4618 4632
21053 4 2 1 1 4408 4407 4618 4632
21054 4 2 1 1 4408 4618 4633 4632
21055 4 2 1 1 4618 4393 4408 4394
21056 4 2 1 1 4408 4618 4394 4619
21057 4 2 1 1 4619 4394 4408 4409
21058 4 2 1 1 4408 4618 4619 4633
21059 4 2 1 1 4409 4408 4619 4633
21060 4 2 1 1 4409 4619 4634 4633
21061 4 2 1 1 4619 4394 4409 4395
21062 4 2 1 1 4409 4619 4395 4620
21063 4 2 1 1 4620 4395 4409 4410
21064 4 2 1 1 4409 4619 4620 4634
21065 4 2 1 1 4410 4409 4620 4634
21066 4 2 1 1 4410 4620 4635 4634
21067 4 2 1 1 4620 4395 4410 4396
21068 4 2 1 1 4410 4620 4396 4621
21069 4 2 1 1 4621 4396 4410 4411
21070 4 2 1 1 4410 4620 4621 4635
21071 4 2 1 1 4411 4410 4621 4635
21072 4 2 1 1 4411 4621 4636 4635
21073 4 2 1 1 4621 4396 4411 4397
21074 4 2 1 1 4411 4621 4397 4622
21075 4 2 1 1 4622 4397 4411 4412
21076 4 2 1 1 4411 4621 4622 4636
21077 4 2 1 1 4412 4411 4622 4636
21078 4 2 1 1 4412 4622 4637 4636
21079 4 2 1 1 4622 4397 4412 4398
21080 4 2 1 1 4412 4622 4398 4623
21081 4 2 1 1 4623 4398 4412 4413
21082 4 2 1 1 4412 4622 4623 4637
21083 4 2 1 1 4413 4412 4623 4637
21084 4 2 1 1 4413 4623 4638 4637
21085 4 2 1 1 4623 4398 4413 4399
21086 4 2 1 1 4413 4623 4399 4624
21087 4 2 1 1 4624 4399 4413 4414
21088 4 2 1 1 4413 4623 4624 4638
21089 4 2 1 1 4414 4413 4624 4638
21090 4 2 1 1 4414 4624 4639 4638
21091 4 2 1 1 4624 4399 4414 4400
21092 4 2 1 1 4414 4624 4400 4625
21093 4 2 1 1 4625 4400 4414 4415
21094 4 2 1 1 4414 4624 4625 4639
21095 4 2 1 1 4415 4414 4625 4639
21096 4 2 1 1 4415 4625 4640 4639
21097 4 2 1 1 4625 4400 4415 4401
21098 4 2 1 1 4415 4625 4401 4626
21099 4 2 1 1 4626 4401 4415 4416
21100 4 2 1 1 4415 4625 4626 4640
21101 4 2 1 1 4416 4415 4626 4640
21102 4 2 1 1 4416 4626 4641 4640
21103 4 2 1 1 4626 4401 4416 4402
21104 4 2 1 1 4416 4626 4402 4627
21105 4 2 1 1 4627 4402 4416 4417
21106 4 2 1 1 4416 4626 4627 4641
21107 4 2 1 1 4417 4416 4627 4641
21108 4 2 1 1 4417 4627 4642 4641
21109 4 2 1 1 4627 4402 4417 4403
21110 4 2 1 1 4417 4627 4403 4628
21111 4 2 1 1 4628 4403 4417 4418
21112 4 2 1 1 4417 4627 4628 4642
21113 4 2 1 1 4418 4417 4628 4642
21114 4 2 1 1 4418 4628 4643 4642
21115 4 2 1 1 4628 4403 4418 604
21116 4 2 1 1 4418 4628 604 619
21117 4 2 1 1 619 604 4418 605
21118 4 2 1 1 4418 4628 619 4643
21119 4 2 1 1 605 4418 619 4643
21120 4 2 1 1 605 619 620 4643
21121 4 2 1 1 395 380 381 4404
21122 4 2 1 1 381 395 4404 4629
21123 4 2 1 1 4629 4404 381 4419
21124 4 2 1 1 381 395 4629 396
21125 4 2 1 1 4419 381 4629 396
21126 4 2 1 1 4419 4629 4644 396
21127 4 2 1 1 4629 4404 4419 4405
21128 4 2 1 1 4419 4629 4405 4630
21129 4 2 1 1 4630 4405 4419 4420
21130 4 2 1 1 4419 4629 4630 4644
21131 4 2 1 1 4420 4419 4630 4644
21132 4 2 1 1 4420 4630 4645 4644
21133 4 2 1 1 4630 4405 4420 4406
21134 4 2 1 1 4420 4630 4406 4631
21135 4 2 1 1 4631 4406 4420 4421
21136 4 2 1 1 4420 4630 4631 4645
21137 4 2 1 1 4421 4420 4631 4645
21138 4 2 1 1 4421 4631 4646 4645
21139 4 2 1 1 4631 4406 4421 4407
21140 4 2 1 1 4421 4631 4407 4632
21141 4 2 1 1 4632 4407 4421 4422
21142 4 2 1 1 4421 4631 4632 4646
21143 4 2 1 1 4422 4421 4632 4646
21144 4 2 1 1 4422 4632 4647 4646
21145 4 2 1 1 4632 4407 4422 4408
21146 4 2 1 1 4422 4632 4408 4633
21147 4 2 1 1 4633 4408 4422 4423
21148 4 2 1 1 4422 4632 4633 4647
21149 4 2 1 1 4423 4422 4633 4647
21150 4 2 1 1 4423 4633 4648 4647
21151 4 2 1 1 4633 4408 4423 4409
21152 4 2 1 1 4423 4633 4409 4634
21153 4 2 1 1 4634 4409 4423 4424
21154 4 2 1 1 4423 4633 4634 4648
21155 4 2 1 1 4424 4423 4634 4648
21156 4 2 1 1 4424 4634 4649 4648
21157 4 2 1 1 4634 4409 4424 4410
21158 4 2 1 1 4424 4634 4410 4635
21159 4 2 1 1 4635 4410 4424 4425
21160 4 2 1 1 4424 4634 4635 4649
21161 4 2 1 1 4425 4424 4635 4649
21162 4 2 1 1 4425 4635 4650 4649
21163 4 2 1 1 4635 4410 4425 4411
21164 4 2 1 1 4425 4635 4411 4636
21165 4 2 1 1 4636 4411 4425 4426
21166 4 2 1 1 4425 4635 4636 4650
21167 4 2 1 1 4426 4425 4636 4650
21168 4 2 1 1 4426 4636 4651 4650
21169 4 2 1 1 4636 4411 4426 4412
21170 4 2 1 1 4426 4636 4412 4637
21171 4 2 1 1 4637 4412 4426 4427
21172 4 2 1 1 4426 4636 4637 4651
21173 4 2 1 1 4427 4426 4637 4651
21174 4 2 1 1 4427 4637 4652 4651
21175 4 2 1 1 4637 4412 4427 4413
21176 4 2 1 1 4427 4637 4413 4638
21177 4 2 1 1 4638 4413 4427 4428
21178 4 2 1 1 4427 4637 4638 4652
21179 4 2 1 1 4428 4427 4638 4652
21180 4 2 1 1 4428 4638 4653 4652
21181 4 2 1 1 4638 4413 4428 4414
21182 4 2 1 1 4428 4638 4414 4639
21183 4 2 1 1 4639 4414 4428 4429
21184 4 2 1 1 4428 4638 4639 4653
21185 4 2 1 1 4429 4428 4639 4653
21186 4 2 1 1 4429 4639 4654 4653
21187 4 2 1 1 4639 4414 4429 4415
21188 4 2 1 1 4429 4639 4415 4640
21189 4 2 1 1 4640 4415 4429 4430
21190 4 2 1 1 4429 4639 4640 4654
21191 4 2 1 1 4430 4429 4640 4654
21192 4 2 1 1 4430 4640 4655 4654
21193 4 2 1 1 4640 4415 4430 4416
21194 4 2 1 1 4430 4640 4416 4641
21195 4 2 1 1 4641 4416 4430 4431
21196 4 2 1 1 4430 4640 4641 4655
21197 4 2 1 1 4431 4430 4641 4655
21198 4 2 1 1 4431 4641 4656 4655
21199 4 2 1 1 4641 4416 4431 4417
21200 4 2 1 1 4431 4641 4417 4642
21201 4 2 1 1 4642 4417 4431 4432
21202 4 2 1 1 4431 4641 4642 4656
21203 4 2 1 1 4432 4431 4642 4656
21204 4 2 1 1 4432 4642 4657 4656
21205 4 2 1 1 4642 4417 4432 4418
21206 4 2 1 1 4432 4642 4418 4643
21207 4 2 1 1 4643 4418 4432 4433
21208 4 2 1 1 4432 4642 4643 4657
21209 4 2 1 1 4433 4432 4643 4657
21210 4 2 1 1 4433 4643 4658 4657
21211 4 2 1 1 4643 4418 4433 605
21212 4 2 1 1 4433 4643 605 620
21213 4 2 1 1 620 605 4433 606
21214 4 2 1 1 4433 4643 620 4658
21215 4 2 1 1 606 4433 620 4658
21216 4 2 1 1 606 620 621 4658
21217 4 2 1 1 396 381 382 4419
21218 4 2 1 1 382 396 4419 4644
21219 4 2 1 1 4644 4419 382 4434
21220 4 2 1 1 382 396 4644 397
21221 4 2 1 1 4434 382 4644 397
21222 4 2 1 1 4434 4644 4659 397
21223 4 2 1 1 4644 4419 4434 4420
21224 4 2 1 1 4434 4644 4420 4645
21225 4 2 1 1 4645 4420 4434 4435
21226 4 2 1 1 4434 4644 4645 4659
21227 4 2 1 1 4435 4434 4645 4659
21228 4 2 1 1 4435 4645 4660 4659
21229 4 2 1 1 4645 4420 4435 4421
21230 4 2 1 1 4435 4645 4421 4646
21231 4 2 1 1 4646 4421 4435 4436
21232 4 2 1 1 4435 4645 4646 4660
21233 4 2 1 1 4436 4435 4646 4660
21234 4 2 1 1 4436 4646 4661 4660
21235 4 2 1 1 4646 4421 4436 4422
21236 4 2 1 1 4436 4646 4422 4647
21237 4 2 1 1 4647 4422 4436 4437
21238 4 2 1 1 4436 4646 4647 4661
21239 4 2 1 1 4437 4436 4647 4661
21240 4 2 1 1 4437 4647 4662 4661
21241 4 2 1 1 4647 4422 4437 4423
21242 4 2 1 1 4437 4647 4423 4648
21243 4 2 1 1 4648 4423 4437 4438
21244 4 2 1 1 4437 4647 4648 4662
21245 4 2 1 1 4438 4437 4648 4662
21246 4 2 1 1 4438 4648 4663 4662
21247 4 2 1 1 4648 4423 4438 4424
21248 4 2 1 1 4438 4648 4424 4649
21249 4 2 1 1 4649 4424 4438 4439
21250 4 2 1 1 4438 4648 4649 4663
21251 4 2 1 1 4439 4438 4649 4663
21252 4 2 1 1 4439 4649 4664 4663
21253 4 2 1 1 4649 4424 4439 4425
21254 4 2 1 1 4439 4649 4425 4650
21255 4 2 1 1 4650 4425 4439 4440
21256 4 2 1 1 4439 4649 4650 4664
21257 4 2 1 1 4440 4439 4650 4664
21258 4 2 1 1 4440 4650 4665 4664
21259 4 2 1 1 4650 4425 4440 4426
21260 4 2 1 1 4440 4650 4426 4651
21261 4 2 1 1 4651 4426 4440 4441
21262 4 2 1 1 4440 4650 4651 4665
21263 4 2 1 1 4441 4440 4651 4665
21264 4 2 1 1 4441 4651 4666 4665
21265 4 2 1 1 4651 4426 4441 4427
21266 4 2 1 1 4441 4651 4427 4652
21267 4 2 1 1 4652 4427 4441 4442
21268 4 2 1 1 4441 4651 4652 4666
21269 4 2 1 1 4442 4441 4652 4666
21270 4 2 1 1 4442 4652 4667 4666
21271 4 2 1 1 4652 4427 4442 4428
21272 4 2 1 1 4442 4652 4428 4653
21273 4 2 1 1 4653 4428 4442 4443
21274 4 2 1 1 4442 4652 4653 4667
21275 4 2 1 1 4443 4442 4653 4667
21276 4 2 1 1 4443 4653 4668 4667
21277 4 2 1 1 4653 4428 4443 4429
21278 4 2 1 1 4443 4653 4429 4654
21279 4 2 1 1 4654 4429 4443 4444
21280 4 2 1 1 4443 4653 4654 4668
21281 4 2 1 1 4444 4443 4654 4668
21282 4 2 1 1 4444 4654 4669 4668
21283 4 2 1 1 4654 4429 4444 4430
21284 4 2 1 1 4444 4654 4430 4655
21285 4 2 1 1 4655 4430 4444 4445
21286 4 2 1 1 4444 4654 4655 4669
21287 4 2 1 1 4445 4444 4655 4669
21288 4 2 1 1 4445 4655 4670 4669
21289 4 2 1 1 4655 4430 4445 4431
21290 4 2 1 1 4445 4655 4431 4656
21291 4 2 1 1 4656 4431 4445 4446
21292 4 2 1 1 4445 4655 4656 4670
21293 4 2 1 1 4446 4445 4656 4670
21294 4 2 1 1 4446 4656 4671 4670
21295 4 2 1 1 4656 4431 4446 4432
21296 4 2 1 1 4446 4656 4432 4657
21297 4 2 1 1 4657 4432 4446 4447
21298 4 2 1 1 4446 4656 4657 4671
21299 4 2 1 1 4447 4446 4657 4671
21300 4 2 1 1 4447 4657 4672 4671
21301 4 2 1 1 4657 4432 4447 4433
21302 4 2 1 1 4447 4657 4433 4658
21303 4 2 1 1 4658 4433 4447 4448
21304 4 2 1 1 4447 4657 4658 4672
21305 4 2 1 1 4448 4447 4658 4672
21306 4 2 1 1 4448 4658 4673 4672
21307 4 2 1 1 4658 4433 4448 606
21308 4 2 1 1 4448 4658 606 621
21309 4 2 1 1 621 606 4448 607
21310 4 2 1 1 4448 4658 621 4673
21311 4 2 1 1 607 4448 621 4673
21312 4 2 1 1 607 621 622 4673
21313 4 2 1 1 397 382 383 4434
21314 4 2 1 1 383 397 4434 4659
21315 4 2 1 1 4659 4434 383 4449
21316 4 2 1 1 383 397 4659 398
21317 4 2 1 1 4449 383 4659 398
21318 4 2 1 1 4449 4659 4674 398
21319 4 2 1 1 4659 4434 4449 4435
21320 4 2 1 1 4449 4659 4435 4660
21321 4 2 1 1 4660 4435 4449 4450
21322 4 2 1 1 4449 4659 4660 4674
21323 4 2 1 1 4450 4449 4660 4674
21324 4 2 1 1 4450 4660 4675 4674
21325 4 2 1 1 4660 4435 4450 4436
21326 4 2 1 1 4450 4660 4436 4661
21327 4 2 1 1 4661 4436 4450 4451
21328 4 2 1 1 4450 4660 4661 4675
21329 4 2 1 1 4451 4450 4661 4675
21330 4 2 1 1 4451 4661 4676 4675
21331 4 2 1 1 4661 4436 4451 4437
21332 4 2 1 1 4451 4661 4437 4662
21333 4 2 1 1 4662 4437 4451 4452
21334 4 2 1 1 4451 4661 4662 4676
21335 4 2 1 1 4452 4451 4662 4676
21336 4 2 1 1 4452 4662 4677 4676
21337 4 2 1 1 4662 4437 4452 4438
21338 4 2 1 1 4452 4662 4438 4663
21339 4 2 1 1 4663 4438 4452 4453
21340 4 2 1 1 4452 4662 4663 4677
21341 4 2 1 1 4453 4452 4663 4677
21342 4 2 1 1 4453 4663 4678 4677
21343 4 2 1 1 4663 4438 4453 4439
21344 4 2 1 1 4453 4663 4439 4664
21345 4 2 1 1 4664 4439 4453 4454
21346 4 2 1 1 4453 4663 4664 4678
21347 4 2 1 1 4454 4453 4664 4678
21348 4 2 1 1 4454 4664 4679 4678
21349 4 2 1 1 4664 4439 4454 4440
21350 4 2 1 1 4454 4664 4440 4665
21351 4 2 1 1 4665 4440 4454 4455
21352 4 2 1 1 4454 4664 4665 4679
21353 4 2 1 1 4455 4454 4665 4679
21354 4 2 1 1 4455 4665 4680 4679
21355 4 2 1 1 4665 4440 4455 4441
21356 4 2 1 1 4455 4665 4441 4666
21357 4 2 1 1 4666 4441 4455 4456
21358 4 2 1 1 4455 4665 4666 4680
21359 4 2 1 1 4456 4455 4666 4680
21360 4 2 1 1 4456 4666 4681 4680
21361 4 2 1 1 4666 4441 4456 4442
21362 4 2 1 1 4456 4666 4442 4667
21363 4 2 1 1 4667 4442 4456 4457
21364 4 2 1 1 4456 4666 4667 4681
21365 4 2 1 1 4457 4456 4667 4681
21366 4 2 1 1 4457 4667 4682 4681
21367 4 2 1 1 4667 4442 4457 4443
21368 4 2 1 1 4457 4667 4443 4668
21369 4 2 1 1 4668 4443 4457 4458
21370 4 2 1 1 4457 4667 4668 4682
21371 4 2 1 1 4458 4457 4668 4682
21372 4 2 1 1 4458 4668 4683 4682
21373 4 2 1 1 4668 4443 4458 4444
21374 4 2 1 1 4458 4668 4444 4669
21375 4 2 1 1 4669 4444 4458 4459
21376 4 2 1 1 4458 4668 4669 4683
21377 4 2 1 1 4459 4458 4669 4683
21378 4 2 1 1 4459 4669 4684 4683
21379 4 2 1 1 4669 4444 4459 4445
21380 4 2 1 1 4459 4669 4445 4670
21381 4 2 1 1 4670 4445 4459 4460
21382 4 2 1 1 4459 4669 4670 4684
21383 4 2 1 1 4460 4459 4670 4684
21384 4 2 1 1 4460 4670 4685 4684
21385 4 2 1 1 4670 4445 4460 4446
21386 4 2 1 1 4460 4670 4446 4671
21387 4 2 1 1 4671 4446 4460 4461
21388 4 2 1 1 4460 4670 4671 4685
21389 4 2 1 1 4461 4460 4671 4685
21390 4 2 1 1 4461 4671 4686 4685
21391 4 2 1 1 4671 4446 4461 4447
21392 4 2 1 1 4461 4671 4447 4672
21393 4 2 1 1 4672 4447 4461 4462
21394 4 2 1 1 4461 4671 4672 4686
21395 4 2 1 1 4462 4461 4672 4686
21396 4 2 1 1 4462 4672 4687 4686
21397 4 2 1 1 4672 4447 4462 4448
21398 4 2 1 1 4462 4672 4448 4673
21399 4 2 1 1 4673 4448 4462 4463
21400 4 2 1 1 4462 4672 4673 4687
21401 4 2 1 1 4463 4462 4673 4687
21402 4 2 1 1 4463 4673 4688 4687
21403 4 2 1 1 4673 4448 4463 607
21404 4 2 1 1 4463 4673 607 622
21405 4 2 1 1 622 607 4463 608
21406 4 2 1 1 4463 4673 622 4688
21407 4 2 1 1 608 4463 622 4688
21408 4 2 1 1 608 622 623 4688
21409 4 2 1 1 398 383 51 4449
21410 4 2 1 1 51 398 4449 4674
21411 4 2 1 1 4674 4449 51 876
21412 4 2 1 1 51 398 4674 52
21413 4 2 1 1 876 51 4674 52
21414 4 2 1 1 876 4674 877 52
21415 4 2 1 1 4674 4449 876 4450
21416 4 2 1 1 876 4674 4450 4675
21417 4 2 1 1 4675 4450 876 891
21418 4 2 1 1 876 4674 4675 877
21419 4 2 1 1 891 876 4675 877
21420 4 2 1 1 891 4675 892 877
21421 4 2 1 1 4675 4450 891 4451
21422 4 2 1 1 891 4675 4451 4676
21423 4 2 1 1 4676 4451 891 906
21424 4 2 1 1 891 4675 4676 892
21425 4 2 1 1 906 891 4676 892
21426 4 2 1 1 906 4676 907 892
21427 4 2 1 1 4676 4451 906 4452
21428 4 2 1 1 906 4676 4452 4677
21429 4 2 1 1 4677 4452 906 921
21430 4 2 1 1 906 4676 4677 907
21431 4 2 1 1 921 906 4677 907
21432 4 2 1 1 921 4677 922 907
21433 4 2 1 1 4677 4452 921 4453
21434 4 2 1 1 921 4677 4453 4678
21435 4 2 1 1 4678 4453 921 936
21436 4 2 1 1 921 4677 4678 922
21437 4 2 1 1 936 921 4678 922
21438 4 2 1 1 936 4678 937 922
21439 4 2 1 1 4678 4453 936 4454
21440 4 2 1 1 936 4678 4454 4679
21441 4 2 1 1 4679 4454 936 951
21442 4 2 1 1 936 4678 4679 937
21443 4 2 1 1 951 936 4679 937
21444 4 2 1 1 951 4679 952 937
21445 4 2 1 1 4679 4454 951 4455
21446 4 2 1 1 951 4679 4455 4680
21447 4 2 1 1 4680 4455 951 966
21448 4 2 1 1 951 4679 4680 952
21449 4 2 1 1 966 951 4680 952
21450 4 2 1 1 966 4680 967 952
21451 4 2 1 1 4680 4455 966 4456
21452 4 2 1 1 966 4680 4456 4681
21453 4 2 1 1 4681 4456 966 981
21454 4 2 1 1 966 4680 4681 967
21455 4 2 1 1 981 966 4681 967
21456 4 2 1 1 981 4681 982 967
21457 4 2 1 1 4681 4456 981 4457
21458 4 2 1 1 981 4681 4457 4682
21459 4 2 1 1 4682 4457 981 996
21460 4 2 1 1 981 4681 4682 982
21461 4 2 1 1 996 981 4682 982
21462 4 2 1 1 996 4682 997 982
21463 4 2 1 1 4682 4457 996 4458
21464 4 2 1 1 996 4682 4458 4683
21465 4 2 1 1 4683 4458 996 1011
21466 4 2 1 1 996 4682 4683 997
21467 4 2 1 1 1011 996 4683 997
21468 4 2 1 1 1011 4683 1012 997
21469 4 2 1 1 4683 4458 1011 4459
21470 4 2 1 1 1011 4683 4459 4684
21471 4 2 1 1 4684 4459 1011 1026
21472 4 2 1 1 1011 4683 4684 1012
21473 4 2 1 1 1026 1011 4684 1012
21474 4 2 1 1 1026 4684 1027 1012
21475 4 2 1 1 4684 4459 1026 4460
21476 4 2 1 1 1026 4684 4460 4685
21477 4 2 1 1 4685 4460 1026 1041
21478 4 2 1 1 1026 4684 4685 1027
21479 4 2 1 1 1041 1026 4685 1027
21480 4 2 1 1 1041 4685 1042 1027
21481 4 2 1 1 4685 4460 1041 4461
21482 4 2 1 1 1041 4685 4461 4686
21483 4 2 1 1 4686 4461 1041 1056
21484 4 2 1 1 1041 4685 4686 1042
21485 4 2 1 1 1056 1041 4686 1042
21486 4 2 1 1 1056 4686 1057 1042
21487 4 2 1 1 4686 4461 1056 4462
21488 4 2 1 1 1056 4686 4462 4687
21489 4 2 1 1 4687 4462 1056 1071
21490 4 2 1 1 1056 4686 4687 1057
21491 4 2 1 1 1071 1056 4687 1057
21492 4 2 1 1 1071 4687 1072 1057
21493 4 2 1 1 4687 4462 1071 4463
21494 4 2 1 1 1071 4687 4463 4688
21495 4 2 1 1 4688 4463 1071 1086
21496 4 2 1 1 1071 4687 4688 1072
21497 4 2 1 1 1086 1071 4688 1072
21498 4 2 1 1 1086 4688 1087 1072
21499 4 2 1 1 4688 4463 1086 608
21500 4 2 1 1 1086 4688 608 623
21501 4 2 1 1 623 608 1086 111
21502 4 2 1 1 1086 4688 623 1087
21503 4 2 1 1 111 1086 623 1087
21504 4 2 1 1 111 623 112 1087
21505 4 2 1 1 23 22 384 652
21506 4 2 1 1 384 23 652 653
21507 4 2 1 1 653 652 384 4464
21508 4 2 1 1 384 23 653 399
21509 4 2 1 1 4464 384 653 399
21510 4 2 1 1 4464 653 4689 399
21511 4 2 1 1 653 652 4464 667
21512 4 2 1 1 4464 653 667 668
21513 4 2 1 1 668 667 4464 4465
21514 4 2 1 1 4464 653 668 4689
21515 4 2 1 1 4465 4464 668 4689
21516 4 2 1 1 4465 668 4690 4689
21517 4 2 1 1 668 667 4465 682
21518 4 2 1 1 4465 668 682 683
21519 4 2 1 1 683 682 4465 4466
21520 4 2 1 1 4465 668 683 4690
21521 4 2 1 1 4466 4465 683 4690
21522 4 2 1 1 4466 683 4691 4690
21523 4 2 1 1 683 682 4466 697
21524 4 2 1 1 4466 683 697 698
21525 4 2 1 1 698 697 4466 4467
21526 4 2 1 1 4466 683 698 4691
21527 4 2 1 1 4467 4466 698 4691
21528 4 2 1 1 4467 698 4692 4691
21529 4 2 1 1 698 697 4467 712
21530 4 2 1 1 4467 698 712 713
21531 4 2 1 1 713 712 4467 4468
21532 4 2 1 1 4467 698 713 4692
21533 4 2 1 1 4468 4467 713 4692
21534 4 2 1 1 4468 713 4693 4692
21535 4 2 1 1 713 712 4468 727
21536 4 2 1 1 4468 713 727 728
21537 4 2 1 1 728 727 4468 4469
21538 4 2 1 1 4468 713 728 4693
21539 4 2 1 1 4469 4468 728 4693
21540 4 2 1 1 4469 728 4694 4693
21541 4 2 1 1 728 727 4469 742
21542 4 2 1 1 4469 728 742 743
21543 4 2 1 1 743 742 4469 4470
21544 4 2 1 1 4469 728 743 4694
21545 4 2 1 1 4470 4469 743 4694
21546 4 2 1 1 4470 743 4695 4694
21547 4 2 1 1 743 742 4470 757
21548 4 2 1 1 4470 743 757 758
21549 4 2 1 1 758 757 4470 4471
21550 4 2 1 1 4470 743 758 4695
21551 4 2 1 1 4471 4470 758 4695
21552 4 2 1 1 4471 758 4696 4695
21553 4 2 1 1 758 757 4471 772
21554 4 2 1 1 4471 758 772 773
21555 4 2 1 1 773 772 4471 4472
21556 4 2 1 1 4471 758 773 4696
21557 4 2 1 1 4472 4471 773 4696
21558 4 2 1 1 4472 773 4697 4696
21559 4 2 1 1 773 772 4472 787
21560 4 2 1 1 4472 773 787 788
21561 4 2 1 1 788 787 4472 4473
21562 4 2 1 1 4472 773 788 4697
21563 4 2 1 1 4473 4472 788 4697
21564 4 2 1 1 4473 788 4698 4697
21565 4 2 1 1 788 787 4473 802
21566 4 2 1 1 4473 788 802 803
21567 4 2 1 1 803 802 4473 4474
21568 4 2 1 1 4473 788 803 4698
21569 4 2 1 1 4474 4473 803 4698
21570 4 2 1 1 4474 803 4699 4698
21571 4 2 1 1 803 802 4474 817
21572 4 2 1 1 4474 803 817 818
21573 4 2 1 1 818 817 4474 4475
21574 4 2 1 1 4474 803 818 4699
21575 4 2 1 1 4475 4474 818 4699
21576 4 2 1 1 4475 818 4700 4699
21577 4 2 1 1 818 817 4475 832
21578 4 2 1 1 4475 818 832 833
21579 4 2 1 1 833 832 4475 4476
21580 4 2 1 1 4475 818 833 4700
21581 4 2 1 1 4476 4475 833 4700
21582 4 2 1 1 4476 833 4701 4700
21583 4 2 1 1 833 832 4476 847
21584 4 2 1 1 4476 833 847 848
21585 4 2 1 1 848 847 4476 4477
21586 4 2 1 1 4476 833 848 4701
21587 4 2 1 1 4477 4476 848 4701
21588 4 2 1 1 4477 848 4702 4701
21589 4 2 1 1 848 847 4477 862
21590 4 2 1 1 4477 848 862 863
21591 4 2 1 1 863 862 4477 4478
21592 4 2 1 1 4477 848 863 4702
21593 4 2 1 1 4478 4477 863 4702
21594 4 2 1 1 4478 863 4703 4702
21595 4 2 1 1 863 862 4478 82
21596 4 2 1 1 4478 863 82 83
21597 4 2 1 1 83 82 4478 609
21598 4 2 1 1 4478 863 83 4703
21599 4 2 1 1 609 4478 83 4703
21600 4 2 1 1 609 83 624 4703
21601 4 2 1 1 399 384 385 4464
21602 4 2 1 1 385 399 4464 4689
21603 4 2 1 1 4689 4464 385 4479
21604 4 2 1 1 385 399 4689 400
21605 4 2 1 1 4479 385 4689 400
21606 4 2 1 1 4479 4689 4704 400
21607 4 2 1 1 4689 4464 4479 4465
21608 4 2 1 1 4479 4689 4465 4690
21609 4 2 1 1 4690 4465 4479 4480
21610 4 2 1 1 4479 4689 4690 4704
21611 4 2 1 1 4480 4479 4690 4704
21612 4 2 1 1 4480 4690 4705 4704
21613 4 2 1 1 4690 4465 4480 4466
21614 4 2 1 1 4480 4690 4466 4691
21615 4 2 1 1 4691 4466 4480 4481
21616 4 2 1 1 4480 4690 4691 4705
21617 4 2 1 1 4481 4480 4691 4705
21618 4 2 1 1 4481 4691 4706 4705
21619 4 2 1 1 4691 4466 4481 4467
21620 4 2 1 1 4481 4691 4467 4692
21621 4 2 1 1 4692 4467 4481 4482
21622 4 2 1 1 4481 4691 4692 4706
21623 4 2 1 1 4482 4481 4692 4706
21624 4 2 1 1 4482 4692 4707 4706
21625 4 2 1 1 4692 4467 4482 4468
21626 4 2 1 1 4482 4692 4468 4693
21627 4 2 1 1 4693 4468 4482 4483
21628 4 2 1 1 4482 4692 4693 4707
21629 4 2 1 1 4483 4482 4693 4707
21630 4 2 1 1 4483 4693 4708 4707
21631 4 2 1 1 4693 4468 4483 4469
21632 4 2 1 1 4483 4693 4469 4694
21633 4 2 1 1 4694 4469 4483 4484
21634 4 2 1 1 4483 4693 4694 4708
21635 4 2 1 1 4484 4483 4694 4708
21636 4 2 1 1 4484 4694 4709 4708
21637 4 2 1 1 4694 4469 4484 4470
21638 4 2 1 1 4484 4694 4470 4695
21639 4 2 1 1 4695 4470 4484 4485
21640 4 2 1 1 4484 4694 4695 4709
21641 4 2 1 1 4485 4484 4695 4709
21642 4 2 1 1 4485 4695 4710 4709
21643 4 2 1 1 4695 4470 4485 4471
21644 4 2 1 1 4485 4695 4471 4696
21645 4 2 1 1 4696 4471 4485 4486
21646 4 2 1 1 4485 4695 4696 4710
21647 4 2 1 1 4486 4485 4696 4710
21648 4 2 1 1 4486 4696 4711 4710
21649 4 2 1 1 4696 4471 4486 4472
21650 4 2 1 1 4486 4696 4472 4697
21651 4 2 1 1 4697 4472 4486 4487
21652 4 2 1 1 4486 4696 4697 4711
21653 4 2 1 1 4487 4486 4697 4711
21654 4 2 1 1 4487 4697 4712 4711
21655 4 2 1 1 4697 4472 4487 4473
21656 4 2 1 1 4487 4697 4473 4698
21657 4 2 1 1 4698 4473 4487 4488
21658 4 2 1 1 4487 4697 4698 4712
21659 4 2 1 1 4488 4487 4698 4712
21660 4 2 1 1 4488 4698 4713 4712
21661 4 2 1 1 4698 4473 4488 4474
21662 4 2 1 1 4488 4698 4474 4699
21663 4 2 1 1 4699 4474 4488 4489
21664 4 2 1 1 4488 4698 4699 4713
21665 4 2 1 1 4489 4488 4699 4713
21666 4 2 1 1 4489 4699 4714 4713
21667 4 2 1 1 4699 4474 4489 4475
21668 4 2 1 1 4489 4699 4475 4700
21669 4 2 1 1 4700 4475 4489 4490
21670 4 2 1 1 4489 4699 4700 4714
21671 4 2 1 1 4490 4489 4700 4714
21672 4 2 1 1 4490 4700 4715 4714
21673 4 2 1 1 4700 4475 4490 4476
21674 4 2 1 1 4490 4700 4476 4701
21675 4 2 1 1 4701 4476 4490 4491
21676 4 2 1 1 4490 4700 4701 4715
21677 4 2 1 1 4491 4490 4701 4715
21678 4 2 1 1 4491 4701 4716 4715
21679 4 2 1 1 4701 4476 4491 4477
21680 4 2 1 1 4491 4701 4477 4702
21681 4 2 1 1 4702 4477 4491 4492
21682 4 2 1 1 4491 4701 4702 4716
21683 4 2 1 1 4492 4491 4702 4716
21684 4 2 1 1 4492 4702 4717 4716
21685 4 2 1 1 4702 4477 4492 4478
21686 4 2 1 1 4492 4702 4478 4703
21687 4 2 1 1 4703 4478 4492 4493
21688 4 2 1 1 4492 4702 4703 4717
21689 4 2 1 1 4493 4492 4703 4717
21690 4 2 1 1 4493 4703 4718 4717
21691 4 2 1 1 4703 4478 4493 609
21692 4 2 1 1 4493 4703 609 624
21693 4 2 1 1 624 609 4493 610
21694 4 2 1 1 4493 4703 624 4718
21695 4 2 1 1 610 4493 624 4718
21696 4 2 1 1 610 624 625 4718
21697 4 2 1 1 400 385 386 4479
21698 4 2 1 1 386 400 4479 4704
21699 4 2 1 1 4704 4479 386 4494
21700 4 2 1 1 386 400 4704 401
21701 4 2 1 1 4494 386 4704 401
21702 4 2 1 1 4494 4704 4719 401
21703 4 2 1 1 4704 4479 4494 4480
21704 4 2 1 1 4494 4704 4480 4705
21705 4 2 1 1 4705 4480 4494 4495
21706 4 2 1 1 4494 4704 4705 4719
21707 4 2 1 1 4495 4494 4705 4719
21708 4 2 1 1 4495 4705 4720 4719
21709 4 2 1 1 4705 4480 4495 4481
21710 4 2 1 1 4495 4705 4481 4706
21711 4 2 1 1 4706 4481 4495 4496
21712 4 2 1 1 4495 4705 4706 4720
21713 4 2 1 1 4496 4495 4706 4720
21714 4 2 1 1 4496 4706 4721 4720
21715 4 2 1 1 4706 4481 4496 4482
21716 4 2 1 1 4496 4706 4482 4707
21717 4 2 1 1 4707 4482 4496 4497
21718 4 2 1 1 4496 4706 4707 4721
21719 4 2 1 1 4497 4496 4707 4721
21720 4 2 1 1 4497 4707 4722 4721
21721 4 2 1 1 4707 4482 4497 4483
21722 4 2 1 1 4497 4707 4483 4708
21723 4 2 1 1 4708 4483 4497 4498
21724 4 2 1 1 4497 4707 4708 4722
21725 4 2 1 1 4498 4497 4708 4722
21726 4 2 1 1 4498 4708 4723 4722
21727 4 2 1 1 4708 4483 4498 4484
21728 4 2 1 1 4498 4708 4484 4709
21729 4 2 1 1 4709 4484 4498 4499
21730 4 2 1 1 4498 4708 4709 4723
21731 4 2 1 1 4499 4498 4709 4723
21732 4 2 1 1 4499 4709 4724 4723
21733 4 2 1 1 4709 4484 4499 4485
21734 4 2 1 1 4499 4709 4485 4710
21735 4 2 1 1 4710 4485 4499 4500
21736 4 2 1 1 4499 4709 4710 4724
21737 4 2 1 1 4500 4499 4710 4724
21738 4 2 1 1 4500 4710 4725 4724
21739 4 2 1 1 4710 4485 4500 4486
21740 4 2 1 1 4500 4710 4486 4711
21741 4 2 1 1 4711 4486 4500 4501
21742 4 2 1 1 4500 4710 4711 4725
21743 4 2 1 1 4501 4500 4711 4725
21744 4 2 1 1 4501 4711 4726 4725
21745 4 2 1 1 4711 4486 4501 4487
21746 4 2 1 1 4501 4711 4487 4712
21747 4 2 1 1 4712 4487 4501 4502
21748 4 2 1 1 4501 4711 4712 4726
21749 4 2 1 1 4502 4501 4712 4726
21750 4 2 1 1 4502 4712 4727 4726
21751 4 2 1 1 4712 4487 4502 4488
21752 4 2 1 1 4502 4712 4488 4713
21753 4 2 1 1 4713 4488 4502 4503
21754 4 2 1 1 4502 4712 4713 4727
21755 4 2 1 1 4503 4502 4713 4727
21756 4 2 1 1 4503 4713 4728 4727
21757 4 2 1 1 4713 4488 4503 4489
21758 4 2 1 1 4503 4713 4489 4714
21759 4 2 1 1 4714 4489 4503 4504
21760 4 2 1 1 4503 4713 4714 4728
21761 4 2 1 1 4504 4503 4714 4728
21762 4 2 1 1 4504 4714 4729 4728
21763 4 2 1 1 4714 4489 4504 4490
21764 4 2 1 1 4504 4714 4490 4715
21765 4 2 1 1 4715 4490 4504 4505
21766 4 2 1 1 4504 4714 4715 4729
21767 4 2 1 1 4505 4504 4715 4729
21768 4 2 1 1 4505 4715 4730 4729
21769 4 2 1 1 4715 4490 4505 4491
21770 4 2 1 1 4505 4715 4491 4716
21771 4 2 1 1 4716 4491 4505 4506
21772 4 2 1 1 4505 4715 4716 4730
21773 4 2 1 1 4506 4505 4716 4730
21774 4 2 1 1 4506 4716 4731 4730
21775 4 2 1 1 4716 4491 4506 4492
21776 4 2 1 1 4506 4716 4492 4717
21777 4 2 1 1 4717 4492 4506 4507
21778 4 2 1 1 4506 4716 4717 4731
21779 4 2 1 1 4507 4506 4717 4731
21780 4 2 1 1 4507 4717 4732 4731
21781 4 2 1 1 4717 4492 4507 4493
21782 4 2 1 1 4507 4717 4493 4718
21783 4 2 1 1 4718 4493 4507 4508
21784 4 2 1 1 4507 4717 4718 4732
21785 4 2 1 1 4508 4507 4718 4732
21786 4 2 1 1 4508 4718 4733 4732
21787 4 2 1 1 4718 4493 4508 610
21788 4 2 1 1 4508 4718 610 625
21789 4 2 1 1 625 610 4508 611
21790 4 2 1 1 4508 4718 625 4733
21791 4 2 1 1 611 4508 625 4733
21792 4 2 1 1 611 625 626 4733
21793 4 2 1 1 401 386 387 4494
21794 4 2 1 1 387 401 4494 4719
21795 4 2 1 1 4719 4494 387 4509
21796 4 2 1 1 387 401 4719 402
21797 4 2 1 1 4509 387 4719 402
21798 4 2 1 1 4509 4719 4734 402
21799 4 2 1 1 4719 4494 4509 4495
21800 4 2 1 1 4509 4719 4495 4720
21801 4 2 1 1 4720 4495 4509 4510
21802 4 2 1 1 4509 4719 4720 4734
21803 4 2 1 1 4510 4509 4720 4734
21804 4 2 1 1 4510 4720 4735 4734
21805 4 2 1 1 4720 4495 4510 4496
21806 4 2 1 1 4510 4720 4496 4721
21807 4 2 1 1 4721 4496 4510 4511
21808 4 2 1 1 4510 4720 4721 4735
21809 4 2 1 1 4511 4510 4721 4735
21810 4 2 1 1 4511 4721 4736 4735
21811 4 2 1 1 4721 4496 4511 4497
21812 4 2 1 1 4511 4721 4497 4722
21813 4 2 1 1 4722 4497 4511 4512
21814 4 2 1 1 4511 4721 4722 4736
21815 4 2 1 1 4512 4511 4722 4736
21816 4 2 1 1 4512 4722 4737 4736
21817 4 2 1 1 4722 4497 4512 4498
21818 4 2 1 1 4512 4722 4498 4723
21819 4 2 1 1 4723 4498 4512 4513
21820 4 2 1 1 4512 4722 4723 4737
21821 4 2 1 1 4513 4512 4723 4737
21822 4 2 1 1 4513 4723 4738 4737
21823 4 2 1 1 4723 4498 4513 4499
21824 4 2 1 1 4513 4723 4499 4724
21825 4 2 1 1 4724 4499 4513 4514
21826 4 2 1 1 4513 4723 4724 4738
21827 4 2 1 1 4514 4513 4724 4738
21828 4 2 1 1 4514 4724 4739 4738
21829 4 2 1 1 4724 4499 4514 4500
21830 4 2 1 1 4514 4724 4500 4725
21831 4 2 1 1 4725 4500 4514 4515
21832 4 2 1 1 4514 4724 4725 4739
21833 4 2 1 1 4515 4514 4725 4739
21834 4 2 1 1 4515 4725 4740 4739
21835 4 2 1 1 4725 4500 4515 4501
21836 4 2 1 1 4515 4725 4501 4726
21837 4 2 1 1 4726 4501 4515 4516
21838 4 2 1 1 4515 4725 4726 4740
21839 4 2 1 1 4516 4515 4726 4740
21840 4 2 1 1 4516 4726 4741 4740
21841 4 2 1 1 4726 4501 4516 4502
21842 4 2 1 1 4516 4726 4502 4727
21843 4 2 1 1 4727 4502 4516 4517
21844 4 2 1 1 4516 4726 4727 4741
21845 4 2 1 1 4517 4516 4727 4741
21846 4 2 1 1 4517 4727 4742 4741
21847 4 2 1 1 4727 4502 4517 4503
21848 4 2 1 1 4517 4727 4503 4728
21849 4 2 1 1 4728 4503 4517 4518
21850 4 2 1 1 4517 4727 4728 4742
21851 4 2 1 1 4518 4517 4728 4742
21852 4 2 1 1 4518 4728 4743 4742
21853 4 2 1 1 4728 4503 4518 4504
21854 4 2 1 1 4518 4728 4504 4729
21855 4 2 1 1 4729 4504 4518 4519
21856 4 2 1 1 4518 4728 4729 4743
21857 4 2 1 1 4519 4518 4729 4743
21858 4 2 1 1 4519 4729 4744 4743
21859 4 2 1 1 4729 4504 4519 4505
21860 4 2 1 1 4519 4729 4505 4730
21861 4 2 1 1 4730 4505 4519 4520
21862 4 2 1 1 4519 4729 4730 4744
21863 4 2 1 1 4520 4519 4730 4744
21864 4 2 1 1 4520 4730 4745 4744
21865 4 2 1 1 4730 4505 4520 4506
21866 4 2 1 1 4520 4730 4506 4731
21867 4 2 1 1 4731 4506 4520 4521
21868 4 2 1 1 4520 4730 4731 4745
21869 4 2 1 1 4521 4520 4731 4745
21870 4 2 1 1 4521 4731 4746 4745
21871 4 2 1 1 4731 4506 4521 4507
21872 4 2 1 1 4521 4731 4507 4732
21873 4 2 1 1 4732 4507 4521 4522
21874 4 2 1 1 4521 4731 4732 4746
21875 4 2 1 1 4522 4521 4732 4746
21876 4 2 1 1 4522 4732 4747 4746
21877 4 2 1 1 4732 4507 4522 4508
21878 4 2 1 1 4522 4732 4508 4733
21879 4 2 1 1 4733 4508 4522 4523
21880 4 2 1 1 4522 4732 4733 4747
21881 4 2 1 1 4523 4522 4733 4747
21882 4 2 1 1 4523 4733 4748 4747
21883 4 2 1 1 4733 4508 4523 611
21884 4 2 1 1 4523 4733 611 626
21885 4 2 1 1 626 611 4523 612
21886 4 2 1 1 4523 4733 626 4748
21887 4 2 1 1 612 4523 626 4748
21888 4 2 1 1 612 626 627 4748
21889 4 2 1 1 402 387 388 4509
21890 4 2 1 1 388 402 4509 4734
21891 4 2 1 1 4734 4509 388 4524
21892 4 2 1 1 388 402 4734 403
21893 4 2 1 1 4524 388 4734 403
21894 4 2 1 1 4524 4734 4749 403
21895 4 2 1 1 4734 4509 4524 4510
21896 4 2 1 1 4524 4734 4510 4735
21897 4 2 1 1 4735 4510 4524 4525
21898 4 2 1 1 4524 4734 4735 4749
21899 4 2 1 1 4525 4524 4735 4749
21900 4 2 1 1 4525 4735 4750 4749
21901 4 2 1 1 4735 4510 4525 4511
21902 4 2 1 1 4525 4735 4511 4736
21903 4 2 1 1 4736 4511 4525 4526
21904 4 2 1 1 4525 4735 4736 4750
21905 4 2 1 1 4526 4525 4736 4750
21906 4 2 1 1 4526 4736 4751 4750
21907 4 2 1 1 4736 4511 4526 4512
21908 4 2 1 1 4526 4736 4512 4737
21909 4 2 1 1 4737 4512 4526 4527
21910 4 2 1 1 4526 4736 4737 4751
21911 4 2 1 1 4527 4526 4737 4751
21912 4 2 1 1 4527 4737 4752 4751
21913 4 2 1 1 4737 4512 4527 4513
21914 4 2 1 1 4527 4737 4513 4738
21915 4 2 1 1 4738 4513 4527 4528
21916 4 2 1 1 4527 4737 4738 4752
21917 4 2 1 1 4528 4527 4738 4752
21918 4 2 1 1 4528 4738 4753 4752
21919 4 2 1 1 4738 4513 4528 4514
21920 4 2 1 1 4528 4738 4514 4739
21921 4 2 1 1 4739 4514 4528 4529
21922 4 2 1 1 4528 4738 4739 4753
21923 4 2 1 1 4529 4528 4739 4753
21924 4 2 1 1 4529 4739 4754 4753
21925 4 2 1 1 4739 4514 4529 4515
21926 4 2 1 1 4529 4739 4515 4740
21927 4 2 1 1 4740 4515 4529 4530
21928 4 2 1 1 4529 4739 4740 4754
21929 4 2 1 1 4530 4529 4740 4754
21930 4 2 1 1 4530 4740 4755 4754
21931 4 2 1 1 4740 4515 4530 4516
21932 4 2 1 1 4530 4740 4516 4741
21933 4 2 1 1 4741 4516 4530 4531
21934 4 2 1 1 4530 4740 4741 4755
21935 4 2 1 1 4531 4530 4741 4755
21936 4 2 1 1 4531 4741 4756 4755
21937 4 2 1 1 4741 4516 4531 4517
21938 4 2 1 1 4531 4741 4517 4742
21939 4 2 1 1 4742 4517 4531 4532
21940 4 2 1 1 4531 4741 4742 4756
21941 4 2 1 1 4532 4531 4742 4756
21942 4 2 1 1 4532 4742 4757 4756
21943 4 2 1 1 4742 4517 4532 4518
21944 4 2 1 1 4532 4742 4518 4743
21945 4 2 1 1 4743 4518 4532 4533
21946 4 2 1 1 4532 4742 4743 4757
21947 4 2 1 1 4533 4532 4743 4757
21948 4 2 1 1 4533 4743 4758 4757
21949 4 2 1 1 4743 4518 4533 4519
21950 4 2 1 1 4533 4743 4519 4744
21951 4 2 1 1 4744 4519 4533 4534
21952 4 2 1 1 4533 4743 4744 4758
21953 4 2 1 1 4534 4533 4744 4758
21954 4 2 1 1 4534 4744 4759 4758
21955 4 2 1 1 4744 4519 4534 4520
21956 4 2 1 1 4534 4744 4520 4745
21957 4 2 1 1 4745 4520 4534 4535
21958 4 2 1 1 4534 4744 4745 4759
21959 4 2 1 1 4535 4534 4745 4759
21960 4 2 1 1 4535 4745 4760 4759
21961 4 2 1 1 4745 4520 4535 4521
21962 4 2 1 1 4535 4745 4521 4746
21963 4 2 1 1 4746 4521 4535 4536
21964 4 2 1 1 4535 4745 4746 4760
21965 4 2 1 1 4536 4535 4746 4760
21966 4 2 1 1 4536 4746 4761 4760
21967 4 2 1 1 4746 4521 4536 4522
21968 4 2 1 1 4536 4746 4522 4747
21969 4 2 1 1 4747 4522 4536 4537
21970 4 2 1 1 4536 4746 4747 4761
21971 4 2 1 1 4537 4536 4747 4761
21972 4 2 1 1 4537 4747 4762 4761
21973 4 2 1 1 4747 4522 4537 4523
21974 4 2 1 1 4537 4747 4523 4748
21975 4 2 1 1 4748 4523 4537 4538
21976 4 2 1 1 4537 4747 4748 4762
21977 4 2 1 1 4538 4537 4748 4762
21978 4 2 1 1 4538 4748 4763 4762
21979 4 2 1 1 4748 4523 4538 612
21980 4 2 1 1 4538 4748 612 627
21981 4 2 1 1 627 612 4538 613
21982 4 2 1 1 4538 4748 627 4763
21983 4 2 1 1 613 4538 627 4763
21984 4 2 1 1 613 627 628 4763
21985 4 2 1 1 403 388 389 4524
21986 4 2 1 1 389 403 4524 4749
21987 4 2 1 1 4749 4524 389 4539
21988 4 2 1 1 389 403 4749 404
21989 4 2 1 1 4539 389 4749 404
21990 4 2 1 1 4539 4749 4764 404
21991 4 2 1 1 4749 4524 4539 4525
21992 4 2 1 1 4539 4749 4525 4750
21993 4 2 1 1 4750 4525 4539 4540
21994 4 2 1 1 4539 4749 4750 4764
21995 4 2 1 1 4540 4539 4750 4764
21996 4 2 1 1 4540 4750 4765 4764
21997 4 2 1 1 4750 4525 4540 4526
21998 4 2 1 1 4540 4750 4526 4751
21999 4 2 1 1 4751 4526 4540 4541
22000 4 2 1 1 4540 4750 4751 4765
22001 4 2 1 1 4541 4540 4751 4765
22002 4 2 1 1 4541 4751 4766 4765
22003 4 2 1 1 4751 4526 4541 4527
22004 4 2 1 1 4541 4751 4527 4752
22005 4 2 1 1 4752 4527 4541 4542
22006 4 2 1 1 4541 4751 4752 4766
22007 4 2 1 1 4542 4541 4752 4766
22008 4 2 1 1 4542 4752 4767 4766
22009 4 2 1 1 4752 4527 4542 4528
22010 4 2 1 1 4542 4752 4528 4753
22011 4 2 1 1 4753 4528 4542 4543
22012 4 2 1 1 4542 4752 4753 4767
22013 4 2 1 1 4543 4542 4753 4767
22014 4 2 1 1 4543 4753 4768 4767
22015 4 2 1 1 4753 4528 4543 4529
22016 4 2 1 1 4543 4753 4529 4754
22017 4 2 1 1 4754 4529 4543 4544
22018 4 2 1 1 4543 4753 4754 4768
22019 4 2 1 1 4544 4543 4754 4768
22020 4 2 1 1 4544 4754 4769 4768
22021 4 2 1 1 4754 4529 4544 4530
22022 4 2 1 1 4544 4754 4530 4755
22023 4 2 1 1 4755 4530 4544 4545
22024 4 2 1 1 4544 4754 4755 4769
22025 4 2 1 1 4545 4544 4755 4769
22026 4 2 1 1 4545 4755 4770 4769
22027 4 2 1 1 4755 4530 4545 4531
22028 4 2 1 1 4545 4755 4531 4756
22029 4 2 1 1 4756 4531 4545 4546
22030 4 2 1 1 4545 4755 4756 4770
22031 4 2 1 1 4546 4545 4756 4770
22032 4 2 1 1 4546 4756 4771 4770
22033 4 2 1 1 4756 4531 4546 4532
22034 4 2 1 1 4546 4756 4532 4757
22035 4 2 1 1 4757 4532 4546 4547
22036 4 2 1 1 4546 4756 4757 4771
22037 4 2 1 1 4547 4546 4757 4771
22038 4 2 1 1 4547 4757 4772 4771
22039 4 2 1 1 4757 4532 4547 4533
22040 4 2 1 1 4547 4757 4533 4758
22041 4 2 1 1 4758 4533 4547 4548
22042 4 2 1 1 4547 4757 4758 4772
22043 4 2 1 1 4548 4547 4758 4772
22044 4 2 1 1 4548 4758 4773 4772
22045 4 2 1 1 4758 4533 4548 4534
22046 4 2 1 1 4548 4758 4534 4759
22047 4 2 1 1 4759 4534 4548 4549
22048 4 2 1 1 4548 4758 4759 4773
22049 4 2 1 1 4549 4548 4759 4773
22050 4 2 1 1 4549 4759 4774 4773
22051 4 2 1 1 4759 4534 4549 4535
22052 4 2 1 1 4549 4759 4535 4760
22053 4 2 1 1 4760 4535 4549 4550
22054 4 2 1 1 4549 4759 4760 4774
22055 4 2 1 1 4550 4549 4760 4774
22056 4 2 1 1 4550 4760 4775 4774
22057 4 2 1 1 4760 4535 4550 4536
22058 4 2 1 1 4550 4760 4536 4761
22059 4 2 1 1 4761 4536 4550 4551
22060 4 2 1 1 4550 4760 4761 4775
22061 4 2 1 1 4551 4550 4761 4775
22062 4 2 1 1 4551 4761 4776 4775
22063 4 2 1 1 4761 4536 4551 4537
22064 4 2 1 1 4551 4761 4537 4762
22065 4 2 1 1 4762 4537 4551 4552
22066 4 2 1 1 4551 4761 4762 4776
22067 4 2 1 1 4552 4551 4762 4776
22068 4 2 1 1 4552 4762 4777 4776
22069 4 2 1 1 4762 4537 4552 4538
22070 4 2 1 1 4552 4762 4538 4763
22071 4 2 1 1 4763 4538 4552 4553
22072 4 2 1 1 4552 4762 4763 4777
22073 4 2 1 1 4553 4552 4763 4777
22074 4 2 1 1 4553 4763 4778 4777
22075 4 2 1 1 4763 4538 4553 613
22076 4 2 1 1 4553 4763 613 628
22077 4 2 1 1 628 613 4553 614
22078 4 2 1 1 4553 4763 628 4778
22079 4 2 1 1 614 4553 628 4778
22080 4 2 1 1 614 628 629 4778
22081 4 2 1 1 404 389 390 4539
22082 4 2 1 1 390 404 4539 4764
22083 4 2 1 1 4764 4539 390 4554
22084 4 2 1 1 390 404 4764 405
22085 4 2 1 1 4554 390 4764 405
22086 4 2 1 1 4554 4764 4779 405
22087 4 2 1 1 4764 4539 4554 4540
22088 4 2 1 1 4554 4764 4540 4765
22089 4 2 1 1 4765 4540 4554 4555
22090 4 2 1 1 4554 4764 4765 4779
22091 4 2 1 1 4555 4554 4765 4779
22092 4 2 1 1 4555 4765 4780 4779
22093 4 2 1 1 4765 4540 4555 4541
22094 4 2 1 1 4555 4765 4541 4766
22095 4 2 1 1 4766 4541 4555 4556
22096 4 2 1 1 4555 4765 4766 4780
22097 4 2 1 1 4556 4555 4766 4780
22098 4 2 1 1 4556 4766 4781 4780
22099 4 2 1 1 4766 4541 4556 4542
22100 4 2 1 1 4556 4766 4542 4767
22101 4 2 1 1 4767 4542 4556 4557
22102 4 2 1 1 4556 4766 4767 4781
22103 4 2 1 1 4557 4556 4767 4781
22104 4 2 1 1 4557 4767 4782 4781
22105 4 2 1 1 4767 4542 4557 4543
22106 4 2 1 1 4557 4767 4543 4768
22107 4 2 1 1 4768 4543 4557 4558
22108 4 2 1 1 4557 4767 4768 4782
22109 4 2 1 1 4558 4557 4768 4782
22110 4 2 1 1 4558 4768 4783 4782
22111 4 2 1 1 4768 4543 4558 4544
22112 4 2 1 1 4558 4768 4544 4769
22113 4 2 1 1 4769 4544 4558 4559
22114 4 2 1 1 4558 4768 4769 4783
22115 4 2 1 1 4559 4558 4769 4783
22116 4 2 1 1 4559 4769 4784 4783
22117 4 2 1 1 4769 4544 4559 4545
22118 4 2 1 1 4559 4769 4545 4770
22119 4 2 1 1 4770 4545 4559 4560
22120 4 2 1 1 4559 4769 4770 4784
22121 4 2 1 1 4560 4559 4770 4784
22122 4 2 1 1 4560 4770 4785 4784
22123 4 2 1 1 4770 4545 4560 4546
22124 4 2 1 1 4560 4770 4546 4771
22125 4 2 1 1 4771 4546 4560 4561
22126 4 2 1 1 4560 4770 4771 4785
22127 4 2 1 1 4561 4560 4771 4785
22128 4 2 1 1 4561 4771 4786 4785
22129 4 2 1 1 4771 4546 4561 4547
22130 4 2 1 1 4561 4771 4547 4772
22131 4 2 1 1 4772 4547 4561 4562
22132 4 2 1 1 4561 4771 4772 4786
22133 4 2 1 1 4562 4561 4772 4786
22134 4 2 1 1 4562 4772 4787 4786
22135 4 2 1 1 4772 4547 4562 4548
22136 4 2 1 1 4562 4772 4548 4773
22137 4 2 1 1 4773 4548 4562 4563
22138 4 2 1 1 4562 4772 4773 4787
22139 4 2 1 1 4563 4562 4773 4787
22140 4 2 1 1 4563 4773 4788 4787
22141 4 2 1 1 4773 4548 4563 4549
22142 4 2 1 1 4563 4773 4549 4774
22143 4 2 1 1 4774 4549 4563 4564
22144 4 2 1 1 4563 4773 4774 4788
22145 4 2 1 1 4564 4563 4774 4788
22146 4 2 1 1 4564 4774 4789 4788
22147 4 2 1 1 4774 4549 4564 4550
22148 4 2 1 1 4564 4774 4550 4775
22149 4 2 1 1 4775 4550 4564 4565
22150 4 2 1 1 4564 4774 4775 4789
22151 4 2 1 1 4565 4564 4775 4789
22152 4 2 1 1 4565 4775 4790 4789
22153 4 2 1 1 4775 4550 4565 4551
22154 4 2 1 1 4565 4775 4551 4776
22155 4 2 1 1 4776 4551 4565 4566
22156 4 2 1 1 4565 4775 4776 4790
22157 4 2 1 1 4566 4565 4776 4790
22158 4 2 1 1 4566 4776 4791 4790
22159 4 2 1 1 4776 4551 4566 4552
22160 4 2 1 1 4566 4776 4552 4777
22161 4 2 1 1 4777 4552 4566 4567
22162 4 2 1 1 4566 4776 4777 4791
22163 4 2 1 1 4567 4566 4777 4791
22164 4 2 1 1 4567 4777 4792 4791
22165 4 2 1 1 4777 4552 4567 4553
22166 4 2 1 1 4567 4777 4553 4778
22167 4 2 1 1 4778 4553 4567 4568
22168 4 2 1 1 4567 4777 4778 4792
22169 4 2 1 1 4568 4567 4778 4792
22170 4 2 1 1 4568 4778 4793 4792
22171 4 2 1 1 4778 4553 4568 614
22172 4 2 1 1 4568 4778 614 629
22173 4 2 1 1 629 614 4568 615
22174 4 2 1 1 4568 4778 629 4793
22175 4 2 1 1 615 4568 629 4793
22176 4 2 1 1 615 629 630 4793
22177 4 2 1 1 405 390 391 4554
22178 4 2 1 1 391 405 4554 4779
22179 4 2 1 1 4779 4554 391 4569
22180 4 2 1 1 391 405 4779 406
22181 4 2 1 1 4569 391 4779 406
22182 4 2 1 1 4569 4779 4794 406
22183 4 2 1 1 4779 4554 4569 4555
22184 4 2 1 1 4569 4779 4555 4780
22185 4 2 1 1 4780 4555 4569 4570
22186 4 2 1 1 4569 4779 4780 4794
22187 4 2 1 1 4570 4569 4780 4794
22188 4 2 1 1 4570 4780 4795 4794
22189 4 2 1 1 4780 4555 4570 4556
22190 4 2 1 1 4570 4780 4556 4781
22191 4 2 1 1 4781 4556 4570 4571
22192 4 2 1 1 4570 4780 4781 4795
22193 4 2 1 1 4571 4570 4781 4795
22194 4 2 1 1 4571 4781 4796 4795
22195 4 2 1 1 4781 4556 4571 4557
22196 4 2 1 1 4571 4781 4557 4782
22197 4 2 1 1 4782 4557 4571 4572
22198 4 2 1 1 4571 4781 4782 4796
22199 4 2 1 1 4572 4571 4782 4796
22200 4 2 1 1 4572 4782 4797 4796
22201 4 2 1 1 4782 4557 4572 4558
22202 4 2 1 1 4572 4782 4558 4783
22203 4 2 1 1 4783 4558 4572 4573
22204 4 2 1 1 4572 4782 4783 4797
22205 4 2 1 1 4573 4572 4783 4797
22206 4 2 1 1 4573 4783 4798 4797
22207 4 2 1 1 4783 4558 4573 4559
22208 4 2 1 1 4573 4783 4559 4784
22209 4 2 1 1 4784 4559 4573 4574
22210 4 2 1 1 4573 4783 4784 4798
22211 4 2 1 1 4574 4573 4784 4798
22212 4 2 1 1 4574 4784 4799 4798
22213 4 2 1 1 4784 4559 4574 4560
22214 4 2 1 1 4574 4784 4560 4785
22215 4 2 1 1 4785 4560 4574 4575
22216 4 2 1 1 4574 4784 4785 4799
22217 4 2 1 1 4575 4574 4785 4799
22218 4 2 1 1 4575 4785 4800 4799
22219 4 2 1 1 4785 4560 4575 4561
22220 4 2 1 1 4575 4785 4561 4786
22221 4 2 1 1 4786 4561 4575 4576
22222 4 2 1 1 4575 4785 4786 4800
22223 4 2 1 1 4576 4575 4786 4800
22224 4 2 1 1 4576 4786 4801 4800
22225 4 2 1 1 4786 4561 4576 4562
22226 4 2 1 1 4576 4786 4562 4787
22227 4 2 1 1 4787 4562 4576 4577
22228 4 2 1 1 4576 4786 4787 4801
22229 4 2 1 1 4577 4576 4787 4801
22230 4 2 1 1 4577 4787 4802 4801
22231 4 2 1 1 4787 4562 4577 4563
22232 4 2 1 1 4577 4787 4563 4788
22233 4 2 1 1 4788 4563 4577 4578
22234 4 2 1 1 4577 4787 4788 4802
22235 4 2 1 1 4578 4577 4788 4802
22236 4 2 1 1 4578 4788 4803 4802
22237 4 2 1 1 4788 4563 4578 4564
22238 4 2 1 1 4578 4788 4564 4789
22239 4 2 1 1 4789 4564 4578 4579
22240 4 2 1 1 4578 4788 4789 4803
22241 4 2 1 1 4579 4578 4789 4803
22242 4 2 1 1 4579 4789 4804 4803
22243 4 2 1 1 4789 4564 4579 4565
22244 4 2 1 1 4579 4789 4565 4790
22245 4 2 1 1 4790 4565 4579 4580
22246 4 2 1 1 4579 4789 4790 4804
22247 4 2 1 1 4580 4579 4790 4804
22248 4 2 1 1 4580 4790 4805 4804
22249 4 2 1 1 4790 4565 4580 4566
22250 4 2 1 1 4580 4790 4566 4791
22251 4 2 1 1 4791 4566 4580 4581
22252 4 2 1 1 4580 4790 4791 4805
22253 4 2 1 1 4581 4580 4791 4805
22254 4 2 1 1 4581 4791 4806 4805
22255 4 2 1 1 4791 4566 4581 4567
22256 4 2 1 1 4581 4791 4567 4792
22257 4 2 1 1 4792 4567 4581 4582
22258 4 2 1 1 4581 4791 4792 4806
22259 4 2 1 1 4582 4581 4792 4806
22260 4 2 1 1 4582 4792 4807 4806
22261 4 2 1 1 4792 4567 4582 4568
22262 4 2 1 1 4582 4792 4568 4793
22263 4 2 1 1 4793 4568 4582 4583
22264 4 2 1 1 4582 4792 4793 4807
22265 4 2 1 1 4583 4582 4793 4807
22266 4 2 1 1 4583 4793 4808 4807
22267 4 2 1 1 4793 4568 4583 615
22268 4 2 1 1 4583 4793 615 630
22269 4 2 1 1 630 615 4583 616
22270 4 2 1 1 4583 4793 630 4808
22271 4 2 1 1 616 4583 630 4808
22272 4 2 1 1 616 630 631 4808
22273 4 2 1 1 406 391 392 4569
22274 4 2 1 1 392 406 4569 4794
22275 4 2 1 1 4794 4569 392 4584
22276 4 2 1 1 392 406 4794 407
22277 4 2 1 1 4584 392 4794 407
22278 4 2 1 1 4584 4794 4809 407
22279 4 2 1 1 4794 4569 4584 4570
22280 4 2 1 1 4584 4794 4570 4795
22281 4 2 1 1 4795 4570 4584 4585
22282 4 2 1 1 4584 4794 4795 4809
22283 4 2 1 1 4585 4584 4795 4809
22284 4 2 1 1 4585 4795 4810 4809
22285 4 2 1 1 4795 4570 4585 4571
22286 4 2 1 1 4585 4795 4571 4796
22287 4 2 1 1 4796 4571 4585 4586
22288 4 2 1 1 4585 4795 4796 4810
22289 4 2 1 1 4586 4585 4796 4810
22290 4 2 1 1 4586 4796 4811 4810
22291 4 2 1 1 4796 4571 4586 4572
22292 4 2 1 1 4586 4796 4572 4797
22293 4 2 1 1 4797 4572 4586 4587
22294 4 2 1 1 4586 4796 4797 4811
22295 4 2 1 1 4587 4586 4797 4811
22296 4 2 1 1 4587 4797 4812 4811
22297 4 2 1 1 4797 4572 4587 4573
22298 4 2 1 1 4587 4797 4573 4798
22299 4 2 1 1 4798 4573 4587 4588
22300 4 2 1 1 4587 4797 4798 4812
22301 4 2 1 1 4588 4587 4798 4812
22302 4 2 1 1 4588 4798 4813 4812
22303 4 2 1 1 4798 4573 4588 4574
22304 4 2 1 1 4588 4798 4574 4799
22305 4 2 1 1 4799 4574 4588 4589
22306 4 2 1 1 4588 4798 4799 4813
22307 4 2 1 1 4589 4588 4799 4813
22308 4 2 1 1 4589 4799 4814 4813
22309 4 2 1 1 4799 4574 4589 4575
22310 4 2 1 1 4589 4799 4575 4800
22311 4 2 1 1 4800 4575 4589 4590
22312 4 2 1 1 4589 4799 4800 4814
22313 4 2 1 1 4590 4589 4800 4814
22314 4 2 1 1 4590 4800 4815 4814
22315 4 2 1 1 4800 4575 4590 4576
22316 4 2 1 1 4590 4800 4576 4801
22317 4 2 1 1 4801 4576 4590 4591
22318 4 2 1 1 4590 4800 4801 4815
22319 4 2 1 1 4591 4590 4801 4815
22320 4 2 1 1 4591 4801 4816 4815
22321 4 2 1 1 4801 4576 4591 4577
22322 4 2 1 1 4591 4801 4577 4802
22323 4 2 1 1 4802 4577 4591 4592
22324 4 2 1 1 4591 4801 4802 4816
22325 4 2 1 1 4592 4591 4802 4816
22326 4 2 1 1 4592 4802 4817 4816
22327 4 2 1 1 4802 4577 4592 4578
22328 4 2 1 1 4592 4802 4578 4803
22329 4 2 1 1 4803 4578 4592 4593
22330 4 2 1 1 4592 4802 4803 4817
22331 4 2 1 1 4593 4592 4803 4817
22332 4 2 1 1 4593 4803 4818 4817
22333 4 2 1 1 4803 4578 4593 4579
22334 4 2 1 1 4593 4803 4579 4804
22335 4 2 1 1 4804 4579 4593 4594
22336 4 2 1 1 4593 4803 4804 4818
22337 4 2 1 1 4594 4593 4804 4818
22338 4 2 1 1 4594 4804 4819 4818
22339 4 2 1 1 4804 4579 4594 4580
22340 4 2 1 1 4594 4804 4580 4805
22341 4 2 1 1 4805 4580 4594 4595
22342 4 2 1 1 4594 4804 4805 4819
22343 4 2 1 1 4595 4594 4805 4819
22344 4 2 1 1 4595 4805 4820 4819
22345 4 2 1 1 4805 4580 4595 4581
22346 4 2 1 1 4595 4805 4581 4806
22347 4 2 1 1 4806 4581 4595 4596
22348 4 2 1 1 4595 4805 4806 4820
22349 4 2 1 1 4596 4595 4806 4820
22350 4 2 1 1 4596 4806 4821 4820
22351 4 2 1 1 4806 4581 4596 4582
22352 4 2 1 1 4596 4806 4582 4807
22353 4 2 1 1 4807 4582 4596 4597
22354 4 2 1 1 4596 4806 4807 4821
22355 4 2 1 1 4597 4596 4807 4821
22356 4 2 1 1 4597 4807 4822 4821
22357 4 2 1 1 4807 4582 4597 4583
22358 4 2 1 1 4597 4807 4583 4808
22359 4 2 1 1 4808 4583 4597 4598
22360 4 2 1 1 4597 4807 4808 4822
22361 4 2 1 1 4598 4597 4808 4822
22362 4 2 1 1 4598 4808 4823 4822
22363 4 2 1 1 4808 4583 4598 616
22364 4 2 1 1 4598 4808 616 631
22365 4 2 1 1 631 616 4598 617
22366 4 2 1 1 4598 4808 631 4823
22367 4 2 1 1 617 4598 631 4823
22368 4 2 1 1 617 631 632 4823
22369 4 2 1 1 407 392 393 4584
22370 4 2 1 1 393 407 4584 4809
22371 4 2 1 1 4809 4584 393 4599
22372 4 2 1 1 393 407 4809 408
22373 4 2 1 1 4599 393 4809 408
22374 4 2 1 1 4599 4809 4824 408
22375 4 2 1 1 4809 4584 4599 4585
22376 4 2 1 1 4599 4809 4585 4810
22377 4 2 1 1 4810 4585 4599 4600
22378 4 2 1 1 4599 4809 4810 4824
22379 4 2 1 1 4600 4599 4810 4824
22380 4 2 1 1 4600 4810 4825 4824
22381 4 2 1 1 4810 4585 4600 4586
22382 4 2 1 1 4600 4810 4586 4811
22383 4 2 1 1 4811 4586 4600 4601
22384 4 2 1 1 4600 4810 4811 4825
22385 4 2 1 1 4601 4600 4811 4825
22386 4 2 1 1 4601 4811 4826 4825
22387 4 2 1 1 4811 4586 4601 4587
22388 4 2 1 1 4601 4811 4587 4812
22389 4 2 1 1 4812 4587 4601 4602
22390 4 2 1 1 4601 4811 4812 4826
22391 4 2 1 1 4602 4601 4812 4826
22392 4 2 1 1 4602 4812 4827 4826
22393 4 2 1 1 4812 4587 4602 4588
22394 4 2 1 1 4602 4812 4588 4813
22395 4 2 1 1 4813 4588 4602 4603
22396 4 2 1 1 4602 4812 4813 4827
22397 4 2 1 1 4603 4602 4813 4827
22398 4 2 1 1 4603 4813 4828 4827
22399 4 2 1 1 4813 4588 4603 4589
22400 4 2 1 1 4603 4813 4589 4814
22401 4 2 1 1 4814 4589 4603 4604
22402 4 2 1 1 4603 4813 4814 4828
22403 4 2 1 1 4604 4603 4814 4828
22404 4 2 1 1 4604 4814 4829 4828
22405 4 2 1 1 4814 4589 4604 4590
22406 4 2 1 1 4604 4814 4590 4815
22407 4 2 1 1 4815 4590 4604 4605
22408 4 2 1 1 4604 4814 4815 4829
22409 4 2 1 1 4605 4604 4815 4829
22410 4 2 1 1 4605 4815 4830 4829
22411 4 2 1 1 4815 4590 4605 4591
22412 4 2 1 1 4605 4815 4591 4816
22413 4 2 1 1 4816 4591 4605 4606
22414 4 2 1 1 4605 4815 4816 4830
22415 4 2 1 1 4606 4605 4816 4830
22416 4 2 1 1 4606 4816 4831 4830
22417 4 2 1 1 4816 4591 4606 4592
22418 4 2 1 1 4606 4816 4592 4817
22419 4 2 1 1 4817 4592 4606 4607
22420 4 2 1 1 4606 4816 4817 4831
22421 4 2 1 1 4607 4606 4817 4831
22422 4 2 1 1 4607 4817 4832 4831
22423 4 2 1 1 4817 4592 4607 4593
22424 4 2 1 1 4607 4817 4593 4818
22425 4 2 1 1 4818 4593 4607 4608
22426 4 2 1 1 4607 4817 4818 4832
22427 4 2 1 1 4608 4607 4818 4832
22428 4 2 1 1 4608 4818 4833 4832
22429 4 2 1 1 4818 4593 4608 4594
22430 4 2 1 1 4608 4818 4594 4819
22431 4 2 1 1 4819 4594 4608 4609
22432 4 2 1 1 4608 4818 4819 4833
22433 4 2 1 1 4609 4608 4819 4833
22434 4 2 1 1 4609 4819 4834 4833
22435 4 2 1 1 4819 4594 4609 4595
22436 4 2 1 1 4609 4819 4595 4820
22437 4 2 1 1 4820 4595 4609 4610
22438 4 2 1 1 4609 4819 4820 4834
22439 4 2 1 1 4610 4609 4820 4834
22440 4 2 1 1 4610 4820 4835 4834
22441 4 2 1 1 4820 4595 4610 4596
22442 4 2 1 1 4610 4820 4596 4821
22443 4 2 1 1 4821 4596 4610 4611
22444 4 2 1 1 4610 4820 4821 4835
22445 4 2 1 1 4611 4610 4821 4835
22446 4 2 1 1 4611 4821 4836 4835
22447 4 2 1 1 4821 4596 4611 4597
22448 4 2 1 1 4611 4821 4597 4822
22449 4 2 1 1 4822 4597 4611 4612
22450 4 2 1 1 4611 4821 4822 4836
22451 4 2 1 1 4612 4611 4822 4836
22452 4 2 1 1 4612 4822 4837 4836
22453 4 2 1 1 4822 4597 4612 4598
22454 4 2 1 1 4612 4822 4598 4823
22455 4 2 1 1 4823 4598 4612 4613
22456 4 2 1 1 4612 4822 4823 4837
22457 4 2 1 1 4613 4612 4823 4837
22458 4 2 1 1 4613 4823 4838 4837
22459 4 2 1 1 4823 4598 4613 617
22460 4 2 1 1 4613 4823 617 632
22461 4 2 1 1 632 617 4613 618
22462 4 2 1 1 4613 4823 632 4838
22463 4 2 1 1 618 4613 632 4838
22464 4 2 1 1 618 632 633 4838
22465 4 2 1 1 408 393 394 4599
22466 4 2 1 1 394 408 4599 4824
22467 4 2 1 1 4824 4599 394 4614
22468 4 2 1 1 394 408 4824 409
22469 4 2 1 1 4614 394 4824 409
22470 4 2 1 1 4614 4824 4839 409
22471 4 2 1 1 4824 4599 4614 4600
22472 4 2 1 1 4614 4824 4600 4825
22473 4 2 1 1 4825 4600 4614 4615
22474 4 2 1 1 4614 4824 4825 4839
22475 4 2 1 1 4615 4614 4825 4839
22476 4 2 1 1 4615 4825 4840 4839
22477 4 2 1 1 4825 4600 4615 4601
22478 4 2 1 1 4615 4825 4601 4826
22479 4 2 1 1 4826 4601 4615 4616
22480 4 2 1 1 4615 4825 4826 4840
22481 4 2 1 1 4616 4615 4826 4840
22482 4 2 1 1 4616 4826 4841 4840
22483 4 2 1 1 4826 4601 4616 4602
22484 4 2 1 1 4616 4826 4602 4827
22485 4 2 1 1 4827 4602 4616 4617
22486 4 2 1 1 4616 4826 4827 4841
22487 4 2 1 1 4617 4616 4827 4841
22488 4 2 1 1 4617 4827 4842 4841
22489 4 2 1 1 4827 4602 4617 4603
22490 4 2 1 1 4617 4827 4603 4828
22491 4 2 1 1 4828 4603 4617 4618
22492 4 2 1 1 4617 4827 4828 4842
22493 4 2 1 1 4618 4617 4828 4842
22494 4 2 1 1 4618 4828 4843 4842
22495 4 2 1 1 4828 4603 4618 4604
22496 4 2 1 1 4618 4828 4604 4829
22497 4 2 1 1 4829 4604 4618 4619
22498 4 2 1 1 4618 4828 4829 4843
22499 4 2 1 1 4619 4618 4829 4843
22500 4 2 1 1 4619 4829 4844 4843
22501 4 2 1 1 4829 4604 4619 4605
22502 4 2 1 1 4619 4829 4605 4830
22503 4 2 1 1 4830 4605 4619 4620
22504 4 2 1 1 4619 4829 4830 4844
22505 4 2 1 1 4620 4619 4830 4844
22506 4 2 1 1 4620 4830 4845 4844
22507 4 2 1 1 4830 4605 4620 4606
22508 4 2 1 1 4620 4830 4606 4831
22509 4 2 1 1 4831 4606 4620 4621
22510 4 2 1 1 4620 4830 4831 4845
22511 4 2 1 1 4621 4620 4831 4845
22512 4 2 1 1 4621 4831 4846 4845
22513 4 2 1 1 4831 4606 4621 4607
22514 4 2 1 1 4621 4831 4607 4832
22515 4 2 1 1 4832 4607 4621 4622
22516 4 2 1 1 4621 4831 4832 4846
22517 4 2 1 1 4622 4621 4832 4846
22518 4 2 1 1 4622 4832 4847 4846
22519 4 2 1 1 4832 4607 4622 4608
22520 4 2 1 1 4622 4832 4608 4833
22521 4 2 1 1 4833 4608 4622 4623
22522 4 2 1 1 4622 4832 4833 4847
22523 4 2 1 1 4623 4622 4833 4847
22524 4 2 1 1 4623 4833 4848 4847
22525 4 2 1 1 4833 4608 4623 4609
22526 4 2 1 1 4623 4833 4609 4834
22527 4 2 1 1 4834 4609 4623 4624
22528 4 2 1 1 4623 4833 4834 4848
22529 4 2 1 1 4624 4623 4834 4848
22530 4 2 1 1 4624 4834 4849 4848
22531 4 2 1 1 4834 4609 4624 4610
22532 4 2 1 1 4624 4834 4610 4835
22533 4 2 1 1 4835 4610 4624 4625
22534 4 2 1 1 4624 4834 4835 4849
22535 4 2 1 1 4625 4624 4835 4849
22536 4 2 1 1 4625 4835 4850 4849
22537 4 2 1 1 4835 4610 4625 4611
22538 4 2 1 1 4625 4835 4611 4836
22539 4 2 1 1 4836 4611 4625 4626
22540 4 2 1 1 4625 4835 4836 4850
22541 4 2 1 1 4626 4625 4836 4850
22542 4 2 1 1 4626 4836 4851 4850
22543 4 2 1 1 4836 4611 4626 4612
22544 4 2 1 1 4626 4836 4612 4837
22545 4 2 1 1 4837 4612 4626 4627
22546 4 2 1 1 4626 4836 4837 4851
22547 4 2 1 1 4627 4626 4837 4851
22548 4 2 1 1 4627 4837 4852 4851
22549 4 2 1 1 4837 4612 4627 4613
22550 4 2 1 1 4627 4837 4613 4838
22551 4 2 1 1 4838 4613 4627 4628
22552 4 2 1 1 4627 4837 4838 4852
22553 4 2 1 1 4628 4627 4838 4852
22554 4 2 1 1 4628 4838 4853 4852
22555 4 2 1 1 4838 4613 4628 618
22556 4 2 1 1 4628 4838 618 633
22557 4 2 1 1 633 618 4628 619
22558 4 2 1 1 4628 4838 633 4853
22559 4 2 1 1 619 4628 633 4853
22560 4 2 1 1 619 633 634 4853
22561 4 2 1 1 409 394 395 4614
22562 4 2 1 1 395 409 4614 4839
22563 4 2 1 1 4839 4614 395 4629
22564 4 2 1 1 395 409 4839 410
22565 4 2 1 1 4629 395 4839 410
22566 4 2 1 1 4629 4839 4854 410
22567 4 2 1 1 4839 4614 4629 4615
22568 4 2 1 1 4629 4839 4615 4840
22569 4 2 1 1 4840 4615 4629 4630
22570 4 2 1 1 4629 4839 4840 4854
22571 4 2 1 1 4630 4629 4840 4854
22572 4 2 1 1 4630 4840 4855 4854
22573 4 2 1 1 4840 4615 4630 4616
22574 4 2 1 1 4630 4840 4616 4841
22575 4 2 1 1 4841 4616 4630 4631
22576 4 2 1 1 4630 4840 4841 4855
22577 4 2 1 1 4631 4630 4841 4855
22578 4 2 1 1 4631 4841 4856 4855
22579 4 2 1 1 4841 4616 4631 4617
22580 4 2 1 1 4631 4841 4617 4842
22581 4 2 1 1 4842 4617 4631 4632
22582 4 2 1 1 4631 4841 4842 4856
22583 4 2 1 1 4632 4631 4842 4856
22584 4 2 1 1 4632 4842 4857 4856
22585 4 2 1 1 4842 4617 4632 4618
22586 4 2 1 1 4632 4842 4618 4843
22587 4 2 1 1 4843 4618 4632 4633
22588 4 2 1 1 4632 4842 4843 4857
22589 4 2 1 1 4633 4632 4843 4857
22590 4 2 1 1 4633 4843 4858 4857
22591 4 2 1 1 4843 4618 4633 4619
22592 4 2 1 1 4633 4843 4619 4844
22593 4 2 1 1 4844 4619 4633 4634
22594 4 2 1 1 4633 4843 4844 4858
22595 4 2 1 1 4634 4633 4844 4858
22596 4 2 1 1 4634 4844 4859 4858
22597 4 2 1 1 4844 4619 4634 4620
22598 4 2 1 1 4634 4844 4620 4845
22599 4 2 1 1 4845 4620 4634 4635
22600 4 2 1 1 4634 4844 4845 4859
22601 4 2 1 1 4635 4634 4845 4859
22602 4 2 1 1 4635 4845 4860 4859
22603 4 2 1 1 4845 4620 4635 4621
22604 4 2 1 1 4635 4845 4621 4846
22605 4 2 1 1 4846 4621 4635 4636
22606 4 2 1 1 4635 4845 4846 4860
22607 4 2 1 1 4636 4635 4846 4860
22608 4 2 1 1 4636 4846 4861 4860
22609 4 2 1 1 4846 4621 4636 4622
22610 4 2 1 1 4636 4846 4622 4847
22611 4 2 1 1 4847 4622 4636 4637
22612 4 2 1 1 4636 4846 4847 4861
22613 4 2 1 1 4637 4636 4847 4861
22614 4 2 1 1 4637 4847 4862 4861
22615 4 2 1 1 4847 4622 4637 4623
22616 4 2 1 1 4637 4847 4623 4848
22617 4 2 1 1 4848 4623 4637 4638
22618 4 2 1 1 4637 4847 4848 4862
22619 4 2 1 1 4638 4637 4848 4862
22620 4 2 1 1 4638 4848 4863 4862
22621 4 2 1 1 4848 4623 4638 4624
22622 4 2 1 1 4638 4848 4624 4849
22623 4 2 1 1 4849 4624 4638 4639
22624 4 2 1 1 4638 4848 4849 4863
22625 4 2 1 1 4639 4638 4849 4863
22626 4 2 1 1 4639 4849 4864 4863
22627 4 2 1 1 4849 4624 4639 4625
22628 4 2 1 1 4639 4849 4625 4850
22629 4 2 1 1 4850 4625 4639 4640
22630 4 2 1 1 4639 4849 4850 4864
22631 4 2 1 1 4640 4639 4850 4864
22632 4 2 1 1 4640 4850 4865 4864
22633 4 2 1 1 4850 4625 4640 4626
22634 4 2 1 1 4640 4850 4626 4851
22635 4 2 1 1 4851 4626 4640 4641
22636 4 2 1 1 4640 4850 4851 4865
22637 4 2 1 1 4641 4640 4851 4865
22638 4 2 1 1 4641 4851 4866 4865
22639 4 2 1 1 4851 4626 4641 4627
22640 4 2 1 1 4641 4851 4627 4852
22641 4 2 1 1 4852 4627 4641 4642
22642 4 2 1 1 4641 4851 4852 4866
22643 4 2 1 1 4642 4641 4852 4866
22644 4 2 1 1 4642 4852 4867 4866
22645 4 2 1 1 4852 4627 4642 4628
22646 4 2 1 1 4642 4852 4628 4853
22647 4 2 1 1 4853 4628 4642 4643
22648 4 2 1 1 4642 4852 4853 4867
22649 4 2 1 1 4643 4642 4853 4867
22650 4 2 1 1 4643 4853 4868 4867
22651 4 2 1 1 4853 4628 4643 619
22652 4 2 1 1 4643 4853 619 634
22653 4 2 1 1 634 619 4643 620
22654 4 2 1 1 4643 4853 634 4868
22655 4 2 1 1 620 4643 634 4868
22656 4 2 1 1 620 634 635 4868
22657 4 2 1 1 410 395 396 4629
22658 4 2 1 1 396 410 4629 4854
22659 4 2 1 1 4854 4629 396 4644
22660 4 2 1 1 396 410 4854 411
22661 4 2 1 1 4644 396 4854 411
22662 4 2 1 1 4644 4854 4869 411
22663 4 2 1 1 4854 4629 4644 4630
22664 4 2 1 1 4644 4854 4630 4855
22665 4 2 1 1 4855 4630 4644 4645
22666 4 2 1 1 4644 4854 4855 4869
22667 4 2 1 1 4645 4644 4855 4869
22668 4 2 1 1 4645 4855 4870 4869
22669 4 2 1 1 4855 4630 4645 4631
22670 4 2 1 1 4645 4855 4631 4856
22671 4 2 1 1 4856 4631 4645 4646
22672 4 2 1 1 4645 4855 4856 4870
22673 4 2 1 1 4646 4645 4856 4870
22674 4 2 1 1 4646 4856 4871 4870
22675 4 2 1 1 4856 4631 4646 4632
22676 4 2 1 1 4646 4856 4632 4857
22677 4 2 1 1 4857 4632 4646 4647
22678 4 2 1 1 4646 4856 4857 4871
22679 4 2 1 1 4647 4646 4857 4871
22680 4 2 1 1 4647 4857 4872 4871
22681 4 2 1 1 4857 4632 4647 4633
22682 4 2 1 1 4647 4857 4633 4858
22683 4 2 1 1 4858 4633 4647 4648
22684 4 2 1 1 4647 4857 4858 4872
22685 4 2 1 1 4648 4647 4858 4872
22686 4 2 1 1 4648 4858 4873 4872
22687 4 2 1 1 4858 4633 4648 4634
22688 4 2 1 1 4648 4858 4634 4859
22689 4 2 1 1 4859 4634 4648 4649
22690 4 2 1 1 4648 4858 4859 4873
22691 4 2 1 1 4649 4648 4859 4873
22692 4 2 1 1 4649 4859 4874 4873
22693 4 2 1 1 4859 4634 4649 4635
22694 4 2 1 1 4649 4859 4635 4860
22695 4 2 1 1 4860 4635 4649 4650
22696 4 2 1 1 4649 4859 4860 4874
22697 4 2 1 1 4650 4649 4860 4874
22698 4 2 1 1 4650 4860 4875 4874
22699 4 2 1 1 4860 4635 4650 4636
22700 4 2 1 1 4650 4860 4636 4861
22701 4 2 1 1 4861 4636 4650 4651
22702 4 2 1 1 4650 4860 4861 4875
22703 4 2 1 1 4651 4650 4861 4875
22704 4 2 1 1 4651 4861 4876 4875
22705 4 2 1 1 4861 4636 4651 4637
22706 4 2 1 1 4651 4861 4637 4862
22707 4 2 1 1 4862 4637 4651 4652
22708 4 2 1 1 4651 4861 4862 4876
22709 4 2 1 1 4652 4651 4862 4876
22710 4 2 1 1 4652 4862 4877 4876
22711 4 2 1 1 4862 4637 4652 4638
22712 4 2 1 1 4652 4862 4638 4863
22713 4 2 1 1 4863 4638 4652 4653
22714 4 2 1 1 4652 4862 4863 4877
22715 4 2 1 1 4653 4652 4863 4877
22716 4 2 1 1 4653 4863 4878 4877
22717 4 2 1 1 4863 4638 4653 4639
22718 4 2 1 1 4653 4863 4639 4864
22719 4 2 1 1 4864 4639 4653 4654
22720 4 2 1 1 4653 4863 4864 4878
22721 4 2 1 1 4654 4653 4864 4878
22722 4 2 1 1 4654 4864 4879 4878
22723 4 2 1 1 4864 4639 4654 4640
22724 4 2 1 1 4654 4864 4640 4865
22725 4 2 1 1 4865 4640 4654 4655
22726 4 2 1 1 4654 4864 4865 4879
22727 4 2 1 1 4655 4654 4865 4879
22728 4 2 1 1 4655 4865 4880 4879
22729 4 2 1 1 4865 4640 4655 4641
22730 4 2 1 1 4655 4865 4641 4866
22731 4 2 1 1 4866 4641 4655 4656
22732 4 2 1 1 4655 4865 4866 4880
22733 4 2 1 1 4656 4655 4866 4880
22734 4 2 1 1 4656 4866 4881 4880
22735 4 2 1 1 4866 4641 4656 4642
22736 4 2 1 1 4656 4866 4642 4867
22737 4 2 1 1 4867 4642 4656 4657
22738 4 2 1 1 4656 4866 4867 4881
22739 4 2 1 1 4657 4656 4867 4881
22740 4 2 1 1 4657 4867 4882 4881
22741 4 2 1 1 4867 4642 4657 4643
22742 4 2 1 1 4657 4867 4643 4868
22743 4 2 1 1 4868 4643 4657 4658
22744 4 2 1 1 4657 4867 4868 4882
22745 4 2 1 1 4658 4657 4868 4882
22746 4 2 1 1 4658 4868 4883 4882
22747 4 2 1 1 4868 4643 4658 620
22748 4 2 1 1 4658 4868 620 635
22749 4 2 1 1 635 620 4658 621
22750 4 2 1 1 4658 4868 635 4883
22751 4 2 1 1 621 4658 635 4883
22752 4 2 1 1 621 635 636 4883
22753 4 2 1 1 411 396 397 4644
22754 4 2 1 1 397 411 4644 4869
22755 4 2 1 1 4869 4644 397 4659
22756 4 2 1 1 397 411 4869 412
22757 4 2 1 1 4659 397 4869 412
22758 4 2 1 1 4659 4869 4884 412
22759 4 2 1 1 4869 4644 4659 4645
22760 4 2 1 1 4659 4869 4645 4870
22761 4 2 1 1 4870 4645 4659 4660
22762 4 2 1 1 4659 4869 4870 4884
22763 4 2 1 1 4660 4659 4870 4884
22764 4 2 1 1 4660 4870 4885 4884
22765 4 2 1 1 4870 4645 4660 4646
22766 4 2 1 1 4660 4870 4646 4871
22767 4 2 1 1 4871 4646 4660 4661
22768 4 2 1 1 4660 4870 4871 4885
22769 4 2 1 1 4661 4660 4871 4885
22770 4 2 1 1 4661 4871 4886 4885
22771 4 2 1 1 4871 4646 4661 4647
22772 4 2 1 1 4661 4871 4647 4872
22773 4 2 1 1 4872 4647 4661 4662
22774 4 2 1 1 4661 4871 4872 4886
22775 4 2 1 1 4662 4661 4872 4886
22776 4 2 1 1 4662 4872 4887 4886
22777 4 2 1 1 4872 4647 4662 4648
22778 4 2 1 1 4662 4872 4648 4873
22779 4 2 1 1 4873 4648 4662 4663
22780 4 2 1 1 4662 4872 4873 4887
22781 4 2 1 1 4663 4662 4873 4887
22782 4 2 1 1 4663 4873 4888 4887
22783 4 2 1 1 4873 4648 4663 4649
22784 4 2 1 1 4663 4873 4649 4874
22785 4 2 1 1 4874 4649 4663 4664
22786 4 2 1 1 4663 4873 4874 4888
22787 4 2 1 1 4664 4663 4874 4888
22788 4 2 1 1 4664 4874 4889 4888
22789 4 2 1 1 4874 4649 4664 4650
22790 4 2 1 1 4664 4874 4650 4875
22791 4 2 1 1 4875 4650 4664 4665
22792 4 2 1 1 4664 4874 4875 4889
22793 4 2 1 1 4665 4664 4875 4889
22794 4 2 1 1 4665 4875 4890 4889
22795 4 2 1 1 4875 4650 4665 4651
22796 4 2 1 1 4665 4875 4651 4876
22797 4 2 1 1 4876 4651 4665 4666
22798 4 2 1 1 4665 4875 4876 4890
22799 4 2 1 1 4666 4665 4876 4890
22800 4 2 1 1 4666 4876 4891 4890
22801 4 2 1 1 4876 4651 4666 4652
22802 4 2 1 1 4666 4876 4652 4877
22803 4 2 1 1 4877 4652 4666 4667
22804 4 2 1 1 4666 4876 4877 4891
22805 4 2 1 1 4667 4666 4877 4891
22806 4 2 1 1 4667 4877 4892 4891
22807 4 2 1 1 4877 4652 4667 4653
22808 4 2 1 1 4667 4877 4653 4878
22809 4 2 1 1 4878 4653 4667 4668
22810 4 2 1 1 4667 4877 4878 4892
22811 4 2 1 1 4668 4667 4878 4892
22812 4 2 1 1 4668 4878 4893 4892
22813 4 2 1 1 4878 4653 4668 4654
22814 4 2 1 1 4668 4878 4654 4879
22815 4 2 1 1 4879 4654 4668 4669
22816 4 2 1 1 4668 4878 4879 4893
22817 4 2 1 1 4669 4668 4879 4893
22818 4 2 1 1 4669 4879 4894 4893
22819 4 2 1 1 4879 4654 4669 4655
22820 4 2 1 1 4669 4879 4655 4880
22821 4 2 1 1 4880 4655 4669 4670
22822 4 2 1 1 4669 4879 4880 4894
22823 4 2 1 1 4670 4669 4880 4894
22824 4 2 1 1 4670 4880 4895 4894
22825 4 2 1 1 4880 4655 4670 4656
22826 4 2 1 1 4670 4880 4656 4881
22827 4 2 1 1 4881 4656 4670 4671
22828 4 2 1 1 4670 4880 4881 4895
22829 4 2 1 1 4671 4670 4881 4895
22830 4 2 1 1 4671 4881 4896 4895
22831 4 2 1 1 4881 4656 4671 4657
22832 4 2 1 1 4671 4881 4657 4882
22833 4 2 1 1 4882 4657 4671 4672
22834 4 2 1 1 4671 4881 4882 4896
22835 4 2 1 1 4672 4671 4882 4896
22836 4 2 1 1 4672 4882 4897 4896
22837 4 2 1 1 4882 4657 4672 4658
22838 4 2 1 1 4672 4882 4658 4883
22839 4 2 1 1 4883 4658 4672 4673
22840 4 2 1 1 4672 4882 4883 4897
22841 4 2 1 1 4673 4672 4883 4897
22842 4 2 1 1 4673 4883 4898 4897
22843 4 2 1 1 4883 4658 4673 621
22844 4 2 1 1 4673 4883 621 636
22845 4 2 1 1 636 621 4673 622
22846 4 2 1 1 4673 4883 636 4898
22847 4 2 1 1 622 4673 636 4898
22848 4 2 1 1 622 636 637 4898
22849 4 2 1 1 412 397 398 4659
22850 4 2 1 1 398 412 4659 4884
22851 4 2 1 1 4884 4659 398 4674
22852 4 2 1 1 398 412 4884 413
22853 4 2 1 1 4674 398 4884 413
22854 4 2 1 1 4674 4884 4899 413
22855 4 2 1 1 4884 4659 4674 4660
22856 4 2 1 1 4674 4884 4660 4885
22857 4 2 1 1 4885 4660 4674 4675
22858 4 2 1 1 4674 4884 4885 4899
22859 4 2 1 1 4675 4674 4885 4899
22860 4 2 1 1 4675 4885 4900 4899
22861 4 2 1 1 4885 4660 4675 4661
22862 4 2 1 1 4675 4885 4661 4886
22863 4 2 1 1 4886 4661 4675 4676
22864 4 2 1 1 4675 4885 4886 4900
22865 4 2 1 1 4676 4675 4886 4900
22866 4 2 1 1 4676 4886 4901 4900
22867 4 2 1 1 4886 4661 4676 4662
22868 4 2 1 1 4676 4886 4662 4887
22869 4 2 1 1 4887 4662 4676 4677
22870 4 2 1 1 4676 4886 4887 4901
22871 4 2 1 1 4677 4676 4887 4901
22872 4 2 1 1 4677 4887 4902 4901
22873 4 2 1 1 4887 4662 4677 4663
22874 4 2 1 1 4677 4887 4663 4888
22875 4 2 1 1 4888 4663 4677 4678
22876 4 2 1 1 4677 4887 4888 4902
22877 4 2 1 1 4678 4677 4888 4902
22878 4 2 1 1 4678 4888 4903 4902
22879 4 2 1 1 4888 4663 4678 4664
22880 4 2 1 1 4678 4888 4664 4889
22881 4 2 1 1 4889 4664 4678 4679
22882 4 2 1 1 4678 4888 4889 4903
22883 4 2 1 1 4679 4678 4889 4903
22884 4 2 1 1 4679 4889 4904 4903
22885 4 2 1 1 4889 4664 4679 4665
22886 4 2 1 1 4679 4889 4665 4890
22887 4 2 1 1 4890 4665 4679 4680
22888 4 2 1 1 4679 4889 4890 4904
22889 4 2 1 1 4680 4679 4890 4904
22890 4 2 1 1 4680 4890 4905 4904
22891 4 2 1 1 4890 4665 4680 4666
22892 4 2 1 1 4680 4890 4666 4891
22893 4 2 1 1 4891 4666 4680 4681
22894 4 2 1 1 4680 4890 4891 4905
22895 4 2 1 1 4681 4680 4891 4905
22896 4 2 1 1 4681 4891 4906 4905
22897 4 2 1 1 4891 4666 4681 4667
22898 4 2 1 1 4681 4891 4667 4892
22899 4 2 1 1 4892 4667 4681 4682
22900 4 2 1 1 4681 4891 4892 4906
22901 4 2 1 1 4682 4681 4892 4906
22902 4 2 1 1 4682 4892 4907 4906
22903 4 2 1 1 4892 4667 4682 4668
22904 4 2 1 1 4682 4892 4668 4893
22905 4 2 1 1 4893 4668 4682 4683
22906 4 2 1 1 4682 4892 4893 4907
22907 4 2 1 1 4683 4682 4893 4907
22908 4 2 1 1 4683 4893 4908 4907
22909 4 2 1 1 4893 4668 4683 4669
22910 4 2 1 1 4683 4893 4669 4894
22911 4 2 1 1 4894 4669 4683 4684
22912 4 2 1 1 4683 4893 4894 4908
22913 4 2 1 1 4684 4683 4894 4908
22914 4 2 1 1 4684 4894 4909 4908
22915 4 2 1 1 4894 4669 4684 4670
22916 4 2 1 1 4684 4894 4670 4895
22917 4 2 1 1 4895 4670 4684 4685
22918 4 2 1 1 4684 4894 4895 4909
22919 4 2 1 1 4685 4684 4895 4909
22920 4 2 1 1 4685 4895 4910 4909
22921 4 2 1 1 4895 4670 4685 4671
22922 4 2 1 1 4685 4895 4671 4896
22923 4 2 1 1 4896 4671 4685 4686
22924 4 2 1 1 4685 4895 4896 4910
22925 4 2 1 1 4686 4685 4896 4910
22926 4 2 1 1 4686 4896 4911 4910
22927 4 2 1 1 4896 4671 4686 4672
22928 4 2 1 1 4686 4896 4672 4897
22929 4 2 1 1 4897 4672 4686 4687
22930 4 2 1 1 4686 4896 4897 4911
22931 4 2 1 1 4687 4686 4897 4911
22932 4 2 1 1 4687 4897 4912 4911
22933 4 2 1 1 4897 4672 4687 4673
22934 4 2 1 1 4687 4897 4673 4898
22935 4 2 1 1 4898 4673 4687 4688
22936 4 2 1 1 4687 4897 4898 4912
22937 4 2 1 1 4688 4687 4898 4912
22938 4 2 1 1 4688 4898 4913 4912
22939 4 2 1 1 4898 4673 4688 622
22940 4 2 1 1 4688 4898 622 637
22941 4 2 1 1 637 622 4688 623
22942 4 2 1 1 4688 4898 637 4913
22943 4 2 1 1 623 4688 637 4913
22944 4 2 1 1 623 637 638 4913
22945 4 2 1 1 413 398 52 4674
22946 4 2 1 1 52 413 4674 4899
22947 4 2 1 1 4899 4674 52 877
22948 4 2 1 1 52 413 4899 53
22949 4 2 1 1 877 52 4899 53
22950 4 2 1 1 877 4899 878 53
22951 4 2 1 1 4899 4674 877 4675
22952 4 2 1 1 877 4899 4675 4900
22953 4 2 1 1 4900 4675 877 892
22954 4 2 1 1 877 4899 4900 878
22955 4 2 1 1 892 877 4900 878
22956 4 2 1 1 892 4900 893 878
22957 4 2 1 1 4900 4675 892 4676
22958 4 2 1 1 892 4900 4676 4901
22959 4 2 1 1 4901 4676 892 907
22960 4 2 1 1 892 4900 4901 893
22961 4 2 1 1 907 892 4901 893
22962 4 2 1 1 907 4901 908 893
22963 4 2 1 1 4901 4676 907 4677
22964 4 2 1 1 907 4901 4677 4902
22965 4 2 1 1 4902 4677 907 922
22966 4 2 1 1 907 4901 4902 908
22967 4 2 1 1 922 907 4902 908
22968 4 2 1 1 922 4902 923 908
22969 4 2 1 1 4902 4677 922 4678
22970 4 2 1 1 922 4902 4678 4903
22971 4 2 1 1 4903 4678 922 937
22972 4 2 1 1 922 4902 4903 923
22973 4 2 1 1 937 922 4903 923
22974 4 2 1 1 937 4903 938 923
22975 4 2 1 1 4903 4678 937 4679
22976 4 2 1 1 937 4903 4679 4904
22977 4 2 1 1 4904 4679 937 952
22978 4 2 1 1 937 4903 4904 938
22979 4 2 1 1 952 937 4904 938
22980 4 2 1 1 952 4904 953 938
22981 4 2 1 1 4904 4679 952 4680
22982 4 2 1 1 952 4904 4680 4905
22983 4 2 1 1 4905 4680 952 967
22984 4 2 1 1 952 4904 4905 953
22985 4 2 1 1 967 952 4905 953
22986 4 2 1 1 967 4905 968 953
22987 4 2 1 1 4905 4680 967 4681
22988 4 2 1 1 967 4905 4681 4906
22989 4 2 1 1 4906 4681 967 982
22990 4 2 1 1 967 4905 4906 968
22991 4 2 1 1 982 967 4906 968
22992 4 2 1 1 982 4906 983 968
22993 4 2 1 1 4906 4681 982 4682
22994 4 2 1 1 982 4906 4682 4907
22995 4 2 1 1 4907 4682 982 997
22996 4 2 1 1 982 4906 4907 983
22997 4 2 1 1 997 982 4907 983
22998 4 2 1 1 997 4907 998 983
22999 4 2 1 1 4907 4682 997 4683
23000 4 2 1 1 997 4907 4683 4908
23001 4 2 1 1 4908 4683 997 1012
23002 4 2 1 1 997 4907 4908 998
23003 4 2 1 1 1012 997 4908 998
23004 4 2 1 1 1012 4908 1013 998
23005 4 2 1 1 4908 4683 1012 4684
23006 4 2 1 1 1012 4908 4684 4909
23007 4 2 1 1 4909 4684 1012 1027
23008 4 2 1 1 1012 4908 4909 1013
23009 4 2 1 1 1027 1012 4909 1013
23010 4 2 1 1 1027 4909 1028 1013
23011 4 2 1 1 4909 4684 1027 4685
23012 4 2 1 1 1027 4909 4685 4910
23013 4 2 1 1 4910 4685 1027 1042
23014 4 2 1 1 1027 4909 4910 1028
23015 4 2 1 1 1042 1027 4910 1028
23016 4 2 1 1 1042 4910 1043 1028
23017 4 2 1 1 4910 4685 1042 4686
23018 4 2 1 1 1042 4910 4686 4911
23019 4 2 1 1 4911 4686 1042 1057
23020 4 2 1 1 1042 4910 4911 1043
23021 4 2 1 1 1057 1042 4911 1043
23022 4 2 1 1 1057 4911 1058 1043
23023 4 2 1 1 4911 4686 1057 4687
23024 4 2 1 1 1057 4911 4687 4912
23025 4 2 1 1 4912 4687 1057 1072
23026 4 2 1 1 1057 4911 4912 1058
23027 4 2 1 1 1072 1057 4912 1058
23028 4 2 1 1 1072 4912 1073 1058
23029 4 2 1 1 4912 4687 1072 4688
23030 4 2 1 1 1072 4912 4688 4913
23031 4 2 1 1 4913 4688 1072 1087
23032 4 2 1 1 1072 4912 4913 1073
23033 4 2 1 1 1087 1072 4913 1073
23034 4 2 1 1 1087 4913 1088 1073
23035 4 2 1 1 4913 4688 1087 623
23036 4 2 1 1 1087 4913 623 638
23037 4 2 1 1 638 623 1087 112
23038 4 2 1 1 1087 4913 638 1088
23039 4 2 1 1 112 1087 638 1088
23040 4 2 1 1 112 638 113 1088
23041 4 2 1 1 1 23 399 653
23042 4 2 1 1 399 1 653 144
23043 4 2 1 1 144 653 399 4689
23044 4 2 1 1 399 1 144 24
23045 4 2 1 1 4689 399 144 24
23046 4 2 1 1 4689 144 1314 24
23047 4 2 1 1 144 653 4689 668
23048 4 2 1 1 4689 144 668 145
23049 4 2 1 1 145 668 4689 4690
23050 4 2 1 1 4689 144 145 1314
23051 4 2 1 1 4690 4689 145 1314
23052 4 2 1 1 4690 145 1315 1314
23053 4 2 1 1 145 668 4690 683
23054 4 2 1 1 4690 145 683 146
23055 4 2 1 1 146 683 4690 4691
23056 4 2 1 1 4690 145 146 1315
23057 4 2 1 1 4691 4690 146 1315
23058 4 2 1 1 4691 146 1316 1315
23059 4 2 1 1 146 683 4691 698
23060 4 2 1 1 4691 146 698 147
23061 4 2 1 1 147 698 4691 4692
23062 4 2 1 1 4691 146 147 1316
23063 4 2 1 1 4692 4691 147 1316
23064 4 2 1 1 4692 147 1317 1316
23065 4 2 1 1 147 698 4692 713
23066 4 2 1 1 4692 147 713 148
23067 4 2 1 1 148 713 4692 4693
23068 4 2 1 1 4692 147 148 1317
23069 4 2 1 1 4693 4692 148 1317
23070 4 2 1 1 4693 148 1318 1317
23071 4 2 1 1 148 713 4693 728
23072 4 2 1 1 4693 148 728 149
23073 4 2 1 1 149 728 4693 4694
23074 4 2 1 1 4693 148 149 1318
23075 4 2 1 1 4694 4693 149 1318
23076 4 2 1 1 4694 149 1319 1318
23077 4 2 1 1 149 728 4694 743
23078 4 2 1 1 4694 149 743 150
23079 4 2 1 1 150 743 4694 4695
23080 4 2 1 1 4694 149 150 1319
23081 4 2 1 1 4695 4694 150 1319
23082 4 2 1 1 4695 150 1320 1319
23083 4 2 1 1 150 743 4695 758
23084 4 2 1 1 4695 150 758 151
23085 4 2 1 1 151 758 4695 4696
23086 4 2 1 1 4695 150 151 1320
23087 4 2 1 1 4696 4695 151 1320
23088 4 2 1 1 4696 151 1321 1320
23089 4 2 1 1 151 758 4696 773
23090 4 2 1 1 4696 151 773 152
23091 4 2 1 1 152 773 4696 4697
23092 4 2 1 1 4696 151 152 1321
23093 4 2 1 1 4697 4696 152 1321
23094 4 2 1 1 4697 152 1322 1321
23095 4 2 1 1 152 773 4697 788
23096 4 2 1 1 4697 152 788 153
23097 4 2 1 1 153 788 4697 4698
23098 4 2 1 1 4697 152 153 1322
23099 4 2 1 1 4698 4697 153 1322
23100 4 2 1 1 4698 153 1323 1322
23101 4 2 1 1 153 788 4698 803
23102 4 2 1 1 4698 153 803 154
23103 4 2 1 1 154 803 4698 4699
23104 4 2 1 1 4698 153 154 1323
23105 4 2 1 1 4699 4698 154 1323
23106 4 2 1 1 4699 154 1324 1323
23107 4 2 1 1 154 803 4699 818
23108 4 2 1 1 4699 154 818 155
23109 4 2 1 1 155 818 4699 4700
23110 4 2 1 1 4699 154 155 1324
23111 4 2 1 1 4700 4699 155 1324
23112 4 2 1 1 4700 155 1325 1324
23113 4 2 1 1 155 818 4700 833
23114 4 2 1 1 4700 155 833 156
23115 4 2 1 1 156 833 4700 4701
23116 4 2 1 1 4700 155 156 1325
23117 4 2 1 1 4701 4700 156 1325
23118 4 2 1 1 4701 156 1326 1325
23119 4 2 1 1 156 833 4701 848
23120 4 2 1 1 4701 156 848 157
23121 4 2 1 1 157 848 4701 4702
23122 4 2 1 1 4701 156 157 1326
23123 4 2 1 1 4702 4701 157 1326
23124 4 2 1 1 4702 157 1327 1326
23125 4 2 1 1 157 848 4702 863
23126 4 2 1 1 4702 157 863 158
23127 4 2 1 1 158 863 4702 4703
23128 4 2 1 1 4702 157 158 1327
23129 4 2 1 1 4703 4702 158 1327
23130 4 2 1 1 4703 158 1328 1327
23131 4 2 1 1 158 863 4703 83
23132 4 2 1 1 4703 158 83 5
23133 4 2 1 1 5 83 4703 624
23134 4 2 1 1 4703 158 5 1328
23135 4 2 1 1 624 4703 5 1328
23136 4 2 1 1 624 5 84 1328
23137 4 2 1 1 24 399 400 4689
23138 4 2 1 1 400 24 4689 1314
23139 4 2 1 1 1314 4689 400 4704
23140 4 2 1 1 400 24 1314 25
23141 4 2 1 1 4704 400 1314 25
23142 4 2 1 1 4704 1314 1329 25
23143 4 2 1 1 1314 4689 4704 4690
23144 4 2 1 1 4704 1314 4690 1315
23145 4 2 1 1 1315 4690 4704 4705
23146 4 2 1 1 4704 1314 1315 1329
23147 4 2 1 1 4705 4704 1315 1329
23148 4 2 1 1 4705 1315 1330 1329
23149 4 2 1 1 1315 4690 4705 4691
23150 4 2 1 1 4705 1315 4691 1316
23151 4 2 1 1 1316 4691 4705 4706
23152 4 2 1 1 4705 1315 1316 1330
23153 4 2 1 1 4706 4705 1316 1330
23154 4 2 1 1 4706 1316 1331 1330
23155 4 2 1 1 1316 4691 4706 4692
23156 4 2 1 1 4706 1316 4692 1317
23157 4 2 1 1 1317 4692 4706 4707
23158 4 2 1 1 4706 1316 1317 1331
23159 4 2 1 1 4707 4706 1317 1331
23160 4 2 1 1 4707 1317 1332 1331
23161 4 2 1 1 1317 4692 4707 4693
23162 4 2 1 1 4707 1317 4693 1318
23163 4 2 1 1 1318 4693 4707 4708
23164 4 2 1 1 4707 1317 1318 1332
23165 4 2 1 1 4708 4707 1318 1332
23166 4 2 1 1 4708 1318 1333 1332
23167 4 2 1 1 1318 4693 4708 4694
23168 4 2 1 1 4708 1318 4694 1319
23169 4 2 1 1 1319 4694 4708 4709
23170 4 2 1 1 4708 1318 1319 1333
23171 4 2 1 1 4709 4708 1319 1333
23172 4 2 1 1 4709 1319 1334 1333
23173 4 2 1 1 1319 4694 4709 4695
23174 4 2 1 1 4709 1319 4695 1320
23175 4 2 1 1 1320 4695 4709 4710
23176 4 2 1 1 4709 1319 1320 1334
23177 4 2 1 1 4710 4709 1320 1334
23178 4 2 1 1 4710 1320 1335 1334
23179 4 2 1 1 1320 4695 4710 4696
23180 4 2 1 1 4710 1320 4696 1321
23181 4 2 1 1 1321 4696 4710 4711
23182 4 2 1 1 4710 1320 1321 1335
23183 4 2 1 1 4711 4710 1321 1335
23184 4 2 1 1 4711 1321 1336 1335
23185 4 2 1 1 1321 4696 4711 4697
23186 4 2 1 1 4711 1321 4697 1322
23187 4 2 1 1 1322 4697 4711 4712
23188 4 2 1 1 4711 1321 1322 1336
23189 4 2 1 1 4712 4711 1322 1336
23190 4 2 1 1 4712 1322 1337 1336
23191 4 2 1 1 1322 4697 4712 4698
23192 4 2 1 1 4712 1322 4698 1323
23193 4 2 1 1 1323 4698 4712 4713
23194 4 2 1 1 4712 1322 1323 1337
23195 4 2 1 1 4713 4712 1323 1337
23196 4 2 1 1 4713 1323 1338 1337
23197 4 2 1 1 1323 4698 4713 4699
23198 4 2 1 1 4713 1323 4699 1324
23199 4 2 1 1 1324 4699 4713 4714
23200 4 2 1 1 4713 1323 1324 1338
23201 4 2 1 1 4714 4713 1324 1338
23202 4 2 1 1 4714 1324 1339 1338
23203 4 2 1 1 1324 4699 4714 4700
23204 4 2 1 1 4714 1324 4700 1325
23205 4 2 1 1 1325 4700 4714 4715
23206 4 2 1 1 4714 1324 1325 1339
23207 4 2 1 1 4715 4714 1325 1339
23208 4 2 1 1 4715 1325 1340 1339
23209 4 2 1 1 1325 4700 4715 4701
23210 4 2 1 1 4715 1325 4701 1326
23211 4 2 1 1 1326 4701 4715 4716
23212 4 2 1 1 4715 1325 1326 1340
23213 4 2 1 1 4716 4715 1326 1340
23214 4 2 1 1 4716 1326 1341 1340
23215 4 2 1 1 1326 4701 4716 4702
23216 4 2 1 1 4716 1326 4702 1327
23217 4 2 1 1 1327 4702 4716 4717
23218 4 2 1 1 4716 1326 1327 1341
23219 4 2 1 1 4717 4716 1327 1341
23220 4 2 1 1 4717 1327 1342 1341
23221 4 2 1 1 1327 4702 4717 4703
23222 4 2 1 1 4717 1327 4703 1328
23223 4 2 1 1 1328 4703 4717 4718
23224 4 2 1 1 4717 1327 1328 1342
23225 4 2 1 1 4718 4717 1328 1342
23226 4 2 1 1 4718 1328 1343 1342
23227 4 2 1 1 1328 4703 4718 624
23228 4 2 1 1 4718 1328 624 84
23229 4 2 1 1 84 624 4718 625
23230 4 2 1 1 4718 1328 84 1343
23231 4 2 1 1 625 4718 84 1343
23232 4 2 1 1 625 84 85 1343
23233 4 2 1 1 25 400 401 4704
23234 4 2 1 1 401 25 4704 1329
23235 4 2 1 1 1329 4704 401 4719
23236 4 2 1 1 401 25 1329 26
23237 4 2 1 1 4719 401 1329 26
23238 4 2 1 1 4719 1329 1344 26
23239 4 2 1 1 1329 4704 4719 4705
23240 4 2 1 1 4719 1329 4705 1330
23241 4 2 1 1 1330 4705 4719 4720
23242 4 2 1 1 4719 1329 1330 1344
23243 4 2 1 1 4720 4719 1330 1344
23244 4 2 1 1 4720 1330 1345 1344
23245 4 2 1 1 1330 4705 4720 4706
23246 4 2 1 1 4720 1330 4706 1331
23247 4 2 1 1 1331 4706 4720 4721
23248 4 2 1 1 4720 1330 1331 1345
23249 4 2 1 1 4721 4720 1331 1345
23250 4 2 1 1 4721 1331 1346 1345
23251 4 2 1 1 1331 4706 4721 4707
23252 4 2 1 1 4721 1331 4707 1332
23253 4 2 1 1 1332 4707 4721 4722
23254 4 2 1 1 4721 1331 1332 1346
23255 4 2 1 1 4722 4721 1332 1346
23256 4 2 1 1 4722 1332 1347 1346
23257 4 2 1 1 1332 4707 4722 4708
23258 4 2 1 1 4722 1332 4708 1333
23259 4 2 1 1 1333 4708 4722 4723
23260 4 2 1 1 4722 1332 1333 1347
23261 4 2 1 1 4723 4722 1333 1347
23262 4 2 1 1 4723 1333 1348 1347
23263 4 2 1 1 1333 4708 4723 4709
23264 4 2 1 1 4723 1333 4709 1334
23265 4 2 1 1 1334 4709 4723 4724
23266 4 2 1 1 4723 1333 1334 1348
23267 4 2 1 1 4724 4723 1334 1348
23268 4 2 1 1 4724 1334 1349 1348
23269 4 2 1 1 1334 4709 4724 4710
23270 4 2 1 1 4724 1334 4710 1335
23271 4 2 1 1 1335 4710 4724 4725
23272 4 2 1 1 4724 1334 1335 1349
23273 4 2 1 1 4725 4724 1335 1349
23274 4 2 1 1 4725 1335 1350 1349
23275 4 2 1 1 1335 4710 4725 4711
23276 4 2 1 1 4725 1335 4711 1336
23277 4 2 1 1 1336 4711 4725 4726
23278 4 2 1 1 4725 1335 1336 1350
23279 4 2 1 1 4726 4725 1336 1350
23280 4 2 1 1 4726 1336 1351 1350
23281 4 2 1 1 1336 4711 4726 4712
23282 4 2 1 1 4726 1336 4712 1337
23283 4 2 1 1 1337 4712 4726 4727
23284 4 2 1 1 4726 1336 1337 1351
23285 4 2 1 1 4727 4726 1337 1351
23286 4 2 1 1 4727 1337 1352 1351
23287 4 2 1 1 1337 4712 4727 4713
23288 4 2 1 1 4727 1337 4713 1338
23289 4 2 1 1 1338 4713 4727 4728
23290 4 2 1 1 4727 1337 1338 1352
23291 4 2 1 1 4728 4727 1338 1352
23292 4 2 1 1 4728 1338 1353 1352
23293 4 2 1 1 1338 4713 4728 4714
23294 4 2 1 1 4728 1338 4714 1339
23295 4 2 1 1 1339 4714 4728 4729
23296 4 2 1 1 4728 1338 1339 1353
23297 4 2 1 1 4729 4728 1339 1353
23298 4 2 1 1 4729 1339 1354 1353
23299 4 2 1 1 1339 4714 4729 4715
23300 4 2 1 1 4729 1339 4715 1340
23301 4 2 1 1 1340 4715 4729 4730
23302 4 2 1 1 4729 1339 1340 1354
23303 4 2 1 1 4730 4729 1340 1354
23304 4 2 1 1 4730 1340 1355 1354
23305 4 2 1 1 1340 4715 4730 4716
23306 4 2 1 1 4730 1340 4716 1341
23307 4 2 1 1 1341 4716 4730 4731
23308 4 2 1 1 4730 1340 1341 1355
23309 4 2 1 1 4731 4730 1341 1355
23310 4 2 1 1 4731 1341 1356 1355
23311 4 2 1 1 1341 4716 4731 4717
23312 4 2 1 1 4731 1341 4717 1342
23313 4 2 1 1 1342 4717 4731 4732
23314 4 2 1 1 4731 1341 1342 1356
23315 4 2 1 1 4732 4731 1342 1356
23316 4 2 1 1 4732 1342 1357 1356
23317 4 2 1 1 1342 4717 4732 4718
23318 4 2 1 1 4732 1342 4718 1343
23319 4 2 1 1 1343 4718 4732 4733
23320 4 2 1 1 4732 1342 1343 1357
23321 4 2 1 1 4733 4732 1343 1357
23322 4 2 1 1 4733 1343 1358 1357
23323 4 2 1 1 1343 4718 4733 625
23324 4 2 1 1 4733 1343 625 85
23325 4 2 1 1 85 625 4733 626
23326 4 2 1 1 4733 1343 85 1358
23327 4 2 1 1 626 4733 85 1358
23328 4 2 1 1 626 85 86 1358
23329 4 2 1 1 26 401 402 4719
23330 4 2 1 1 402 26 4719 1344
23331 4 2 1 1 1344 4719 402 4734
23332 4 2 1 1 402 26 1344 27
23333 4 2 1 1 4734 402 1344 27
23334 4 2 1 1 4734 1344 1359 27
23335 4 2 1 1 1344 4719 4734 4720
23336 4 2 1 1 4734 1344 4720 1345
23337 4 2 1 1 1345 4720 4734 4735
23338 4 2 1 1 4734 1344 1345 1359
23339 4 2 1 1 4735 4734 1345 1359
23340 4 2 1 1 4735 1345 1360 1359
23341 4 2 1 1 1345 4720 4735 4721
23342 4 2 1 1 4735 1345 4721 1346
23343 4 2 1 1 1346 4721 4735 4736
23344 4 2 1 1 4735 1345 1346 1360
23345 4 2 1 1 4736 4735 1346 1360
23346 4 2 1 1 4736 1346 1361 1360
23347 4 2 1 1 1346 4721 4736 4722
23348 4 2 1 1 4736 1346 4722 1347
23349 4 2 1 1 1347 4722 4736 4737
23350 4 2 1 1 4736 1346 1347 1361
23351 4 2 1 1 4737 4736 1347 1361
23352 4 2 1 1 4737 1347 1362 1361
23353 4 2 1 1 1347 4722 4737 4723
23354 4 2 1 1 4737 1347 4723 1348
23355 4 2 1 1 1348 4723 4737 4738
23356 4 2 1 1 4737 1347 1348 1362
23357 4 2 1 1 4738 4737 1348 1362
23358 4 2 1 1 4738 1348 1363 1362
23359 4 2 1 1 1348 4723 4738 4724
23360 4 2 1 1 4738 1348 4724 1349
23361 4 2 1 1 1349 4724 4738 4739
23362 4 2 1 1 4738 1348 1349 1363
23363 4 2 1 1 4739 4738 1349 1363
23364 4 2 1 1 4739 1349 1364 1363
23365 4 2 1 1 1349 4724 4739 4725
23366 4 2 1 1 4739 1349 4725 1350
23367 4 2 1 1 1350 4725 4739 4740
23368 4 2 1 1 4739 1349 1350 1364
23369 4 2 1 1 4740 4739 1350 1364
23370 4 2 1 1 4740 1350 1365 1364
23371 4 2 1 1 1350 4725 4740 4726
23372 4 2 1 1 4740 1350 4726 1351
23373 4 2 1 1 1351 4726 4740 4741
23374 4 2 1 1 4740 1350 1351 1365
23375 4 2 1 1 4741 4740 1351 1365
23376 4 2 1 1 4741 1351 1366 1365
23377 4 2 1 1 1351 4726 4741 4727
23378 4 2 1 1 4741 1351 4727 1352
23379 4 2 1 1 1352 4727 4741 4742
23380 4 2 1 1 4741 1351 1352 1366
23381 4 2 1 1 4742 4741 1352 1366
23382 4 2 1 1 4742 1352 1367 1366
23383 4 2 1 1 1352 4727 4742 4728
23384 4 2 1 1 4742 1352 4728 1353
23385 4 2 1 1 1353 4728 4742 4743
23386 4 2 1 1 4742 1352 1353 1367
23387 4 2 1 1 4743 4742 1353 1367
23388 4 2 1 1 4743 1353 1368 1367
23389 4 2 1 1 1353 4728 4743 4729
23390 4 2 1 1 4743 1353 4729 1354
23391 4 2 1 1 1354 4729 4743 4744
23392 4 2 1 1 4743 1353 1354 1368
23393 4 2 1 1 4744 4743 1354 1368
23394 4 2 1 1 4744 1354 1369 1368
23395 4 2 1 1 1354 4729 4744 4730
23396 4 2 1 1 4744 1354 4730 1355
23397 4 2 1 1 1355 4730 4744 4745
23398 4 2 1 1 4744 1354 1355 1369
23399 4 2 1 1 4745 4744 1355 1369
23400 4 2 1 1 4745 1355 1370 1369
23401 4 2 1 1 1355 4730 4745 4731
23402 4 2 1 1 4745 1355 4731 1356
23403 4 2 1 1 1356 4731 4745 4746
23404 4 2 1 1 4745 1355 1356 1370
23405 4 2 1 1 4746 4745 1356 1370
23406 4 2 1 1 4746 1356 1371 1370
23407 4 2 1 1 1356 4731 4746 4732
23408 4 2 1 1 4746 1356 4732 1357
23409 4 2 1 1 1357 4732 4746 4747
23410 4 2 1 1 4746 1356 1357 1371
23411 4 2 1 1 4747 4746 1357 1371
23412 4 2 1 1 4747 1357 1372 1371
23413 4 2 1 1 1357 4732 4747 4733
23414 4 2 1 1 4747 1357 4733 1358
23415 4 2 1 1 1358 4733 4747 4748
23416 4 2 1 1 4747 1357 1358 1372
23417 4 2 1 1 4748 4747 1358 1372
23418 4 2 1 1 4748 1358 1373 1372
23419 4 2 1 1 1358 4733 4748 626
23420 4 2 1 1 4748 1358 626 86
23421 4 2 1 1 86 626 4748 627
23422 4 2 1 1 4748 1358 86 1373
23423 4 2 1 1 627 4748 86 1373
23424 4 2 1 1 627 86 87 1373
23425 4 2 1 1 27 402 403 4734
23426 4 2 1 1 403 27 4734 1359
23427 4 2 1 1 1359 4734 403 4749
23428 4 2 1 1 403 27 1359 28
23429 4 2 1 1 4749 403 1359 28
23430 4 2 1 1 4749 1359 1374 28
23431 4 2 1 1 1359 4734 4749 4735
23432 4 2 1 1 4749 1359 4735 1360
23433 4 2 1 1 1360 4735 4749 4750
23434 4 2 1 1 4749 1359 1360 1374
23435 4 2 1 1 4750 4749 1360 1374
23436 4 2 1 1 4750 1360 1375 1374
23437 4 2 1 1 1360 4735 4750 4736
23438 4 2 1 1 4750 1360 4736 1361
23439 4 2 1 1 1361 4736 4750 4751
23440 4 2 1 1 4750 1360 1361 1375
23441 4 2 1 1 4751 4750 1361 1375
23442 4 2 1 1 4751 1361 1376 1375
23443 4 2 1 1 1361 4736 4751 4737
23444 4 2 1 1 4751 1361 4737 1362
23445 4 2 1 1 1362 4737 4751 4752
23446 4 2 1 1 4751 1361 1362 1376
23447 4 2 1 1 4752 4751 1362 1376
23448 4 2 1 1 4752 1362 1377 1376
23449 4 2 1 1 1362 4737 4752 4738
23450 4 2 1 1 4752 1362 4738 1363
23451 4 2 1 1 1363 4738 4752 4753
23452 4 2 1 1 4752 1362 1363 1377
23453 4 2 1 1 4753 4752 1363 1377
23454 4 2 1 1 4753 1363 1378 1377
23455 4 2 1 1 1363 4738 4753 4739
23456 4 2 1 1 4753 1363 4739 1364
23457 4 2 1 1 1364 4739 4753 4754
23458 4 2 1 1 4753 1363 1364 1378
23459 4 2 1 1 4754 4753 1364 1378
23460 4 2 1 1 4754 1364 1379 1378
23461 4 2 1 1 1364 4739 4754 4740
23462 4 2 1 1 4754 1364 4740 1365
23463 4 2 1 1 1365 4740 4754 4755
23464 4 2 1 1 4754 1364 1365 1379
23465 4 2 1 1 4755 4754 1365 1379
23466 4 2 1 1 4755 1365 1380 1379
23467 4 2 1 1 1365 4740 4755 4741
23468 4 2 1 1 4755 1365 4741 1366
23469 4 2 1 1 1366 4741 4755 4756
23470 4 2 1 1 4755 1365 1366 1380
23471 4 2 1 1 4756 4755 1366 1380
23472 4 2 1 1 4756 1366 1381 1380
23473 4 2 1 1 1366 4741 4756 4742
23474 4 2 1 1 4756 1366 4742 1367
23475 4 2 1 1 1367 4742 4756 4757
23476 4 2 1 1 4756 1366 1367 1381
23477 4 2 1 1 4757 4756 1367 1381
23478 4 2 1 1 4757 1367 1382 1381
23479 4 2 1 1 1367 4742 4757 4743
23480 4 2 1 1 4757 1367 4743 1368
23481 4 2 1 1 1368 4743 4757 4758
23482 4 2 1 1 4757 1367 1368 1382
23483 4 2 1 1 4758 4757 1368 1382
23484 4 2 1 1 4758 1368 1383 1382
23485 4 2 1 1 1368 4743 4758 4744
23486 4 2 1 1 4758 1368 4744 1369
23487 4 2 1 1 1369 4744 4758 4759
23488 4 2 1 1 4758 1368 1369 1383
23489 4 2 1 1 4759 4758 1369 1383
23490 4 2 1 1 4759 1369 1384 1383
23491 4 2 1 1 1369 4744 4759 4745
23492 4 2 1 1 4759 1369 4745 1370
23493 4 2 1 1 1370 4745 4759 4760
23494 4 2 1 1 4759 1369 1370 1384
23495 4 2 1 1 4760 4759 1370 1384
23496 4 2 1 1 4760 1370 1385 1384
23497 4 2 1 1 1370 4745 4760 4746
23498 4 2 1 1 4760 1370 4746 1371
23499 4 2 1 1 1371 4746 4760 4761
23500 4 2 1 1 4760 1370 1371 1385
23501 4 2 1 1 4761 4760 1371 1385
23502 4 2 1 1 4761 1371 1386 1385
23503 4 2 1 1 1371 4746 4761 4747
23504 4 2 1 1 4761 1371 4747 1372
23505 4 2 1 1 1372 4747 4761 4762
23506 4 2 1 1 4761 1371 1372 1386
23507 4 2 1 1 4762 4761 1372 1386
23508 4 2 1 1 4762 1372 1387 1386
23509 4 2 1 1 1372 4747 4762 4748
23510 4 2 1 1 4762 1372 4748 1373
23511 4 2 1 1 1373 4748 4762 4763
23512 4 2 1 1 4762 1372 1373 1387
23513 4 2 1 1 4763 4762 1373 1387
23514 4 2 1 1 4763 1373 1388 1387
23515 4 2 1 1 1373 4748 4763 627
23516 4 2 1 1 4763 1373 627 87
23517 4 2 1 1 87 627 4763 628
23518 4 2 1 1 4763 1373 87 1388
23519 4 2 1 1 628 4763 87 1388
23520 4 2 1 1 628 87 88 1388
23521 4 2 1 1 28 403 404 4749
23522 4 2 1 1 404 28 4749 1374
23523 4 2 1 1 1374 4749 404 4764
23524 4 2 1 1 404 28 1374 29
23525 4 2 1 1 4764 404 1374 29
23526 4 2 1 1 4764 1374 1389 29
23527 4 2 1 1 1374 4749 4764 4750
23528 4 2 1 1 4764 1374 4750 1375
23529 4 2 1 1 1375 4750 4764 4765
23530 4 2 1 1 4764 1374 1375 1389
23531 4 2 1 1 4765 4764 1375 1389
23532 4 2 1 1 4765 1375 1390 1389
23533 4 2 1 1 1375 4750 4765 4751
23534 4 2 1 1 4765 1375 4751 1376
23535 4 2 1 1 1376 4751 4765 4766
23536 4 2 1 1 4765 1375 1376 1390
23537 4 2 1 1 4766 4765 1376 1390
23538 4 2 1 1 4766 1376 1391 1390
23539 4 2 1 1 1376 4751 4766 4752
23540 4 2 1 1 4766 1376 4752 1377
23541 4 2 1 1 1377 4752 4766 4767
23542 4 2 1 1 4766 1376 1377 1391
23543 4 2 1 1 4767 4766 1377 1391
23544 4 2 1 1 4767 1377 1392 1391
23545 4 2 1 1 1377 4752 4767 4753
23546 4 2 1 1 4767 1377 4753 1378
23547 4 2 1 1 1378 4753 4767 4768
23548 4 2 1 1 4767 1377 1378 1392
23549 4 2 1 1 4768 4767 1378 1392
23550 4 2 1 1 4768 1378 1393 1392
23551 4 2 1 1 1378 4753 4768 4754
23552 4 2 1 1 4768 1378 4754 1379
23553 4 2 1 1 1379 4754 4768 4769
23554 4 2 1 1 4768 1378 1379 1393
23555 4 2 1 1 4769 4768 1379 1393
23556 4 2 1 1 4769 1379 1394 1393
23557 4 2 1 1 1379 4754 4769 4755
23558 4 2 1 1 4769 1379 4755 1380
23559 4 2 1 1 1380 4755 4769 4770
23560 4 2 1 1 4769 1379 1380 1394
23561 4 2 1 1 4770 4769 1380 1394
23562 4 2 1 1 4770 1380 1395 1394
23563 4 2 1 1 1380 4755 4770 4756
23564 4 2 1 1 4770 1380 4756 1381
23565 4 2 1 1 1381 4756 4770 4771
23566 4 2 1 1 4770 1380 1381 1395
23567 4 2 1 1 4771 4770 1381 1395
23568 4 2 1 1 4771 1381 1396 1395
23569 4 2 1 1 1381 4756 4771 4757
23570 4 2 1 1 4771 1381 4757 1382
23571 4 2 1 1 1382 4757 4771 4772
23572 4 2 1 1 4771 1381 1382 1396
23573 4 2 1 1 4772 4771 1382 1396
23574 4 2 1 1 4772 1382 1397 1396
23575 4 2 1 1 1382 4757 4772 4758
23576 4 2 1 1 4772 1382 4758 1383
23577 4 2 1 1 1383 4758 4772 4773
23578 4 2 1 1 4772 1382 1383 1397
23579 4 2 1 1 4773 4772 1383 1397
23580 4 2 1 1 4773 1383 1398 1397
23581 4 2 1 1 1383 4758 4773 4759
23582 4 2 1 1 4773 1383 4759 1384
23583 4 2 1 1 1384 4759 4773 4774
23584 4 2 1 1 4773 1383 1384 1398
23585 4 2 1 1 4774 4773 1384 1398
23586 4 2 1 1 4774 1384 1399 1398
23587 4 2 1 1 1384 4759 4774 4760
23588 4 2 1 1 4774 1384 4760 1385
23589 4 2 1 1 1385 4760 4774 4775
23590 4 2 1 1 4774 1384 1385 1399
23591 4 2 1 1 4775 4774 1385 1399
23592 4 2 1 1 4775 1385 1400 1399
23593 4 2 1 1 1385 4760 4775 4761
23594 4 2 1 1 4775 1385 4761 1386
23595 4 2 1 1 1386 4761 4775 4776
23596 4 2 1 1 4775 1385 1386 1400
23597 4 2 1 1 4776 4775 1386 1400
23598 4 2 1 1 4776 1386 1401 1400
23599 4 2 1 1 1386 4761 4776 4762
23600 4 2 1 1 4776 1386 4762 1387
23601 4 2 1 1 1387 4762 4776 4777
23602 4 2 1 1 4776 1386 1387 1401
23603 4 2 1 1 4777 4776 1387 1401
23604 4 2 1 1 4777 1387 1402 1401
23605 4 2 1 1 1387 4762 4777 4763
23606 4 2 1 1 4777 1387 4763 1388
23607 4 2 1 1 1388 4763 4777 4778
23608 4 2 1 1 4777 1387 1388 1402
23609 4 2 1 1 4778 4777 1388 1402
23610 4 2 1 1 4778 1388 1403 1402
23611 4 2 1 1 1388 4763 4778 628
23612 4 2 1 1 4778 1388 628 88
23613 4 2 1 1 88 628 4778 629
23614 4 2 1 1 4778 1388 88 1403
23615 4 2 1 1 629 4778 88 1403
23616 4 2 1 1 629 88 89 1403
23617 4 2 1 1 29 404 405 4764
23618 4 2 1 1 405 29 4764 1389
23619 4 2 1 1 1389 4764 405 4779
23620 4 2 1 1 405 29 1389 30
23621 4 2 1 1 4779 405 1389 30
23622 4 2 1 1 4779 1389 1404 30
23623 4 2 1 1 1389 4764 4779 4765
23624 4 2 1 1 4779 1389 4765 1390
23625 4 2 1 1 1390 4765 4779 4780
23626 4 2 1 1 4779 1389 1390 1404
23627 4 2 1 1 4780 4779 1390 1404
23628 4 2 1 1 4780 1390 1405 1404
23629 4 2 1 1 1390 4765 4780 4766
23630 4 2 1 1 4780 1390 4766 1391
23631 4 2 1 1 1391 4766 4780 4781
23632 4 2 1 1 4780 1390 1391 1405
23633 4 2 1 1 4781 4780 1391 1405
23634 4 2 1 1 4781 1391 1406 1405
23635 4 2 1 1 1391 4766 4781 4767
23636 4 2 1 1 4781 1391 4767 1392
23637 4 2 1 1 1392 4767 4781 4782
23638 4 2 1 1 4781 1391 1392 1406
23639 4 2 1 1 4782 4781 1392 1406
23640 4 2 1 1 4782 1392 1407 1406
23641 4 2 1 1 1392 4767 4782 4768
23642 4 2 1 1 4782 1392 4768 1393
23643 4 2 1 1 1393 4768 4782 4783
23644 4 2 1 1 4782 1392 1393 1407
23645 4 2 1 1 4783 4782 1393 1407
23646 4 2 1 1 4783 1393 1408 1407
23647 4 2 1 1 1393 4768 4783 4769
23648 4 2 1 1 4783 1393 4769 1394
23649 4 2 1 1 1394 4769 4783 4784
23650 4 2 1 1 4783 1393 1394 1408
23651 4 2 1 1 4784 4783 1394 1408
23652 4 2 1 1 4784 1394 1409 1408
23653 4 2 1 1 1394 4769 4784 4770
23654 4 2 1 1 4784 1394 4770 1395
23655 4 2 1 1 1395 4770 4784 4785
23656 4 2 1 1 4784 1394 1395 1409
23657 4 2 1 1 4785 4784 1395 1409
23658 4 2 1 1 4785 1395 1410 1409
23659 4 2 1 1 1395 4770 4785 4771
23660 4 2 1 1 4785 1395 4771 1396
23661 4 2 1 1 1396 4771 4785 4786
23662 4 2 1 1 4785 1395 1396 1410
23663 4 2 1 1 4786 4785 1396 1410
23664 4 2 1 1 4786 1396 1411 1410
23665 4 2 1 1 1396 4771 4786 4772
23666 4 2 1 1 4786 1396 4772 1397
23667 4 2 1 1 1397 4772 4786 4787
23668 4 2 1 1 4786 1396 1397 1411
23669 4 2 1 1 4787 4786 1397 1411
23670 4 2 1 1 4787 1397 1412 1411
23671 4 2 1 1 1397 4772 4787 4773
23672 4 2 1 1 4787 1397 4773 1398
23673 4 2 1 1 1398 4773 4787 4788
23674 4 2 1 1 4787 1397 1398 1412
23675 4 2 1 1 4788 4787 1398 1412
23676 4 2 1 1 4788 1398 1413 1412
23677 4 2 1 1 1398 4773 4788 4774
23678 4 2 1 1 4788 1398 4774 1399
23679 4 2 1 1 1399 4774 4788 4789
23680 4 2 1 1 4788 1398 1399 1413
23681 4 2 1 1 4789 4788 1399 1413
23682 4 2 1 1 4789 1399 1414 1413
23683 4 2 1 1 1399 4774 4789 4775
23684 4 2 1 1 4789 1399 4775 1400
23685 4 2 1 1 1400 4775 4789 4790
23686 4 2 1 1 4789 1399 1400 1414
23687 4 2 1 1 4790 4789 1400 1414
23688 4 2 1 1 4790 1400 1415 1414
23689 4 2 1 1 1400 4775 4790 4776
23690 4 2 1 1 4790 1400 4776 1401
23691 4 2 1 1 1401 4776 4790 4791
23692 4 2 1 1 4790 1400 1401 1415
23693 4 2 1 1 4791 4790 1401 1415
23694 4 2 1 1 4791 1401 1416 1415
23695 4 2 1 1 1401 4776 4791 4777
23696 4 2 1 1 4791 1401 4777 1402
23697 4 2 1 1 1402 4777 4791 4792
23698 4 2 1 1 4791 1401 1402 1416
23699 4 2 1 1 4792 4791 1402 1416
23700 4 2 1 1 4792 1402 1417 1416
23701 4 2 1 1 1402 4777 4792 4778
23702 4 2 1 1 4792 1402 4778 1403
23703 4 2 1 1 1403 4778 4792 4793
23704 4 2 1 1 4792 1402 1403 1417
23705 4 2 1 1 4793 4792 1403 1417
23706 4 2 1 1 4793 1403 1418 1417
23707 4 2 1 1 1403 4778 4793 629
23708 4 2 1 1 4793 1403 629 89
23709 4 2 1 1 89 629 4793 630
23710 4 2 1 1 4793 1403 89 1418
23711 4 2 1 1 630 4793 89 1418
23712 4 2 1 1 630 89 90 1418
23713 4 2 1 1 30 405 406 4779
23714 4 2 1 1 406 30 4779 1404
23715 4 2 1 1 1404 4779 406 4794
23716 4 2 1 1 406 30 1404 31
23717 4 2 1 1 4794 406 1404 31
23718 4 2 1 1 4794 1404 1419 31
23719 4 2 1 1 1404 4779 4794 4780
23720 4 2 1 1 4794 1404 4780 1405
23721 4 2 1 1 1405 4780 4794 4795
23722 4 2 1 1 4794 1404 1405 1419
23723 4 2 1 1 4795 4794 1405 1419
23724 4 2 1 1 4795 1405 1420 1419
23725 4 2 1 1 1405 4780 4795 4781
23726 4 2 1 1 4795 1405 4781 1406
23727 4 2 1 1 1406 4781 4795 4796
23728 4 2 1 1 4795 1405 1406 1420
23729 4 2 1 1 4796 4795 1406 1420
23730 4 2 1 1 4796 1406 1421 1420
23731 4 2 1 1 1406 4781 4796 4782
23732 4 2 1 1 4796 1406 4782 1407
23733 4 2 1 1 1407 4782 4796 4797
23734 4 2 1 1 4796 1406 1407 1421
23735 4 2 1 1 4797 4796 1407 1421
23736 4 2 1 1 4797 1407 1422 1421
23737 4 2 1 1 1407 4782 4797 4783
23738 4 2 1 1 4797 1407 4783 1408
23739 4 2 1 1 1408 4783 4797 4798
23740 4 2 1 1 4797 1407 1408 1422
23741 4 2 1 1 4798 4797 1408 1422
23742 4 2 1 1 4798 1408 1423 1422
23743 4 2 1 1 1408 4783 4798 4784
23744 4 2 1 1 4798 1408 4784 1409
23745 4 2 1 1 1409 4784 4798 4799
23746 4 2 1 1 4798 1408 1409 1423
23747 4 2 1 1 4799 4798 1409 1423
23748 4 2 1 1 4799 1409 1424 1423
23749 4 2 1 1 1409 4784 4799 4785
23750 4 2 1 1 4799 1409 4785 1410
23751 4 2 1 1 1410 4785 4799 4800
23752 4 2 1 1 4799 1409 1410 1424
23753 4 2 1 1 4800 4799 1410 1424
23754 4 2 1 1 4800 1410 1425 1424
23755 4 2 1 1 1410 4785 4800 4786
23756 4 2 1 1 4800 1410 4786 1411
23757 4 2 1 1 1411 4786 4800 4801
23758 4 2 1 1 4800 1410 1411 1425
23759 4 2 1 1 4801 4800 1411 1425
23760 4 2 1 1 4801 1411 1426 1425
23761 4 2 1 1 1411 4786 4801 4787
23762 4 2 1 1 4801 1411 4787 1412
23763 4 2 1 1 1412 4787 4801 4802
23764 4 2 1 1 4801 1411 1412 1426
23765 4 2 1 1 4802 4801 1412 1426
23766 4 2 1 1 4802 1412 1427 1426
23767 4 2 1 1 1412 4787 4802 4788
23768 4 2 1 1 4802 1412 4788 1413
23769 4 2 1 1 1413 4788 4802 4803
23770 4 2 1 1 4802 1412 1413 1427
23771 4 2 1 1 4803 4802 1413 1427
23772 4 2 1 1 4803 1413 1428 1427
23773 4 2 1 1 1413 4788 4803 4789
23774 4 2 1 1 4803 1413 4789 1414
23775 4 2 1 1 1414 4789 4803 4804
23776 4 2 1 1 4803 1413 1414 1428
23777 4 2 1 1 4804 4803 1414 1428
23778 4 2 1 1 4804 1414 1429 1428
23779 4 2 1 1 1414 4789 4804 4790
23780 4 2 1 1 4804 1414 4790 1415
23781 4 2 1 1 1415 4790 4804 4805
23782 4 2 1 1 4804 1414 1415 1429
23783 4 2 1 1 4805 4804 1415 1429
23784 4 2 1 1 4805 1415 1430 1429
23785 4 2 1 1 1415 4790 4805 4791
23786 4 2 1 1 4805 1415 4791 1416
23787 4 2 1 1 1416 4791 4805 4806
23788 4 2 1 1 4805 1415 1416 1430
23789 4 2 1 1 4806 4805 1416 1430
23790 4 2 1 1 4806 1416 1431 1430
23791 4 2 1 1 1416 4791 4806 4792
23792 4 2 1 1 4806 1416 4792 1417
23793 4 2 1 1 1417 4792 4806 4807
23794 4 2 1 1 4806 1416 1417 1431
23795 4 2 1 1 4807 4806 1417 1431
23796 4 2 1 1 4807 1417 1432 1431
23797 4 2 1 1 1417 4792 4807 4793
23798 4 2 1 1 4807 1417 4793 1418
23799 4 2 1 1 1418 4793 4807 4808
23800 4 2 1 1 4807 1417 1418 1432
23801 4 2 1 1 4808 4807 1418 1432
23802 4 2 1 1 4808 1418 1433 1432
23803 4 2 1 1 1418 4793 4808 630
23804 4 2 1 1 4808 1418 630 90
23805 4 2 1 1 90 630 4808 631
23806 4 2 1 1 4808 1418 90 1433
23807 4 2 1 1 631 4808 90 1433
23808 4 2 1 1 631 90 91 1433
23809 4 2 1 1 31 406 407 4794
23810 4 2 1 1 407 31 4794 1419
23811 4 2 1 1 1419 4794 407 4809
23812 4 2 1 1 407 31 1419 32
23813 4 2 1 1 4809 407 1419 32
23814 4 2 1 1 4809 1419 1434 32
23815 4 2 1 1 1419 4794 4809 4795
23816 4 2 1 1 4809 1419 4795 1420
23817 4 2 1 1 1420 4795 4809 4810
23818 4 2 1 1 4809 1419 1420 1434
23819 4 2 1 1 4810 4809 1420 1434
23820 4 2 1 1 4810 1420 1435 1434
23821 4 2 1 1 1420 4795 4810 4796
23822 4 2 1 1 4810 1420 4796 1421
23823 4 2 1 1 1421 4796 4810 4811
23824 4 2 1 1 4810 1420 1421 1435
23825 4 2 1 1 4811 4810 1421 1435
23826 4 2 1 1 4811 1421 1436 1435
23827 4 2 1 1 1421 4796 4811 4797
23828 4 2 1 1 4811 1421 4797 1422
23829 4 2 1 1 1422 4797 4811 4812
23830 4 2 1 1 4811 1421 1422 1436
23831 4 2 1 1 4812 4811 1422 1436
23832 4 2 1 1 4812 1422 1437 1436
23833 4 2 1 1 1422 4797 4812 4798
23834 4 2 1 1 4812 1422 4798 1423
23835 4 2 1 1 1423 4798 4812 4813
23836 4 2 1 1 4812 1422 1423 1437
23837 4 2 1 1 4813 4812 1423 1437
23838 4 2 1 1 4813 1423 1438 1437
23839 4 2 1 1 1423 4798 4813 4799
23840 4 2 1 1 4813 1423 4799 1424
23841 4 2 1 1 1424 4799 4813 4814
23842 4 2 1 1 4813 1423 1424 1438
23843 4 2 1 1 4814 4813 1424 1438
23844 4 2 1 1 4814 1424 1439 1438
23845 4 2 1 1 1424 4799 4814 4800
23846 4 2 1 1 4814 1424 4800 1425
23847 4 2 1 1 1425 4800 4814 4815
23848 4 2 1 1 4814 1424 1425 1439
23849 4 2 1 1 4815 4814 1425 1439
23850 4 2 1 1 4815 1425 1440 1439
23851 4 2 1 1 1425 4800 4815 4801
23852 4 2 1 1 4815 1425 4801 1426
23853 4 2 1 1 1426 4801 4815 4816
23854 4 2 1 1 4815 1425 1426 1440
23855 4 2 1 1 4816 4815 1426 1440
23856 4 2 1 1 4816 1426 1441 1440
23857 4 2 1 1 1426 4801 4816 4802
23858 4 2 1 1 4816 1426 4802 1427
23859 4 2 1 1 1427 4802 4816 4817
23860 4 2 1 1 4816 1426 1427 1441
23861 4 2 1 1 4817 4816 1427 1441
23862 4 2 1 1 4817 1427 1442 1441
23863 4 2 1 1 1427 4802 4817 4803
23864 4 2 1 1 4817 1427 4803 1428
23865 4 2 1 1 1428 4803 4817 4818
23866 4 2 1 1 4817 1427 1428 1442
23867 4 2 1 1 4818 4817 1428 1442
23868 4 2 1 1 4818 1428 1443 1442
23869 4 2 1 1 1428 4803 4818 4804
23870 4 2 1 1 4818 1428 4804 1429
23871 4 2 1 1 1429 4804 4818 4819
23872 4 2 1 1 4818 1428 1429 1443
23873 4 2 1 1 4819 4818 1429 1443
23874 4 2 1 1 4819 1429 1444 1443
23875 4 2 1 1 1429 4804 4819 4805
23876 4 2 1 1 4819 1429 4805 1430
23877 4 2 1 1 1430 4805 4819 4820
23878 4 2 1 1 4819 1429 1430 1444
23879 4 2 1 1 4820 4819 1430 1444
23880 4 2 1 1 4820 1430 1445 1444
23881 4 2 1 1 1430 4805 4820 4806
23882 4 2 1 1 4820 1430 4806 1431
23883 4 2 1 1 1431 4806 4820 4821
23884 4 2 1 1 4820 1430 1431 1445
23885 4 2 1 1 4821 4820 1431 1445
23886 4 2 1 1 4821 1431 1446 1445
23887 4 2 1 1 1431 4806 4821 4807
23888 4 2 1 1 4821 1431 4807 1432
23889 4 2 1 1 1432 4807 4821 4822
23890 4 2 1 1 4821 1431 1432 1446
23891 4 2 1 1 4822 4821 1432 1446
23892 4 2 1 1 4822 1432 1447 1446
23893 4 2 1 1 1432 4807 4822 4808
23894 4 2 1 1 4822 1432 4808 1433
23895 4 2 1 1 1433 4808 4822 4823
23896 4 2 1 1 4822 1432 1433 1447
23897 4 2 1 1 4823 4822 1433 1447
23898 4 2 1 1 4823 1433 1448 1447
23899 4 2 1 1 1433 4808 4823 631
23900 4 2 1 1 4823 1433 631 91
23901 4 2 1 1 91 631 4823 632
23902 4 2 1 1 4823 1433 91 1448
23903 4 2 1 1 632 4823 91 1448
23904 4 2 1 1 632 91 92 1448
23905 4 2 1 1 32 407 408 4809
23906 4 2 1 1 408 32 4809 1434
23907 4 2 1 1 1434 4809 408 4824
23908 4 2 1 1 408 32 1434 33
23909 4 2 1 1 4824 408 1434 33
23910 4 2 1 1 4824 1434 1449 33
23911 4 2 1 1 1434 4809 4824 4810
23912 4 2 1 1 4824 1434 4810 1435
23913 4 2 1 1 1435 4810 4824 4825
23914 4 2 1 1 4824 1434 1435 1449
23915 4 2 1 1 4825 4824 1435 1449
23916 4 2 1 1 4825 1435 1450 1449
23917 4 2 1 1 1435 4810 4825 4811
23918 4 2 1 1 4825 1435 4811 1436
23919 4 2 1 1 1436 4811 4825 4826
23920 4 2 1 1 4825 1435 1436 1450
23921 4 2 1 1 4826 4825 1436 1450
23922 4 2 1 1 4826 1436 1451 1450
23923 4 2 1 1 1436 4811 4826 4812
23924 4 2 1 1 4826 1436 4812 1437
23925 4 2 1 1 1437 4812 4826 4827
23926 4 2 1 1 4826 1436 1437 1451
23927 4 2 1 1 4827 4826 1437 1451
23928 4 2 1 1 4827 1437 1452 1451
23929 4 2 1 1 1437 4812 4827 4813
23930 4 2 1 1 4827 1437 4813 1438
23931 4 2 1 1 1438 4813 4827 4828
23932 4 2 1 1 4827 1437 1438 1452
23933 4 2 1 1 4828 4827 1438 1452
23934 4 2 1 1 4828 1438 1453 1452
23935 4 2 1 1 1438 4813 4828 4814
23936 4 2 1 1 4828 1438 4814 1439
23937 4 2 1 1 1439 4814 4828 4829
23938 4 2 1 1 4828 1438 1439 1453
23939 4 2 1 1 4829 4828 1439 1453
23940 4 2 1 1 4829 1439 1454 1453
23941 4 2 1 1 1439 4814 4829 4815
23942 4 2 1 1 4829 1439 4815 1440
23943 4 2 1 1 1440 4815 4829 4830
23944 4 2 1 1 4829 1439 1440 1454
23945 4 2 1 1 4830 4829 1440 1454
23946 4 2 1 1 4830 1440 1455 1454
23947 4 2 1 1 1440 4815 4830 4816
23948 4 2 1 1 4830 1440 4816 1441
23949 4 2 1 1 1441 4816 4830 4831
23950 4 2 1 1 4830 1440 1441 1455
23951 4 2 1 1 4831 4830 1441 1455
23952 4 2 1 1 4831 1441 1456 1455
23953 4 2 1 1 1441 4816 4831 4817
23954 4 2 1 1 4831 1441 4817 1442
23955 4 2 1 1 1442 4817 4831 4832
23956 4 2 1 1 4831 1441 1442 1456
23957 4 2 1 1 4832 4831 1442 1456
23958 4 2 1 1 4832 1442 1457 1456
23959 4 2 1 1 1442 4817 4832 4818
23960 4 2 1 1 4832 1442 4818 1443
23961 4 2 1 1 1443 4818 4832 4833
23962 4 2 1 1 4832 1442 1443 1457
23963 4 2 1 1 4833 4832 1443 1457
23964 4 2 1 1 4833 1443 1458 1457
23965 4 2 1 1 1443 4818 4833 4819
23966 4 2 1 1 4833 1443 4819 1444
23967 4 2 1 1 1444 4819 4833 4834
23968 4 2 1 1 4833 1443 1444 1458
23969 4 2 1 1 4834 4833 1444 1458
23970 4 2 1 1 4834 1444 1459 1458
23971 4 2 1 1 1444 4819 4834 4820
23972 4 2 1 1 4834 1444 4820 1445
23973 4 2 1 1 1445 4820 4834 4835
23974 4 2 1 1 4834 1444 1445 1459
23975 4 2 1 1 4835 4834 1445 1459
23976 4 2 1 1 4835 1445 1460 1459
23977 4 2 1 1 1445 4820 4835 4821
23978 4 2 1 1 4835 1445 4821 1446
23979 4 2 1 1 1446 4821 4835 4836
23980 4 2 1 1 4835 1445 1446 1460
23981 4 2 1 1 4836 4835 1446 1460
23982 4 2 1 1 4836 1446 1461 1460
23983 4 2 1 1 1446 4821 4836 4822
23984 4 2 1 1 4836 1446 4822 1447
23985 4 2 1 1 1447 4822 4836 4837
23986 4 2 1 1 4836 1446 1447 1461
23987 4 2 1 1 4837 4836 1447 1461
23988 4 2 1 1 4837 1447 1462 1461
23989 4 2 1 1 1447 4822 4837 4823
23990 4 2 1 1 4837 1447 4823 1448
23991 4 2 1 1 1448 4823 4837 4838
23992 4 2 1 1 4837 1447 1448 1462
23993 4 2 1 1 4838 4837 1448 1462
23994 4 2 1 1 4838 1448 1463 1462
23995 4 2 1 1 1448 4823 4838 632
23996 4 2 1 1 4838 1448 632 92
23997 4 2 1 1 92 632 4838 633
23998 4 2 1 1 4838 1448 92 1463
23999 4 2 1 1 633 4838 92 1463
24000 4 2 1 1 633 92 93 1463
24001 4 2 1 1 33 408 409 4824
24002 4 2 1 1 409 33 4824 1449
24003 4 2 1 1 1449 4824 409 4839
24004 4 2 1 1 409 33 1449 34
24005 4 2 1 1 4839 409 1449 34
24006 4 2 1 1 4839 1449 1464 34
24007 4 2 1 1 1449 4824 4839 4825
24008 4 2 1 1 4839 1449 4825 1450
24009 4 2 1 1 1450 4825 4839 4840
24010 4 2 1 1 4839 1449 1450 1464
24011 4 2 1 1 4840 4839 1450 1464
24012 4 2 1 1 4840 1450 1465 1464
24013 4 2 1 1 1450 4825 4840 4826
24014 4 2 1 1 4840 1450 4826 1451
24015 4 2 1 1 1451 4826 4840 4841
24016 4 2 1 1 4840 1450 1451 1465
24017 4 2 1 1 4841 4840 1451 1465
24018 4 2 1 1 4841 1451 1466 1465
24019 4 2 1 1 1451 4826 4841 4827
24020 4 2 1 1 4841 1451 4827 1452
24021 4 2 1 1 1452 4827 4841 4842
24022 4 2 1 1 4841 1451 1452 1466
24023 4 2 1 1 4842 4841 1452 1466
24024 4 2 1 1 4842 1452 1467 1466
24025 4 2 1 1 1452 4827 4842 4828
24026 4 2 1 1 4842 1452 4828 1453
24027 4 2 1 1 1453 4828 4842 4843
24028 4 2 1 1 4842 1452 1453 1467
24029 4 2 1 1 4843 4842 1453 1467
24030 4 2 1 1 4843 1453 1468 1467
24031 4 2 1 1 1453 4828 4843 4829
24032 4 2 1 1 4843 1453 4829 1454
24033 4 2 1 1 1454 4829 4843 4844
24034 4 2 1 1 4843 1453 1454 1468
24035 4 2 1 1 4844 4843 1454 1468
24036 4 2 1 1 4844 1454 1469 1468
24037 4 2 1 1 1454 4829 4844 4830
24038 4 2 1 1 4844 1454 4830 1455
24039 4 2 1 1 1455 4830 4844 4845
24040 4 2 1 1 4844 1454 1455 1469
24041 4 2 1 1 4845 4844 1455 1469
24042 4 2 1 1 4845 1455 1470 1469
24043 4 2 1 1 1455 4830 4845 4831
24044 4 2 1 1 4845 1455 4831 1456
24045 4 2 1 1 1456 4831 4845 4846
24046 4 2 1 1 4845 1455 1456 1470
24047 4 2 1 1 4846 4845 1456 1470
24048 4 2 1 1 4846 1456 1471 1470
24049 4 2 1 1 1456 4831 4846 4832
24050 4 2 1 1 4846 1456 4832 1457
24051 4 2 1 1 1457 4832 4846 4847
24052 4 2 1 1 4846 1456 1457 1471
24053 4 2 1 1 4847 4846 1457 1471
24054 4 2 1 1 4847 1457 1472 1471
24055 4 2 1 1 1457 4832 4847 4833
24056 4 2 1 1 4847 1457 4833 1458
24057 4 2 1 1 1458 4833 4847 4848
24058 4 2 1 1 4847 1457 1458 1472
24059 4 2 1 1 4848 4847 1458 1472
24060 4 2 1 1 4848 1458 1473 1472
24061 4 2 1 1 1458 4833 4848 4834
24062 4 2 1 1 4848 1458 4834 1459
24063 4 2 1 1 1459 4834 4848 4849
24064 4 2 1 1 4848 1458 1459 1473
24065 4 2 1 1 4849 4848 1459 1473
24066 4 2 1 1 4849 1459 1474 1473
24067 4 2 1 1 1459 4834 4849 4835
24068 4 2 1 1 4849 1459 4835 1460
24069 4 2 1 1 1460 4835 4849 4850
24070 4 2 1 1 4849 1459 1460 1474
24071 4 2 1 1 4850 4849 1460 1474
24072 4 2 1 1 4850 1460 1475 1474
24073 4 2 1 1 1460 4835 4850 4836
24074 4 2 1 1 4850 1460 4836 1461
24075 4 2 1 1 1461 4836 4850 4851
24076 4 2 1 1 4850 1460 1461 1475
24077 4 2 1 1 4851 4850 1461 1475
24078 4 2 1 1 4851 1461 1476 1475
24079 4 2 1 1 1461 4836 4851 4837
24080 4 2 1 1 4851 1461 4837 1462
24081 4 2 1 1 1462 4837 4851 4852
24082 4 2 1 1 4851 1461 1462 1476
24083 4 2 1 1 4852 4851 1462 1476
24084 4 2 1 1 4852 1462 1477 1476
24085 4 2 1 1 1462 4837 4852 4838
24086 4 2 1 1 4852 1462 4838 1463
24087 4 2 1 1 1463 4838 4852 4853
24088 4 2 1 1 4852 1462 1463 1477
24089 4 2 1 1 4853 4852 1463 1477
24090 4 2 1 1 4853 1463 1478 1477
24091 4 2 1 1 1463 4838 4853 633
24092 4 2 1 1 4853 1463 633 93
24093 4 2 1 1 93 633 4853 634
24094 4 2 1 1 4853 1463 93 1478
24095 4 2 1 1 634 4853 93 1478
24096 4 2 1 1 634 93 94 1478
24097 4 2 1 1 34 409 410 4839
24098 4 2 1 1 410 34 4839 1464
24099 4 2 1 1 1464 4839 410 4854
24100 4 2 1 1 410 34 1464 35
24101 4 2 1 1 4854 410 1464 35
24102 4 2 1 1 4854 1464 1479 35
24103 4 2 1 1 1464 4839 4854 4840
24104 4 2 1 1 4854 1464 4840 1465
24105 4 2 1 1 1465 4840 4854 4855
24106 4 2 1 1 4854 1464 1465 1479
24107 4 2 1 1 4855 4854 1465 1479
24108 4 2 1 1 4855 1465 1480 1479
24109 4 2 1 1 1465 4840 4855 4841
24110 4 2 1 1 4855 1465 4841 1466
24111 4 2 1 1 1466 4841 4855 4856
24112 4 2 1 1 4855 1465 1466 1480
24113 4 2 1 1 4856 4855 1466 1480
24114 4 2 1 1 4856 1466 1481 1480
24115 4 2 1 1 1466 4841 4856 4842
24116 4 2 1 1 4856 1466 4842 1467
24117 4 2 1 1 1467 4842 4856 4857
24118 4 2 1 1 4856 1466 1467 1481
24119 4 2 1 1 4857 4856 1467 1481
24120 4 2 1 1 4857 1467 1482 1481
24121 4 2 1 1 1467 4842 4857 4843
24122 4 2 1 1 4857 1467 4843 1468
24123 4 2 1 1 1468 4843 4857 4858
24124 4 2 1 1 4857 1467 1468 1482
24125 4 2 1 1 4858 4857 1468 1482
24126 4 2 1 1 4858 1468 1483 1482
24127 4 2 1 1 1468 4843 4858 4844
24128 4 2 1 1 4858 1468 4844 1469
24129 4 2 1 1 1469 4844 4858 4859
24130 4 2 1 1 4858 1468 1469 1483
24131 4 2 1 1 4859 4858 1469 1483
24132 4 2 1 1 4859 1469 1484 1483
24133 4 2 1 1 1469 4844 4859 4845
24134 4 2 1 1 4859 1469 4845 1470
24135 4 2 1 1 1470 4845 4859 4860
24136 4 2 1 1 4859 1469 1470 1484
24137 4 2 1 1 4860 4859 1470 1484
24138 4 2 1 1 4860 1470 1485 1484
24139 4 2 1 1 1470 4845 4860 4846
24140 4 2 1 1 4860 1470 4846 1471
24141 4 2 1 1 1471 4846 4860 4861
24142 4 2 1 1 4860 1470 1471 1485
24143 4 2 1 1 4861 4860 1471 1485
24144 4 2 1 1 4861 1471 1486 1485
24145 4 2 1 1 1471 4846 4861 4847
24146 4 2 1 1 4861 1471 4847 1472
24147 4 2 1 1 1472 4847 4861 4862
24148 4 2 1 1 4861 1471 1472 1486
24149 4 2 1 1 4862 4861 1472 1486
24150 4 2 1 1 4862 1472 1487 1486
24151 4 2 1 1 1472 4847 4862 4848
24152 4 2 1 1 4862 1472 4848 1473
24153 4 2 1 1 1473 4848 4862 4863
24154 4 2 1 1 4862 1472 1473 1487
24155 4 2 1 1 4863 4862 1473 1487
24156 4 2 1 1 4863 1473 1488 1487
24157 4 2 1 1 1473 4848 4863 4849
24158 4 2 1 1 4863 1473 4849 1474
24159 4 2 1 1 1474 4849 4863 4864
24160 4 2 1 1 4863 1473 1474 1488
24161 4 2 1 1 4864 4863 1474 1488
24162 4 2 1 1 4864 1474 1489 1488
24163 4 2 1 1 1474 4849 4864 4850
24164 4 2 1 1 4864 1474 4850 1475
24165 4 2 1 1 1475 4850 4864 4865
24166 4 2 1 1 4864 1474 1475 1489
24167 4 2 1 1 4865 4864 1475 1489
24168 4 2 1 1 4865 1475 1490 1489
24169 4 2 1 1 1475 4850 4865 4851
24170 4 2 1 1 4865 1475 4851 1476
24171 4 2 1 1 1476 4851 4865 4866
24172 4 2 1 1 4865 1475 1476 1490
24173 4 2 1 1 4866 4865 1476 1490
24174 4 2 1 1 4866 1476 1491 1490
24175 4 2 1 1 1476 4851 4866 4852
24176 4 2 1 1 4866 1476 4852 1477
24177 4 2 1 1 1477 4852 4866 4867
24178 4 2 1 1 4866 1476 1477 1491
24179 4 2 1 1 4867 4866 1477 1491
24180 4 2 1 1 4867 1477 1492 1491
24181 4 2 1 1 1477 4852 4867 4853
24182 4 2 1 1 4867 1477 4853 1478
24183 4 2 1 1 1478 4853 4867 4868
24184 4 2 1 1 4867 1477 1478 1492
24185 4 2 1 1 4868 4867 1478 1492
24186 4 2 1 1 4868 1478 1493 1492
24187 4 2 1 1 1478 4853 4868 634
24188 4 2 1 1 4868 1478 634 94
24189 4 2 1 1 94 634 4868 635
24190 4 2 1 1 4868 1478 94 1493
24191 4 2 1 1 635 4868 94 1493
24192 4 2 1 1 635 94 95 1493
24193 4 2 1 1 35 410 411 4854
24194 4 2 1 1 411 35 4854 1479
24195 4 2 1 1 1479 4854 411 4869
24196 4 2 1 1 411 35 1479 36
24197 4 2 1 1 4869 411 1479 36
24198 4 2 1 1 4869 1479 1494 36
24199 4 2 1 1 1479 4854 4869 4855
24200 4 2 1 1 4869 1479 4855 1480
24201 4 2 1 1 1480 4855 4869 4870
24202 4 2 1 1 4869 1479 1480 1494
24203 4 2 1 1 4870 4869 1480 1494
24204 4 2 1 1 4870 1480 1495 1494
24205 4 2 1 1 1480 4855 4870 4856
24206 4 2 1 1 4870 1480 4856 1481
24207 4 2 1 1 1481 4856 4870 4871
24208 4 2 1 1 4870 1480 1481 1495
24209 4 2 1 1 4871 4870 1481 1495
24210 4 2 1 1 4871 1481 1496 1495
24211 4 2 1 1 1481 4856 4871 4857
24212 4 2 1 1 4871 1481 4857 1482
24213 4 2 1 1 1482 4857 4871 4872
24214 4 2 1 1 4871 1481 1482 1496
24215 4 2 1 1 4872 4871 1482 1496
24216 4 2 1 1 4872 1482 1497 1496
24217 4 2 1 1 1482 4857 4872 4858
24218 4 2 1 1 4872 1482 4858 1483
24219 4 2 1 1 1483 4858 4872 4873
24220 4 2 1 1 4872 1482 1483 1497
24221 4 2 1 1 4873 4872 1483 1497
24222 4 2 1 1 4873 1483 1498 1497
24223 4 2 1 1 1483 4858 4873 4859
24224 4 2 1 1 4873 1483 4859 1484
24225 4 2 1 1 1484 4859 4873 4874
24226 4 2 1 1 4873 1483 1484 1498
24227 4 2 1 1 4874 4873 1484 1498
24228 4 2 1 1 4874 1484 1499 1498
24229 4 2 1 1 1484 4859 4874 4860
24230 4 2 1 1 4874 1484 4860 1485
24231 4 2 1 1 1485 4860 4874 4875
24232 4 2 1 1 4874 1484 1485 1499
24233 4 2 1 1 4875 4874 1485 1499
24234 4 2 1 1 4875 1485 1500 1499
24235 4 2 1 1 1485 4860 4875 4861
24236 4 2 1 1 4875 1485 4861 1486
24237 4 2 1 1 1486 4861 4875 4876
24238 4 2 1 1 4875 1485 1486 1500
24239 4 2 1 1 4876 4875 1486 1500
24240 4 2 1 1 4876 1486 1501 1500
24241 4 2 1 1 1486 4861 4876 4862
24242 4 2 1 1 4876 1486 4862 1487
24243 4 2 1 1 1487 4862 4876 4877
24244 4 2 1 1 4876 1486 1487 1501
24245 4 2 1 1 4877 4876 1487 1501
24246 4 2 1 1 4877 1487 1502 1501
24247 4 2 1 1 1487 4862 4877 4863
24248 4 2 1 1 4877 1487 4863 1488
24249 4 2 1 1 1488 4863 4877 4878
24250 4 2 1 1 4877 1487 1488 1502
24251 4 2 1 1 4878 4877 1488 1502
24252 4 2 1 1 4878 1488 1503 1502
24253 4 2 1 1 1488 4863 4878 4864
24254 4 2 1 1 4878 1488 4864 1489
24255 4 2 1 1 1489 4864 4878 4879
24256 4 2 1 1 4878 1488 1489 1503
24257 4 2 1 1 4879 4878 1489 1503
24258 4 2 1 1 4879 1489 1504 1503
24259 4 2 1 1 1489 4864 4879 4865
24260 4 2 1 1 4879 1489 4865 1490
24261 4 2 1 1 1490 4865 4879 4880
24262 4 2 1 1 4879 1489 1490 1504
24263 4 2 1 1 4880 4879 1490 1504
24264 4 2 1 1 4880 1490 1505 1504
24265 4 2 1 1 1490 4865 4880 4866
24266 4 2 1 1 4880 1490 4866 1491
24267 4 2 1 1 1491 4866 4880 4881
24268 4 2 1 1 4880 1490 1491 1505
24269 4 2 1 1 4881 4880 1491 1505
24270 4 2 1 1 4881 1491 1506 1505
24271 4 2 1 1 1491 4866 4881 4867
24272 4 2 1 1 4881 1491 4867 1492
24273 4 2 1 1 1492 4867 4881 4882
24274 4 2 1 1 4881 1491 1492 1506
24275 4 2 1 1 4882 4881 1492 1506
24276 4 2 1 1 4882 1492 1507 1506
24277 4 2 1 1 1492 4867 4882 4868
24278 4 2 1 1 4882 1492 4868 1493
24279 4 2 1 1 1493 4868 4882 4883
24280 4 2 1 1 4882 1492 1493 1507
24281 4 2 1 1 4883 4882 1493 1507
24282 4 2 1 1 4883 1493 1508 1507
24283 4 2 1 1 1493 4868 4883 635
24284 4 2 1 1 4883 1493 635 95
24285 4 2 1 1 95 635 4883 636
24286 4 2 1 1 4883 1493 95 1508
24287 4 2 1 1 636 4883 95 1508
24288 4 2 1 1 636 95 96 1508
24289 4 2 1 1 36 411 412 4869
24290 4 2 1 1 412 36 4869 1494
24291 4 2 1 1 1494 4869 412 4884
24292 4 2 1 1 412 36 1494 37
24293 4 2 1 1 4884 412 1494 37
24294 4 2 1 1 4884 1494 1509 37
24295 4 2 1 1 1494 4869 4884 4870
24296 4 2 1 1 4884 1494 4870 1495
24297 4 2 1 1 1495 4870 4884 4885
24298 4 2 1 1 4884 1494 1495 1509
24299 4 2 1 1 4885 4884 1495 1509
24300 4 2 1 1 4885 1495 1510 1509
24301 4 2 1 1 1495 4870 4885 4871
24302 4 2 1 1 4885 1495 4871 1496
24303 4 2 1 1 1496 4871 4885 4886
24304 4 2 1 1 4885 1495 1496 1510
24305 4 2 1 1 4886 4885 1496 1510
24306 4 2 1 1 4886 1496 1511 1510
24307 4 2 1 1 1496 4871 4886 4872
24308 4 2 1 1 4886 1496 4872 1497
24309 4 2 1 1 1497 4872 4886 4887
24310 4 2 1 1 4886 1496 1497 1511
24311 4 2 1 1 4887 4886 1497 1511
24312 4 2 1 1 4887 1497 1512 1511
24313 4 2 1 1 1497 4872 4887 4873
24314 4 2 1 1 4887 1497 4873 1498
24315 4 2 1 1 1498 4873 4887 4888
24316 4 2 1 1 4887 1497 1498 1512
24317 4 2 1 1 4888 4887 1498 1512
24318 4 2 1 1 4888 1498 1513 1512
24319 4 2 1 1 1498 4873 4888 4874
24320 4 2 1 1 4888 1498 4874 1499
24321 4 2 1 1 1499 4874 4888 4889
24322 4 2 1 1 4888 1498 1499 1513
24323 4 2 1 1 4889 4888 1499 1513
24324 4 2 1 1 4889 1499 1514 1513
24325 4 2 1 1 1499 4874 4889 4875
24326 4 2 1 1 4889 1499 4875 1500
24327 4 2 1 1 1500 4875 4889 4890
24328 4 2 1 1 4889 1499 1500 1514
24329 4 2 1 1 4890 4889 1500 1514
24330 4 2 1 1 4890 1500 1515 1514
24331 4 2 1 1 1500 4875 4890 4876
24332 4 2 1 1 4890 1500 4876 1501
24333 4 2 1 1 1501 4876 4890 4891
24334 4 2 1 1 4890 1500 1501 1515
24335 4 2 1 1 4891 4890 1501 1515
24336 4 2 1 1 4891 1501 1516 1515
24337 4 2 1 1 1501 4876 4891 4877
24338 4 2 1 1 4891 1501 4877 1502
24339 4 2 1 1 1502 4877 4891 4892
24340 4 2 1 1 4891 1501 1502 1516
24341 4 2 1 1 4892 4891 1502 1516
24342 4 2 1 1 4892 1502 1517 1516
24343 4 2 1 1 1502 4877 4892 4878
24344 4 2 1 1 4892 1502 4878 1503
24345 4 2 1 1 1503 4878 4892 4893
24346 4 2 1 1 4892 1502 1503 1517
24347 4 2 1 1 4893 4892 1503 1517
24348 4 2 1 1 4893 1503 1518 1517
24349 4 2 1 1 1503 4878 4893 4879
24350 4 2 1 1 4893 1503 4879 1504
24351 4 2 1 1 1504 4879 4893 4894
24352 4 2 1 1 4893 1503 1504 1518
24353 4 2 1 1 4894 4893 1504 1518
24354 4 2 1 1 4894 1504 1519 1518
24355 4 2 1 1 1504 4879 4894 4880
24356 4 2 1 1 4894 1504 4880 1505
24357 4 2 1 1 1505 4880 4894 4895
24358 4 2 1 1 4894 1504 1505 1519
24359 4 2 1 1 4895 4894 1505 1519
24360 4 2 1 1 4895 1505 1520 1519
24361 4 2 1 1 1505 4880 4895 4881
24362 4 2 1 1 4895 1505 4881 1506
24363 4 2 1 1 1506 4881 4895 4896
24364 4 2 1 1 4895 1505 1506 1520
24365 4 2 1 1 4896 4895 1506 1520
24366 4 2 1 1 4896 1506 1521 1520
24367 4 2 1 1 1506 4881 4896 4882
24368 4 2 1 1 4896 1506 4882 1507
24369 4 2 1 1 1507 4882 4896 4897
24370 4 2 1 1 4896 1506 1507 1521
24371 4 2 1 1 4897 4896 1507 1521
24372 4 2 1 1 4897 1507 1522 1521
24373 4 2 1 1 1507 4882 4897 4883
24374 4 2 1 1 4897 1507 4883 1508
24375 4 2 1 1 1508 4883 4897 4898
24376 4 2 1 1 4897 1507 1508 1522
24377 4 2 1 1 4898 4897 1508 1522
24378 4 2 1 1 4898 1508 1523 1522
24379 4 2 1 1 1508 4883 4898 636
24380 4 2 1 1 4898 1508 636 96
24381 4 2 1 1 96 636 4898 637
24382 4 2 1 1 4898 1508 96 1523
24383 4 2 1 1 637 4898 96 1523
24384 4 2 1 1 637 96 97 1523
24385 4 2 1 1 37 412 413 4884
24386 4 2 1 1 413 37 4884 1509
24387 4 2 1 1 1509 4884 413 4899
24388 4 2 1 1 413 37 1509 38
24389 4 2 1 1 4899 413 1509 38
24390 4 2 1 1 4899 1509 1524 38
24391 4 2 1 1 1509 4884 4899 4885
24392 4 2 1 1 4899 1509 4885 1510
24393 4 2 1 1 1510 4885 4899 4900
24394 4 2 1 1 4899 1509 1510 1524
24395 4 2 1 1 4900 4899 1510 1524
24396 4 2 1 1 4900 1510 1525 1524
24397 4 2 1 1 1510 4885 4900 4886
24398 4 2 1 1 4900 1510 4886 1511
24399 4 2 1 1 1511 4886 4900 4901
24400 4 2 1 1 4900 1510 1511 1525
24401 4 2 1 1 4901 4900 1511 1525
24402 4 2 1 1 4901 1511 1526 1525
24403 4 2 1 1 1511 4886 4901 4887
24404 4 2 1 1 4901 1511 4887 1512
24405 4 2 1 1 1512 4887 4901 4902
24406 4 2 1 1 4901 1511 1512 1526
24407 4 2 1 1 4902 4901 1512 1526
24408 4 2 1 1 4902 1512 1527 1526
24409 4 2 1 1 1512 4887 4902 4888
24410 4 2 1 1 4902 1512 4888 1513
24411 4 2 1 1 1513 4888 4902 4903
24412 4 2 1 1 4902 1512 1513 1527
24413 4 2 1 1 4903 4902 1513 1527
24414 4 2 1 1 4903 1513 1528 1527
24415 4 2 1 1 1513 4888 4903 4889
24416 4 2 1 1 4903 1513 4889 1514
24417 4 2 1 1 1514 4889 4903 4904
24418 4 2 1 1 4903 1513 1514 1528
24419 4 2 1 1 4904 4903 1514 1528
24420 4 2 1 1 4904 1514 1529 1528
24421 4 2 1 1 1514 4889 4904 4890
24422 4 2 1 1 4904 1514 4890 1515
24423 4 2 1 1 1515 4890 4904 4905
24424 4 2 1 1 4904 1514 1515 1529
24425 4 2 1 1 4905 4904 1515 1529
24426 4 2 1 1 4905 1515 1530 1529
24427 4 2 1 1 1515 4890 4905 4891
24428 4 2 1 1 4905 1515 4891 1516
24429 4 2 1 1 1516 4891 4905 4906
24430 4 2 1 1 4905 1515 1516 1530
24431 4 2 1 1 4906 4905 1516 1530
24432 4 2 1 1 4906 1516 1531 1530
24433 4 2 1 1 1516 4891 4906 4892
24434 4 2 1 1 4906 1516 4892 1517
24435 4 2 1 1 1517 4892 4906 4907
24436 4 2 1 1 4906 1516 1517 1531
24437 4 2 1 1 4907 4906 1517 1531
24438 4 2 1 1 4907 1517 1532 1531
24439 4 2 1 1 1517 4892 4907 4893
24440 4 2 1 1 4907 1517 4893 1518
24441 4 2 1 1 1518 4893 4907 4908
24442 4 2 1 1 4907 1517 1518 1532
24443 4 2 1 1 4908 4907 1518 1532
24444 4 2 1 1 4908 1518 1533 1532
24445 4 2 1 1 1518 4893 4908 4894
24446 4 2 1 1 4908 1518 4894 1519
24447 4 2 1 1 1519 4894 4908 4909
24448 4 2 1 1 4908 1518 1519 1533
24449 4 2 1 1 4909 4908 1519 1533
24450 4 2 1 1 4909 1519 1534 1533
24451 4 2 1 1 1519 4894 4909 4895
24452 4 2 1 1 4909 1519 4895 1520
24453 4 2 1 1 1520 4895 4909 4910
24454 4 2 1 1 4909 1519 1520 1534
24455 4 2 1 1 4910 4909 1520 1534
24456 4 2 1 1 4910 1520 1535 1534
24457 4 2 1 1 1520 4895 4910 4896
24458 4 2 1 1 4910 1520 4896 1521
24459 4 2 1 1 1521 4896 4910 4911
24460 4 2 1 1 4910 1520 1521 1535
24461 4 2 1 1 4911 4910 1521 1535
24462 4 2 1 1 4911 1521 1536 1535
24463 4 2 1 1 1521 4896 4911 4897
24464 4 2 1 1 4911 1521 4897 1522
24465 4 2 1 1 1522 4897 4911 4912
24466 4 2 1 1 4911 1521 1522 1536
24467 4 2 1 1 4912 4911 1522 1536
24468 4 2 1 1 4912 1522 1537 1536
24469 4 2 1 1 1522 4897 4912 4898
24470 4 2 1 1 4912 1522 4898 1523
24471 4 2 1 1 1523 4898 4912 4913
24472 4 2 1 1 4912 1522 1523 1537
24473 4 2 1 1 4913 4912 1523 1537
24474 4 2 1 1 4913 1523 1538 1537
24475 4 2 1 1 1523 4898 4913 637
24476 4 2 1 1 4913 1523 637 97
24477 4 2 1 1 97 637 4913 638
24478 4 2 1 1 4913 1523 97 1538
24479 4 2 1 1 638 4913 97 1538
24480 4 2 1 1 638 97 98 1538
24481 4 2 1 1 38 413 53 4899
24482 4 2 1 1 53 38 4899 1524
24483 4 2 1 1 1524 4899 53 878
24484 4 2 1 1 53 38 1524 3
24485 4 2 1 1 878 53 1524 3
24486 4 2 1 1 878 1524 174 3
24487 4 2 1 1 1524 4899 878 4900
24488 4 2 1 1 878 1524 4900 1525
24489 4 2 1 1 1525 4900 878 893
24490 4 2 1 1 878 1524 1525 174
24491 4 2 1 1 893 878 1525 174
24492 4 2 1 1 893 1525 175 174
24493 4 2 1 1 1525 4900 893 4901
24494 4 2 1 1 893 1525 4901 1526
24495 4 2 1 1 1526 4901 893 908
24496 4 2 1 1 893 1525 1526 175
24497 4 2 1 1 908 893 1526 175
24498 4 2 1 1 908 1526 176 175
24499 4 2 1 1 1526 4901 908 4902
24500 4 2 1 1 908 1526 4902 1527
24501 4 2 1 1 1527 4902 908 923
24502 4 2 1 1 908 1526 1527 176
24503 4 2 1 1 923 908 1527 176
24504 4 2 1 1 923 1527 177 176
24505 4 2 1 1 1527 4902 923 4903
24506 4 2 1 1 923 1527 4903 1528
24507 4 2 1 1 1528 4903 923 938
24508 4 2 1 1 923 1527 1528 177
24509 4 2 1 1 938 923 1528 177
24510 4 2 1 1 938 1528 178 177
24511 4 2 1 1 1528 4903 938 4904
24512 4 2 1 1 938 1528 4904 1529
24513 4 2 1 1 1529 4904 938 953
24514 4 2 1 1 938 1528 1529 178
24515 4 2 1 1 953 938 1529 178
24516 4 2 1 1 953 1529 179 178
24517 4 2 1 1 1529 4904 953 4905
24518 4 2 1 1 953 1529 4905 1530
24519 4 2 1 1 1530 4905 953 968
24520 4 2 1 1 953 1529 1530 179
24521 4 2 1 1 968 953 1530 179
24522 4 2 1 1 968 1530 180 179
24523 4 2 1 1 1530 4905 968 4906
24524 4 2 1 1 968 1530 4906 1531
24525 4 2 1 1 1531 4906 968 983
24526 4 2 1 1 968 1530 1531 180
24527 4 2 1 1 983 968 1531 180
24528 4 2 1 1 983 1531 181 180
24529 4 2 1 1 1531 4906 983 4907
24530 4 2 1 1 983 1531 4907 1532
24531 4 2 1 1 1532 4907 983 998
24532 4 2 1 1 983 1531 1532 181
24533 4 2 1 1 998 983 1532 181
24534 4 2 1 1 998 1532 182 181
24535 4 2 1 1 1532 4907 998 4908
24536 4 2 1 1 998 1532 4908 1533
24537 4 2 1 1 1533 4908 998 1013
24538 4 2 1 1 998 1532 1533 182
24539 4 2 1 1 1013 998 1533 182
24540 4 2 1 1 1013 1533 183 182
24541 4 2 1 1 1533 4908 1013 4909
24542 4 2 1 1 1013 1533 4909 1534
24543 4 2 1 1 1534 4909 1013 1028
24544 4 2 1 1 1013 1533 1534 183
24545 4 2 1 1 1028 1013 1534 183
24546 4 2 1 1 1028 1534 184 183
24547 4 2 1 1 1534 4909 1028 4910
24548 4 2 1 1 1028 1534 4910 1535
24549 4 2 1 1 1535 4910 1028 1043
24550 4 2 1 1 1028 1534 1535 184
24551 4 2 1 1 1043 1028 1535 184
24552 4 2 1 1 1043 1535 185 184
24553 4 2 1 1 1535 4910 1043 4911
24554 4 2 1 1 1043 1535 4911 1536
24555 4 2 1 1 1536 4911 1043 1058
24556 4 2 1 1 1043 1535 1536 185
24557 4 2 1 1 1058 1043 1536 185
24558 4 2 1 1 1058 1536 186 185
24559 4 2 1 1 1536 4911 1058 4912
24560 4 2 1 1 1058 1536 4912 1537
24561 4 2 1 1 1537 4912 1058 1073
24562 4 2 1 1 1058 1536 1537 186
24563 4 2 1 1 1073 1058 1537 186
24564 4 2 1 1 1073 1537 187 186
24565 4 2 1 1 1537 4912 1073 4913
24566 4 2 1 1 1073 1537 4913 1538
24567 4 2 1 1 1538 4913 1073 1088
24568 4 2 1 1 1073 1537 1538 187
24569 4 2 1 1 1088 1073 1538 187
24570 4 2 1 1 1088 1538 188 187
24571 4 2 1 1 1538 4913 1088 638
24572 4 2 1 1 1088 1538 638 98
24573 4 2 1 1 98 638 1088 113
24574 4 2 1 1 1088 1538 98 188
24575 4 2 1 1 113 1088 98 188
24576 4 2 1 1 113 98 7 188
$EndElements
